{
  "packets":{
    "actorList":["0-889","0-890","0-867","0-907","0-863","0-891"],
    "ai":[],
    "cellChangeFrom":[],
    "cellChangeTo":[],
    "container":["430336-0","430337-0","430338-0","430339-0","430340-0","430362-0","430366-0","430367-0","430375-0","430388-0","430393-0","430399-0","430401-0","430421-0","430423-0","430424-0","430432-0","430435-0","0-889","0-890","0-867","0-907","0-863","0-891"],
    "death":["0-889","0-890","0-867"],
    "delete":[],
    "doorState":[],
    "equipment":[],
    "lock":[],
    "place":[],
    "position":["0-889","0-890","0-867","0-907","0-863","0-891"],
    "scale":[],
    "spawn":["0-889","0-890","0-867","0-907","0-863","0-891"],
    "state":[],
    "statsDynamic":["0-889","0-890","0-867","0-907","0-863","0-891"],
    "trap":[],
    "clientScriptLocal":[],
    "spellsActive":[],
    "miscellaneous":[]
  },
  "entry":{
    "description":"-1, 24",
    "creationTime":1717184873
  },
  "lastVisit":{
    "Fidgug":1717186832,
    "Benoit":1717186855
  },
  "recordLinks":[],
  "objectData":{
    "0-889":{
      "refId":"slaughterfish_small",
      "location":{
        "posX":-7775.0942382813,
        "posY":199717.84375,
        "posZ":-119.37773895264,
        "rotX":0.46498927474022,
        "rotZ":-1.2306296825409,
        "rotY":0
      },
      "stats":{
        "magickaCurrent":10,
        "fatigueBase":300,
        "fatigueCurrent":295.6047668457,
        "fatigueModified":300,
        "magickaBase":10,
        "healthModified":15,
        "healthBase":15,
        "healthCurrent":0,
        "magickaModified":10
      },
      "inventory":[{
          "refId":"ingred_scales_01",
          "count":1,
          "charge":-1,
          "enchantmentCharge":-1,
          "soul":""
        }],
      "killer":{
        "playerName":"Fidgug"
      },
      "deathState":38
    },
    "0-890":{
      "refId":"slaughterfish_small",
      "location":{
        "posX":-5267.3896484375,
        "posY":198350.953125,
        "posZ":-124.20393371582,
        "rotX":0.36034995317459,
        "rotZ":2.3153645992279,
        "rotY":0
      },
      "stats":{
        "magickaCurrent":10,
        "fatigueBase":300,
        "fatigueCurrent":294.74871826172,
        "fatigueModified":300,
        "magickaBase":10,
        "healthModified":15,
        "healthBase":15,
        "healthCurrent":0,
        "magickaModified":10
      },
      "inventory":[],
      "killer":{
        "playerName":"Fidgug"
      },
      "deathState":38
    },
    "0-867":{
      "refId":"slaughterfish",
      "location":{
        "posX":-2108.4216308594,
        "posY":197078.359375,
        "posZ":-129.72392272949,
        "rotX":-0.28404167294502,
        "rotZ":-0.016257047653198,
        "rotY":0
      },
      "stats":{
        "magickaCurrent":10,
        "fatigueBase":400,
        "fatigueCurrent":394.42333984375,
        "fatigueModified":400,
        "magickaBase":10,
        "healthModified":23,
        "healthBase":23,
        "healthCurrent":0,
        "magickaModified":10
      },
      "inventory":[],
      "killer":{
        "playerName":"Fidgug"
      },
      "deathState":38
    },
    "0-907":{
      "refId":"slaughterfish",
      "location":{
        "posX":-3847.7788085938,
        "posY":204683.90625,
        "posZ":-37.351703643799,
        "rotX":-0.32708832621574,
        "rotZ":-0.92714810371399,
        "rotY":0
      },
      "stats":{
        "magickaCurrent":10,
        "fatigueBase":400,
        "fatigueCurrent":400,
        "fatigueModified":400,
        "magickaBase":10,
        "healthModified":23,
        "healthBase":23,
        "healthCurrent":23,
        "magickaModified":10
      },
      "inventory":[]
    },
    "0-863":{
      "refId":"slaughterfish",
      "location":{
        "posX":-10.321310997009,
        "posY":198177.015625,
        "posZ":-412.17749023438,
        "rotX":0.056039024144411,
        "rotZ":-1.9216506481171,
        "rotY":0
      },
      "stats":{
        "magickaCurrent":10,
        "fatigueBase":400,
        "fatigueCurrent":338.29943847656,
        "fatigueModified":400,
        "magickaBase":10,
        "healthModified":23,
        "healthBase":23,
        "healthCurrent":23,
        "magickaModified":10
      },
      "inventory":[]
    },
    "0-891":{
      "refId":"slaughterfish",
      "location":{
        "posX":-34.554584503174,
        "posY":200531.953125,
        "posZ":-1192.3259277344,
        "rotX":0.16011625528336,
        "rotZ":-1.4103801250458,
        "rotY":0
      },
      "stats":{
        "magickaCurrent":10,
        "fatigueBase":400,
        "fatigueCurrent":310.31872558594,
        "fatigueModified":400,
        "magickaBase":10,
        "healthModified":23,
        "healthBase":23,
        "healthCurrent":23,
        "magickaModified":10
      },
      "inventory":[{
          "refId":"ingred_scales_01",
          "count":2,
          "charge":-1,
          "enchantmentCharge":-1,
          "soul":""
        }]
    },
    "430336-0":{
      "refId":"kollop_01_pearl",
      "inventory":[{
          "refId":"ingred_pearl_01",
          "count":1,
          "charge":-1,
          "enchantmentCharge":-1,
          "soul":""
        }]
    },
    "430337-0":{
      "refId":"kollop_03_pearl",
      "inventory":[]
    },
    "430338-0":{
      "refId":"kollop_03_pearl",
      "inventory":[]
    },
    "430339-0":{
      "refId":"kollop_02_pearl",
      "inventory":[]
    },
    "430340-0":{
      "refId":"kollop_02_pearl",
      "inventory":[{
          "refId":"ingred_pearl_01",
          "count":1,
          "charge":-1,
          "enchantmentCharge":-1,
          "soul":""
        }]
    },
    "430362-0":{
      "refId":"kollop_01_pearl",
      "inventory":[{
          "refId":"ingred_pearl_01",
          "count":1,
          "charge":-1,
          "enchantmentCharge":-1,
          "soul":""
        }]
    },
    "430366-0":{
      "refId":"kollop_03_pearl",
      "inventory":[{
          "refId":"ingred_pearl_01",
          "count":1,
          "charge":-1,
          "enchantmentCharge":-1,
          "soul":""
        }]
    },
    "430367-0":{
      "refId":"kollop_02_pearl",
      "inventory":[{
          "refId":"ingred_pearl_01",
          "count":1,
          "charge":-1,
          "enchantmentCharge":-1,
          "soul":""
        }]
    },
    "430375-0":{
      "refId":"kollop_03_pearl",
      "inventory":[{
          "refId":"ingred_pearl_01",
          "count":1,
          "charge":-1,
          "enchantmentCharge":-1,
          "soul":""
        }]
    },
    "430388-0":{
      "refId":"kollop_01_pearl",
      "inventory":[{
          "refId":"ingred_pearl_01",
          "count":1,
          "charge":-1,
          "enchantmentCharge":-1,
          "soul":""
        }]
    },
    "430393-0":{
      "refId":"kollop_03_pearl",
      "inventory":[]
    },
    "430399-0":{
      "refId":"kollop_02_pearl",
      "inventory":[{
          "refId":"ingred_pearl_01",
          "count":1,
          "charge":-1,
          "enchantmentCharge":-1,
          "soul":""
        }]
    },
    "430401-0":{
      "refId":"kollop_01_pearl",
      "inventory":[]
    },
    "430421-0":{
      "refId":"kollop_03_pearl",
      "inventory":[{
          "refId":"ingred_pearl_01",
          "count":1,
          "charge":-1,
          "enchantmentCharge":-1,
          "soul":""
        }]
    },
    "430423-0":{
      "refId":"kollop_02_pearl",
      "inventory":[]
    },
    "430424-0":{
      "refId":"kollop_01_pearl",
      "inventory":[{
          "refId":"ingred_pearl_01",
          "count":1,
          "charge":-1,
          "enchantmentCharge":-1,
          "soul":""
        }]
    },
    "430432-0":{
      "refId":"kollop_02_pearl",
      "inventory":[]
    },
    "430435-0":{
      "refId":"kollop_01_pearl",
      "inventory":[{
          "refId":"ingred_pearl_01",
          "count":1,
          "charge":-1,
          "enchantmentCharge":-1,