{
  "packets":{
    "actorList":["0-860","0-861","0-862","389523-0","414717-0","389522-0","0-870","355249-0"],
    "ai":[],
    "cellChangeFrom":["355249-0"],
    "cellChangeTo":[],
    "container":["430481-0","430482-0","430483-0","430484-0","430485-0","430527-0","430528-0","430529-0","430530-0","430531-0","430535-0","430548-0","389522-0","389523-0","414717-0","0-860","0-861","0-862","0-870","355249-0"],
    "death":["389523-0","389522-0","0-861","414717-0","0-862","0-860","0-870","355249-0"],
    "delete":[],
    "doorState":[],
    "equipment":[],
    "lock":[],
    "place":[],
    "position":["389522-0","389523-0","414717-0","0-860","0-861","0-862","0-870","355249-0"],
    "scale":[],
    "spawn":["0-860","0-861","0-862","0-870"],
    "state":[],
    "statsDynamic":["389522-0","389523-0","414717-0","0-860","0-861","0-862","0-870","355249-0"],
    "trap":[],
    "clientScriptLocal":[],
    "spellsActive":[],
    "miscellaneous":[]
  },
  "entry":{
    "description":"-1, 23",
    "creationTime":1717184095
  },
  "lastVisit":{
    "Fidgug":1717187435,
    "Benoit":1717187144
  },
  "recordLinks":[],
  "objectData":{
    "414717-0":{
      "refId":"dreugh",
      "location":{
        "posX":-5499.4047851563,
        "posY":190951.78125,
        "posZ":-143.25093078613,
        "rotX":-0.24035957455635,
        "rotZ":2.6174919605255,
        "rotY":0
      },
      "stats":{
        "magickaCurrent":75,
        "fatigueBase":400,
        "fatigueCurrent":400,
        "fatigueModified":400,
        "magickaBase":75,
        "healthModified":60,
        "healthBase":60,
        "healthCurrent":0,
        "magickaModified":75
      },
      "inventory":[],
      "deathState":38,
      "killer":{
        "playerName":"Fidgug"
      }
    },
    "389522-0":{
      "refId":"slaughterfish",
      "location":{
        "posX":-5531.515625,
        "posY":190981.5625,
        "posZ":-197.75048828125,
        "rotX":-0.68332874774933,
        "rotZ":2.6258022785187,
        "rotY":0
      },
      "stats":{
        "magickaCurrent":10,
        "fatigueBase":400,
        "fatigueCurrent":391.02029418945,
        "fatigueModified":400,
        "magickaBase":10,
        "healthModified":23,
        "healthBase":23,
        "healthCurrent":0,
        "magickaModified":10
      },
      "inventory":[{
          "refId":"ingred_scales_01",
          "count":2,
          "charge":-1,
          "enchantmentCharge":-1,
          "soul":""
        }],
      "deathState":38,
      "killer":{
        "playerName":"Fidgug"
      }
    },
    "0-870":{
      "refId":"slaughterfish_small",
      "location":{
        "posX":-6166.7509765625,
        "posY":191948.65625,
        "posZ":-215.19860839844,
        "rotX":0.33213824033737,
        "rotZ":2.4743940830231,
        "rotY":0
      },
      "stats":{
        "magickaCurrent":10,
        "fatigueBase":300,
        "fatigueCurrent":300,
        "fatigueModified":300,
        "magickaBase":10,
        "healthModified":15,
        "healthBase":15,
        "healthCurrent":0,
        "magickaModified":10
      },
      "inventory":[{
          "refId":"ingred_scales_01",
          "count":1,
          "charge":-1,
          "enchantmentCharge":-1,
          "soul":""
        }],
      "deathState":38,
      "killer":{
        "playerName":"Fidgug"
      }
    },
    "355249-0":{
      "refId":"slaughterfish",
      "location":{
        "posX":-8087.5893554688,
        "posY":195167.78125,
        "posZ":-132.0168762207,
        "rotX":-0.2731938958168,
        "rotZ":0.797696352005,
        "rotY":0
      },
      "stats":{
        "magickaCurrent":10,
        "fatigueBase":400,
        "fatigueCurrent":395.49429321289,
        "fatigueModified":400,
        "magickaBase":10,
        "healthModified":23,
        "healthBase":23,
        "healthCurrent":0,
        "magickaModified":10
      },
      "cellChangeFrom":"-2, 23",
      "inventory":[{
          "refId":"ingred_scales_01",
          "count":2,
          "charge":-1,
          "enchantmentCharge":-1,
          "soul":""
        }],
      "killer":{
        "playerName":"Fidgug"
      },
      "deathState":38
    },
    "430481-0":{
      "refId":"kollop_01_pearl",
      "inventory":[]
    },
    "430482-0":{
      "refId":"kollop_03_pearl",
      "inventory":[{
          "refId":"ingred_pearl_01",
          "count":1,
          "charge":-1,
          "enchantmentCharge":-1,
          "soul":""
        }]
    },
    "430483-0":{
      "refId":"kollop_03_pearl",
      "inventory":[{
          "refId":"ingred_pearl_01",
          "count":1,
          "charge":-1,
          "enchantmentCharge":-1,
          "soul":""
        }]
    },
    "430484-0":{
      "refId":"kollop_02_pearl",
      "inventory":[]
    },
    "430485-0":{
      "refId":"kollop_02_pearl",
      "inventory":[]
    },
    "430527-0":{
      "refId":"kollop_01_pearl",
      "inventory":[]
    },
    "430528-0":{
      "refId":"kollop_03_pearl",
      "inventory":[]
    },
    "430529-0":{
      "refId":"kollop_03_pearl",
      "inventory":[]
    },
    "430530-0":{
      "refId":"kollop_02_pearl",
      "inventory":[{
          "refId":"ingred_pearl_01",
          "count":1,
          "charge":-1,
          "enchantmentCharge":-1,
          "soul":""
        }]
    },
    "430531-0":{
      "refId":"kollop_02_pearl",
      "inventory":[]
    },
    "430535-0":{
      "refId":"kollop_03_pearl",
      "inventory":[]
    },
    "430548-0":{
      "refId":"kollop_01_pearl",
      "inventory":[{
          "refId":"ingred_pearl_01",
          "count":1,
          "charge":-1,
          "enchantmentCharge":-1,
          "soul":""
        }]
    },
    "0-860":{
      "refId":"slaughterfish_small",
      "location":{
        "posX":-5372.0317382813,
        "posY":191045.3125,
        "posZ":-163.61253356934,
        "rotX":-0.013444155454636,
        "rotZ":-1.162460565567,
        "rotY":0
      },
      "stats":{
        "magickaCurrent":10,
        "fatigueBase":300,
        "fatigueCurrent":300,
        "fatigueModified":300,
        "magickaBase":10,
        "healthModified":15,
        "healthBase":15,
        "healthCurrent":0,
        "magickaModified":10
      },
      "inventory":[{
          "refId":"ingred_scales_01",
          "count":1,
          "charge":-1,
          "enchantmentCharge":-1,
          "soul":""
        }],
      "deathState":38,
      "killer":{
        "playerName":"Fidgug"
      }
    },
    "0-861":{
      "refId":"slaughterfish",
      "location":{
        "posX":-5543.9521484375,
        "posY":190775.109375,
        "posZ":-242.1875,
        "rotX":-0.91259014606476,
        "rotZ":0.72434425354004,
        "rotY":0
      },
      "stats":{
        "magickaCurrent":10,
        "fatigueBase":400,
        "fatigueCurrent":400,
        "fatigueModified":400,
        "magickaBase":10,
        "healthModified":23,
        "healthBase":23,
        "healthCurrent":0,
        "magickaModified":10
      },
      "inventory":[],
      "deathState":38,
      "killer":{
        "playerName":"Fidgug"
      }
    },
    "0-862":{
      "refId":"slaughterfish_small",
      "location":{
        "posX":-5436.05859375,
        "posY":190982.328125,
        "posZ":-127.69683837891,
        "rotX":0.12572374939919,
        "rotZ":-0.64431166648865,
        "rotY":0
      },
      "stats":{
        "magickaCurrent":10,
        "fatigueBase":300,
        "fatigueCurrent":300,
        "fatigueModified":300,
        "magickaBase":10,
        "healthModified":15,
        "healthBase":15,
        "healthCurrent":0,
        "magickaModified":10
      },
      "inventory":[],
      "deathState":38,
      "killer":{
        "playerName":"Fidgug"
      }
    },
    "389523-0":{
      "refId":"slaughterfish",
      "location":{
        "posX":-5567.2885742188,
        "posY":190827.671875,
        "posZ":-163.07386779785,
        "rotX":-0.62045812606812,
        "rotZ":1.2757337093353,