{
  "packets":{
    "actorList":["0-818","0-820"],
    "ai":[],
    "cellChangeFrom":[],
    "cellChangeTo":["355236-0"],
    "container":["125900-0","125901-0","125902-0","125903-0","125904-0","125905-0","125906-0","125907-0","166681-0","166682-0","166683-0","166684-0","166685-0","166686-0","166687-0","323423-0","323424-0","323425-0","430610-0","430611-0","430616-0","430625-0","430632-0","430648-0","430649-0","430650-0","0-818","0-820"],
    "death":[],
    "delete":[],
    "doorState":[],
    "equipment":[],
    "lock":[],
    "place":[],
    "position":["0-818","0-820"],
    "scale":[],
    "spawn":["0-818","0-820"],
    "state":[],
    "statsDynamic":["0-818","0-820"],
    "trap":[],
    "clientScriptLocal":[],
    "spellsActive":[],
    "miscellaneous":[]
  },
  "entry":{
    "creationTime":1717183081,
    "description":"-1, 21"
  },
  "lastVisit":{
    "Benoit":1724438789,
    "Fidgug":1724438787
  },
  "recordLinks":[],
  "objectData":{
    "430648-0":{
      "refId":"kollop_01_pearl",
      "inventory":[{
          "refId":"ingred_pearl_01",
          "count":1,
          "charge":-1,
          "enchantmentCharge":-1,
          "soul":""
        }]
    },
    "430649-0":{
      "refId":"kollop_02_pearl",
      "inventory":[]
    },
    "430650-0":{
      "refId":"kollop_03_pearl",
      "inventory":[]
    },
    "355236-0":{
      "cellChangeTo":"-2, 21"
    },
    "0-818":{
      "refId":"rat_blighted",
      "location":{
        "posY":173315.71875,
        "posZ":257.48446655273,
        "rotX":-0.019141646102071,
        "rotZ":2.3232791423798,
        "rotY":0,
        "posX":-434.96319580078
      },
      "stats":{
        "fatigueBase":66,
        "fatigueCurrent":66,
        "fatigueModified":66,
        "healthCurrent":45,
        "magickaBase":10,
        "healthBase":45,
        "healthModified":45,
        "magickaModified":10,
        "magickaCurrent":10
      },
      "inventory":[]
    },
    "0-820":{
      "refId":"cliff racer",
      "location":{
        "posY":173550.703125,
        "posZ":152.50877380371,
        "rotX":0.0019858255982399,
        "rotZ":0.055783271789551,
        "rotY":0,
        "posX":-6136.267578125
      },
      "stats":{
        "fatigueBase":400,
        "fatigueCurrent":400,
        "fatigueModified":400,
        "healthCurrent":45,
        "magickaBase":20,
        "healthBase":45,
        "healthModified":45,
        "magickaModified":20,
        "magickaCurrent":20
      },
      "inventory":[]
    },
    "125900-0":{
      "refId":"flora_marshmerrow_01",
      "inventory":[{
          "refId":"ingred_marshmerrow_01",
          "count":1,
          "charge":-1,
          "enchantmentCharge":-1,
          "soul":""
        }]
    },
    "125901-0":{
      "refId":"flora_marshmerrow_03",
      "inventory":[{
          "refId":"ingred_marshmerrow_01",
          "count":1,
          "charge":-1,
          "enchantmentCharge":-1,
          "soul":""
        }]
    },
    "125902-0":{
      "refId":"flora_marshmerrow_03",
      "inventory":[{
          "refId":"ingred_marshmerrow_01",
          "count":1,
          "charge":-1,
          "enchantmentCharge":-1,
          "soul":""
        }]
    },
    "125903-0":{
      "refId":"flora_marshmerrow_01",
      "inventory":[{
          "refId":"ingred_marshmerrow_01",
          "count":1,
          "charge":-1,
          "enchantmentCharge":-1,
          "soul":""
        }]
    },
    "125904-0":{
      "refId":"flora_marshmerrow_02",
      "inventory":[{
          "refId":"ingred_marshmerrow_01",
          "count":1,
          "charge":-1,
          "enchantmentCharge":-1,
          "soul":""
        }]
    },
    "125905-0":{
      "refId":"flora_saltrice_01",
      "inventory":[{
          "refId":"ingred_saltrice_01",
          "count":1,
          "charge":-1,
          "enchantmentCharge":-1,
          "soul":""
        }]
    },
    "125906-0":{
      "refId":"flora_saltrice_01",
      "inventory":[{
          "refId":"ingred_saltrice_01",
          "count":1,
          "charge":-1,
          "enchantmentCharge":-1,
          "soul":""
        }]
    },
    "125907-0":{
      "refId":"flora_saltrice_02",
      "inventory":[{
          "refId":"ingred_saltrice_01",
          "count":1,
          "charge":-1,
          "enchantmentCharge":-1,
          "soul":""
        }]
    },
    "166681-0":{
      "refId":"flora_kreshweed_02",
      "inventory":[{
          "refId":"ingred_kresh_fiber_01",
          "count":1,
          "charge":-1,
          "enchantmentCharge":-1,
          "soul":""
        }]
    },
    "166682-0":{
      "refId":"flora_saltrice_01",
      "inventory":[{
          "refId":"ingred_saltrice_01",
          "count":1,
          "charge":-1,
          "enchantmentCharge":-1,
          "soul":""
        }]
    },
    "166683-0":{
      "refId":"flora_saltrice_01",
      "inventory":[{
          "refId":"ingred_saltrice_01",
          "count":1,
          "charge":-1,
          "enchantmentCharge":-1,
          "soul":""
        }]
    },
    "166684-0":{
      "refId":"flora_saltrice_02",
      "inventory":[{
          "refId":"ingred_saltrice_01",
          "count":1,
          "charge":-1,
          "enchantmentCharge":-1,
          "soul":""
        }]
    },
    "166685-0":{
      "refId":"flora_saltrice_01",
      "inventory":[{
          "refId":"ingred_saltrice_01",
          "count":1,
          "charge":-1,
          "enchantmentCharge":-1,
          "soul":""
        }]
    },
    "166686-0":{
      "refId":"flora_saltrice_01",
      "inventory":[{
          "refId":"ingred_saltrice_01",
          "count":1,
          "charge":-1,
          "enchantmentCharge":-1,
          "soul":""
        }]
    },
    "166687-0":{
      "refId":"flora_saltrice_02",
      "inventory":[{
          "refId":"ingred_saltrice_01",
          "count":1,
          "charge":-1,
          "enchantmentCharge":-1,
          "soul":""
        }]
    },
    "323423-0":{
      "refId":"flora_kreshweed_01",
      "inventory":[{
          "refId":"ingred_kresh_fiber_01",
          "count":1,
          "charge":-1,
          "enchantmentCharge":-1,
          "soul":""
        }]
    },
    "323424-0":{
      "refId":"flora_kreshweed_03",
      "inventory":[{
          "refId":"ingred_kresh_fiber_01",
          "count":1,
          "charge":-1,
          "enchantmentCharge":-1,
          "soul":""
        }]
    },
    "323425-0":{
      "refId":"flora_kreshweed_02",
      "inventory":[{
          "refId":"ingred_kresh_fiber_01",
          "count":1,
          "charge":-1,
          "enchantmentCharge":-1,
          "soul":""
        }]
    },
    "430610-0":{
      "refId":"kollop_02_pearl",
      "inventory":[]
    },
    "430611-0":{
      "refId":"kollop_03_pearl",
      "inventory":[]
    },
    "430616-0":{
      "refId":"kollop_01_pearl",
      "inventory":[{
          "refId":"ingred_pearl_01",
          "count":1,
          "charge":-1,
          "enchantmentCharge":-1,
          "soul":""
        }]
    },
    "430625-0":{
      "refId":"kollop_03_pearl",
      "inventory":[]
    },
    "430632-0":{
      "refId":"kollop_01_pearl",
      "inventory":[{
          "refId":"ingred_pearl_01",
          "count":1,
          "charge":-1,
          "enchantmentCharge":-1,
          "soul":""
        }]
    }
  },
  "loadState":{
    "hasFullContainerData":true,
    "hasFullActorList":true
  }
}