{
  "packets":{
    "actorList":["0-804","0-805","0-806","0-853","0-803","0-801","0-851","0-807"],
    "ai":[],
    "cellChangeFrom":[],
    "cellChangeTo":[],
    "container":["177613-0","177614-0","177615-0","177617-0","177618-0","177619-0","177620-0","177621-0","177622-0","177623-0","177624-0","177625-0","177626-0","323426-0","323427-0","323428-0","323429-0","341529-0","341530-0","341534-0","341535-0","177616-0","430664-0","430670-0","430671-0","430672-0","430673-0","430674-0","430683-0","430684-0","430685-0","0-804","0-805","0-806","0-803","0-801","0-851","0-853","0-807"],
    "death":["0-803","0-801"],
    "delete":[],
    "doorState":[],
    "equipment":[],
    "lock":[],
    "place":[],
    "position":["0-804","0-805","0-806","0-853","0-803","0-801","0-851","0-807"],
    "scale":[],
    "spawn":["0-804","0-805","0-806","0-853","0-803","0-801","0-851","0-807"],
    "state":[],
    "statsDynamic":["0-804","0-805","0-806","0-853","0-803","0-801","0-851","0-807"],
    "trap":[],
    "miscellaneous":[],
    "clientScriptLocal":[],
    "spellsActive":[]
  },
  "entry":{
    "description":"-1, 20",
    "creationTime":1717182964
  },
  "lastVisit":{
    "Benoit":1723750497,
    "Fidgug":1723750497
  },
  "recordLinks":[],
  "objectData":{
    "0-804":{
      "refId":"mudcrab",
      "location":{
        "posY":165446.3125,
        "posZ":263.16802978516,
        "rotX":0.30916437506676,
        "rotZ":0.35299706459045,
        "rotY":0,
        "posX":-786.44665527344
      },
      "stats":{
        "healthBase":15,
        "healthCurrent":15,
        "magickaBase":5,
        "magickaModified":5,
        "fatigueBase":400,
        "fatigueCurrent":400,
        "fatigueModified":400,
        "magickaCurrent":5,
        "healthModified":15
      },
      "inventory":[{
          "refId":"ingred_crab_meat_01",
          "count":2,
          "charge":-1,
          "enchantmentCharge":-1,
          "soul":""
        }]
    },
    "0-805":{
      "refId":"mudcrab-diseased",
      "location":{
        "posY":166630.71875,
        "posZ":351.58135986328,
        "rotX":0.029702285304666,
        "rotZ":-3.0331604480743,
        "rotY":0,
        "posX":-4533.9638671875
      },
      "stats":{
        "healthBase":15,
        "healthCurrent":15,
        "magickaBase":5,
        "magickaModified":5,
        "fatigueBase":34,
        "fatigueCurrent":34,
        "fatigueModified":34,
        "magickaCurrent":5,
        "healthModified":15
      },
      "inventory":[{
          "refId":"ingred_crab_meat_01",
          "count":2,
          "charge":-1,
          "enchantmentCharge":-1,
          "soul":""
        }]
    },
    "0-806":{
      "refId":"mudcrab",
      "location":{
        "posY":168917.96875,
        "posZ":310.4677734375,
        "rotX":0.14678502082825,
        "rotZ":3.0150482654572,
        "rotY":0,
        "posX":-2571.7263183594
      },
      "stats":{
        "healthBase":15,
        "healthCurrent":15,
        "magickaBase":5,
        "magickaModified":5,
        "fatigueBase":400,
        "fatigueCurrent":400,
        "fatigueModified":400,
        "magickaCurrent":5,
        "healthModified":15
      },
      "inventory":[{
          "refId":"ingred_crab_meat_01",
          "count":1,
          "charge":-1,
          "enchantmentCharge":-1,
          "soul":""
        }]
    },
    "0-807":{
      "refId":"slaughterfish_small",
      "location":{
        "posY":164414.90625,
        "posZ":-271.22567749023,
        "rotX":1.8134713172913e-05,
        "rotZ":-1.7694799900055,
        "rotY":0,
        "posX":-4427.6586914063
      },
      "stats":{
        "healthBase":15,
        "healthCurrent":15,
        "magickaBase":10,
        "magickaModified":10,
        "fatigueBase":300,
        "fatigueCurrent":300,
        "fatigueModified":300,
        "magickaCurrent":10,
        "healthModified":15
      },
      "inventory":[]
    },
    "0-803":{
      "refId":"cliff racer",
      "location":{
        "posY":167619.34375,
        "posZ":719.49267578125,
        "rotX":0.88398969173431,
        "rotZ":2.8811681270599,
        "rotY":0,
        "posX":-6541.2451171875
      },
      "stats":{
        "healthBase":45,
        "healthCurrent":0,
        "magickaBase":20,
        "magickaModified":20,
        "fatigueBase":400,
        "fatigueCurrent":400,
        "fatigueModified":400,
        "magickaCurrent":20,
        "healthModified":45
      },
      "inventory":[{
          "refId":"ingred_racer_plumes_01",
          "count":1,
          "charge":-1,
          "enchantmentCharge":-1,
          "soul":""
        }],
      "killer":{
        "playerName":"Fidgug"
      },
      "deathState":38
    },
    "177613-0":{
      "refId":"flora_kreshweed_02",
      "inventory":[{
          "refId":"ingred_kresh_fiber_01",
          "count":1,
          "charge":-1,
          "enchantmentCharge":-1,
          "soul":""
        }]
    },
    "177614-0":{
      "refId":"flora_marshmerrow_02",
      "inventory":[{
          "refId":"ingred_marshmerrow_01",
          "count":1,
          "charge":-1,
          "enchantmentCharge":-1,
          "soul":""
        }]
    },
    "177615-0":{
      "refId":"flora_marshmerrow_03",
      "inventory":[{
          "refId":"ingred_marshmerrow_01",
          "count":1,
          "charge":-1,
          "enchantmentCharge":-1,
          "soul":""
        }]
    },
    "177617-0":{
      "refId":"flora_marshmerrow_02",
      "inventory":[{
          "refId":"ingred_marshmerrow_01",
          "count":1,
          "charge":-1,
          "enchantmentCharge":-1,
          "soul":""
        }]
    },
    "177618-0":{
      "refId":"flora_marshmerrow_03",
      "inventory":[{
          "refId":"ingred_marshmerrow_01",
          "count":1,
          "charge":-1,
          "enchantmentCharge":-1,
          "soul":""
        }]
    },
    "177619-0":{
      "refId":"flora_marshmerrow_01",
      "inventory":[{
          "refId":"ingred_marshmerrow_01",
          "count":1,
          "charge":-1,
          "enchantmentCharge":-1,
          "soul":""
        }]
    },
    "177620-0":{
      "refId":"flora_marshmerrow_02",
      "inventory":[{
          "refId":"ingred_marshmerrow_01",
          "count":1,
          "charge":-1,
          "enchantmentCharge":-1,
          "soul":""
        }]
    },
    "177621-0":{
      "refId":"flora_marshmerrow_01",
      "inventory":[{
          "refId":"ingred_marshmerrow_01",
          "count":1,
          "charge":-1,
          "enchantmentCharge":-1,
          "soul":""
        }]
    },
    "177622-0":{
      "refId":"flora_marshmerrow_02",
      "inventory":[{
          "refId":"ingred_marshmerrow_01",
          "count":1,
          "charge":-1,
          "enchantmentCharge":-1,
          "soul":""
        }]
    },
    "177623-0":{
      "refId":"flora_marshmerrow_03",
      "inventory":[{
          "refId":"ingred_marshmerrow_01",
          "count":1,
          "charge":-1,
          "enchantmentCharge":-1,
          "soul":""
        }]
    },
    "177624-0":{
      "refId":"flora_marshmerrow_01",
      "inventory":[{
          "refId":"ingred_marshmerrow_01",
          "count":1,
          "charge":-1,
          "enchantmentCharge":-1,
          "soul":""
        }]
    },
    "177625-0":{
      "refId":"flora_marshmerrow_03",
      "inventory":[]
    },
    "177626-0":{
      "refId":"flora_saltrice_01",
      "inventory":[{
          "refId":"ingred_saltrice_01",
          "count":1,
          "charge":-1,
          "enchantmentCharge":-1,
          "soul":""
        }]
    },
    "323426-0":{
      "refId":"flora_kreshweed_03",
      "inventory":[{
          "refId":"ingred_kresh_fiber_01",
          "count":1,
          "charge":-1,
          "enchantmentCharge":-1,
          "soul":""
        }]
    },
    "323427-0":{
      "refId":"flora_kreshweed_02",
      "inventory":[{
          "refId":"ingred_kresh_fiber_01",
          "count":1,
          "charge":-1,