{
  "packets":{
    "actorList":["118441-0","118442-0","118444-0","118443-0","118445-0"],
    "ai":[],
    "cellChangeFrom":[],
    "cellChangeTo":[],
    "container":["177645-0","177646-0","296765-0","118441-0","118442-0","118444-0","118445-0","118443-0"],
    "death":["118441-0","118444-0","118443-0","118442-0"],
    "delete":[],
    "doorState":[],
    "equipment":["118441-0","118442-0","118444-0","118443-0","118445-0"],
    "lock":[],
    "place":["0-1727","0-1728","0-1729","0-1730","0-1731"],
    "position":["118441-0","118442-0","118443-0","118444-0","118445-0"],
    "scale":[],
    "spawn":[],
    "state":[],
    "statsDynamic":["118441-0","118442-0","118443-0","118444-0","118445-0"],
    "trap":[],
    "miscellaneous":["118445-0"],
    "clientScriptLocal":[],
    "spellsActive":["118443-0"]
  },
  "entry":{
    "description":"-1, 18",
    "creationTime":1717182945
  },
  "lastVisit":{
    "Benoit":1723751520,
    "Fidgug":1723751516
  },
  "recordLinks":[],
  "objectData":{
    "118443-0":{
      "refId":"bumbub gro-murgol",
      "location":{
        "posY":151615.859375,
        "posZ":2329.0002441406,
        "rotX":-0.030800381675363,
        "rotZ":-1.9292256832123,
        "rotY":0,
        "posX":-4435.2338867188
      },
      "stats":{
        "healthBase":91,
        "healthCurrent":0,
        "magickaBase":84,
        "magickaModified":84,
        "fatigueBase":258,
        "fatigueCurrent":251.89025878906,
        "fatigueModified":258,
        "magickaCurrent":17,
        "healthModified":91
      },
      "equipment":{
        "11":{
          "refId":"common_robe_03",
          "count":1,
          "charge":-1,
          "enchantmentCharge":-1
        },
        "8":{
          "refId":"common_shirt_02",
          "count":1,
          "charge":-1,
          "enchantmentCharge":-1
        },
        "16":{
          "refId":"steel battle axe",
          "count":1,
          "charge":1799,
          "enchantmentCharge":-1
        },
        "9":{
          "refId":"common_pants_02",
          "count":1,
          "charge":-1,
          "enchantmentCharge":-1
        }
      },
      "inventory":[{
          "refId":"common_robe_03",
          "count":1,
          "charge":-1,
          "enchantmentCharge":-1,
          "soul":""
        },{
          "refId":"common_shirt_02",
          "count":1,
          "charge":-1,
          "enchantmentCharge":-1,
          "soul":""
        },{
          "refId":"common_pants_02",
          "count":1,
          "charge":-1,
          "enchantmentCharge":-1,
          "soul":""
        },{
          "refId":"steel battle axe",
          "count":1,
          "charge":1799,
          "enchantmentCharge":-1,
          "soul":""
        }],
      "killer":{
        "playerName":"Fidgug"
      },
      "deathState":40,
      "spellsActive":{
        "frost_shield":[{
            "caster":{
              "refId":"bumbub gro-murgol",
              "uniqueIndex":"118443-0"
            },
            "stackingState":false,
            "displayName":"Frost Shield",
            "effects":[{
                "id":6,
                "timeLeft":30,
                "magnitude":6,
                "arg":-1,
                "duration":30
              }],
            "startTime":1723750735
          }]
      }
    },
    "118445-0":{
      "refId":"yadba gro-khash",
      "location":{
        "posY":152809.90625,
        "posZ":2329,
        "rotX":-0.061522923409939,
        "rotZ":1.2182734012604,
        "rotY":0,
        "posX":-6195.5405273438
      },
      "stats":{
        "healthBase":133,
        "healthCurrent":133,
        "magickaBase":84,
        "magickaModified":84,
        "fatigueBase":271,
        "fatigueCurrent":271,
        "fatigueModified":271,
        "magickaCurrent":84,
        "healthModified":133
      },
      "equipment":[{
          "refId":"steel_cuirass",
          "count":1,
          "charge":-1,
          "enchantmentCharge":-1
        },{
          "refId":"steel_greaves",
          "count":1,
          "charge":-1,
          "enchantmentCharge":-1
        },{
          "refId":"orcish_pauldron_left",
          "count":1,
          "charge":-1,
          "enchantmentCharge":-1
        },{
          "refId":"orcish_pauldron_right",
          "count":1,
          "charge":-1,
          "enchantmentCharge":-1
        },{
          "refId":"steel_gauntlet_left",
          "count":1,
          "charge":-1,
          "enchantmentCharge":-1
        },{
          "refId":"steel_gauntlet_right",
          "count":1,
          "charge":-1,
          "enchantmentCharge":-1
        },{
          "refId":"steel_boots",
          "count":1,
          "charge":-1,
          "enchantmentCharge":-1
        },{
          "refId":"common_shirt_03",
          "count":1,
          "charge":-1,
          "enchantmentCharge":-1
        },{
          "refId":"common_pants_03",
          "count":1,
          "charge":-1,
          "enchantmentCharge":-1
        },null,null,null,null,null,null,{
          "refId":"steel battle axe",
          "count":1,
          "charge":-1,
          "enchantmentCharge":-1
        }],
      "inventory":[{
          "refId":"steel_gauntlet_right",
          "count":1,
          "charge":-1,
          "enchantmentCharge":-1,
          "soul":""
        },{
          "refId":"steel_gauntlet_left",
          "count":1,
          "charge":-1,
          "enchantmentCharge":-1,
          "soul":""
        },{
          "refId":"steel_boots",
          "count":1,
          "charge":-1,
          "enchantmentCharge":-1,
          "soul":""
        },{
          "refId":"steel_greaves",
          "count":1,
          "charge":-1,
          "enchantmentCharge":-1,
          "soul":""
        },{
          "refId":"orcish_pauldron_right",
          "count":1,
          "charge":-1,
          "enchantmentCharge":-1,
          "soul":""
        },{
          "refId":"orcish_pauldron_left",
          "count":1,
          "charge":-1,
          "enchantmentCharge":-1,
          "soul":""
        },{
          "refId":"steel_cuirass",
          "count":1,
          "charge":-1,
          "enchantmentCharge":-1,
          "soul":""
        },{
          "refId":"common_shirt_03",
          "count":1,
          "charge":-1,
          "enchantmentCharge":-1,
          "soul":""
        },{
          "refId":"common_pants_03",
          "count":1,
          "charge":-1,
          "enchantmentCharge":-1,
          "soul":""
        },{
          "refId":"steel battle axe",
          "count":1,
          "charge":-1,
          "enchantmentCharge":-1,
          "soul":""
        }],
      "lastGoldRestockHour":19.453413009644,
      "goldPool":0,
      "lastGoldRestockDay":35
    },
    "177645-0":{
      "refId":"tramaroot_01",
      "inventory":[{
          "refId":"ingred_trama_root_01",
          "count":2,
          "charge":-1,
          "enchantmentCharge":-1,
          "soul":""
        }]
    },
    "177646-0":{
      "refId":"tramaroot_05",
      "inventory":[{
          "refId":"ingred_trama_root_01",
          "count":1,
          "charge":-1,
          "enchantmentCharge":-1,
          "soul":""
        }]
    },
    "296765-0":{
      "refId":"flora_rm_scathecraw_01",
      "inventory":[{
          "refId":"ingred_scathecraw_01",
          "count":1,
          "charge":-1,
          "enchantmentCharge":-1,
          "soul":""
        }]
    },
    "0-1727":{
      "refId":"orcish_bracer_left",
      "location":{
        "posY":149279.640625,
        "posZ":1814.5050048828,
        "rotX":0,
        "rotZ":0.11715292930603,
        "rotY":0,
        "posX":-4116.1645507813
      }
    },
    "0-1728":{
      "refId":"expensive_robe_03",
      "location":{
        "posY":149278.15625,
        "posZ":1807.5394287109,
        "rotX":0,
        "rotZ":0.11715292930603,
        "rotY":0,
        "posX":-4103.4877929688
      }
    },