{
  "packets":{
    "actorList":["0-644","0-645","0-646","0-647","0-641","0-642","287921-0","147051-0","0-643"],
    "ai":[],
    "cellChangeFrom":[],
    "cellChangeTo":[],
    "container":["147051-0","287921-0","0-644","0-645","0-646","0-647","0-641","0-642","0-643"],
    "death":["0-642","0-646","147051-0","0-645","0-647","0-641"],
    "delete":[],
    "doorState":[],
    "equipment":["287921-0","147051-0"],
    "lock":[],
    "place":["0-662"],
    "position":["147051-0","287921-0","0-641","0-642","0-644","0-645","0-646","0-647","0-643"],
    "scale":[],
    "spawn":["0-644","0-645","0-646","0-647","0-641","0-642","0-643"],
    "state":["287921-0"],
    "statsDynamic":["147051-0","287921-0","0-641","0-642","0-644","0-645","0-646","0-647","0-643"],
    "trap":[],
    "clientScriptLocal":[],
    "miscellaneous":[],
    "spellsActive":["0-646","147051-0","0-645","0-647"]
  },
  "entry":{
    "creationTime":1716738524,
    "description":"-10, 15"
  },
  "lastVisit":{
    "Benoit":1716740715,
    "Fidgug":1716740715
  },
  "recordLinks":{
    "potion":[]
  },
  "objectData":{
    "0-644":{
      "refId":"rat",
      "location":{
        "rotZ":-0.44380497932434,
        "rotY":0,
        "posX":-79450.4375,
        "posY":128533.3359375,
        "posZ":722.26629638672,
        "rotX":-0.1649261713028
      },
      "stats":{
        "healthModified":23,
        "magickaModified":10,
        "fatigueModified":300,
        "healthBase":23,
        "healthCurrent":23,
        "magickaBase":10,
        "magickaCurrent":10,
        "fatigueBase":300,
        "fatigueCurrent":300
      },
      "inventory":[{
          "refId":"ingred_rat_meat_01",
          "count":1,
          "charge":-1,
          "enchantmentCharge":-1,
          "soul":""
        }]
    },
    "0-662":{
      "refId":"steel frostsword",
      "location":{
        "rotZ":1.6453211307526,
        "posY":124902.03125,
        "posX":-79036.0078125,
        "rotY":0,
        "posZ":1869.5734863281,
        "rotX":0
      }
    },
    "0-645":{
      "refId":"scamp",
      "location":{
        "rotZ":-0.61331415176392,
        "rotY":0,
        "posX":-75600.6953125,
        "posY":125667.5078125,
        "posZ":1795.0789794922,
        "rotX":-0.55927932262421
      },
      "stats":{
        "healthModified":45,
        "magickaModified":100,
        "fatigueModified":400,
        "healthBase":45,
        "healthCurrent":0,
        "magickaBase":100,
        "magickaCurrent":100,
        "fatigueBase":400,
        "fatigueCurrent":392.83511352539
      },
      "inventory":[],
      "deathState":38,
      "killer":{
        "playerName":"Fidgug"
      },
      "spellsActive":{
        "cloudcleaver_unique":[{
            "effects":[{
                "magnitude":2,
                "arg":-1,
                "duration":1,
                "id":15,
                "timeLeft":1
              }],
            "displayName":"Cloudcleaver",
            "startTime":1716738774,
            "caster":{
              "playerName":"Fidgug"
            },
            "stackingState":false
          }]
      }
    },
    "0-646":{
      "refId":"scamp",
      "location":{
        "rotZ":0.68195605278015,
        "rotY":0,
        "posX":-75576.1171875,
        "posY":128166.7109375,
        "posZ":1696.7885742188,
        "rotX":-0.061445444822311
      },
      "stats":{
        "healthModified":45,
        "magickaModified":100,
        "fatigueModified":400,
        "healthBase":45,
        "healthCurrent":0,
        "magickaBase":100,
        "magickaCurrent":100,
        "fatigueBase":400,
        "fatigueCurrent":400
      },
      "inventory":[],
      "deathState":38,
      "killer":{
        "playerName":"Fidgug"
      },
      "spellsActive":{
        "cloudcleaver_unique":[{
            "effects":[{
                "magnitude":6.5,
                "arg":-1,
                "duration":1,
                "id":15,
                "timeLeft":1
              }],
            "displayName":"Cloudcleaver",
            "startTime":1716738723,
            "caster":{
              "playerName":"Fidgug"
            },
            "stackingState":false
          }]
      }
    },
    "0-647":{
      "refId":"scamp",
      "location":{
        "rotZ":-1.4321582317352,
        "rotY":0,
        "posX":-78107.171875,
        "posY":125788.71875,
        "posZ":2418,
        "rotX":0.35174685716629
      },
      "stats":{
        "healthModified":45,
        "magickaModified":100,
        "fatigueModified":400,
        "healthBase":45,
        "healthCurrent":0,
        "magickaBase":100,
        "magickaCurrent":100,
        "fatigueBase":400,
        "fatigueCurrent":364.42858886719
      },
      "inventory":[],
      "deathState":38,
      "killer":{
        "playerName":"Fidgug"
      },
      "spellsActive":{
        "cloudcleaver_unique":[{
            "effects":[{
                "magnitude":10,
                "arg":-1,
                "duration":1,
                "id":15,
                "timeLeft":1
              }],
            "displayName":"Cloudcleaver",
            "startTime":1716738905,
            "caster":{
              "playerName":"Fidgug"
            },
            "stackingState":false
          }]
      }
    },
    "0-641":{
      "refId":"nix-hound",
      "location":{
        "rotZ":0.31971454620361,
        "rotY":0,
        "posX":-79108.34375,
        "posY":124759.34375,
        "posZ":1869.4230957031,
        "rotX":-0.15017223358154
      },
      "stats":{
        "healthModified":23,
        "magickaModified":10,
        "fatigueModified":400,
        "healthBase":23,
        "healthCurrent":0,
        "magickaBase":10,
        "magickaCurrent":10,
        "fatigueBase":400,
        "fatigueCurrent":398.24847412109
      },
      "inventory":[],
      "deathState":38,
      "killer":{
        "playerName":"Benoit"
      },
      "spellsActive":[]
    },
    "0-642":{
      "refId":"kwama forager",
      "location":{
        "rotZ":2.0250856876373,
        "rotY":0,
        "posX":-73735.0625,
        "posY":126419.1484375,
        "posZ":1343.9733886719,
        "rotX":0.20971986651421
      },
      "stats":{
        "healthModified":23,
        "magickaModified":15,
        "fatigueModified":300,
        "healthBase":23,
        "healthCurrent":0,
        "magickaBase":15,
        "magickaCurrent":15,
        "fatigueBase":300,
        "fatigueCurrent":297.24798583984
      },
      "inventory":[],
      "deathState":38,
      "killer":{
        "playerName":"Fidgug"
      }
    },
    "147051-0":{
      "refId":"bodean",
      "location":{
        "rotZ":2.8958704471588,
        "rotY":0,
        "posX":-76060.6796875,
        "posY":127171.3125,
        "posZ":1804.8895263672,
        "rotX":-0.30913001298904
      },
      "stats":{
        "healthModified":109,
        "magickaModified":92,
        "fatigueModified":273,
        "healthBase":109,
        "healthCurrent":0,
        "magickaBase":92,
        "magickaCurrent":2,
        "fatigueBase":273,
        "fatigueCurrent":273
      },
      "equipment":{
        "7":{
          "refId":"expensive_shoes_03",
          "count":1,
          "charge":-1,
          "enchantmentCharge":-1
        },
        "13":{
          "refId":"common_ring_01",
          "count":1,
          "charge":-1,
          "enchantmentCharge":-1
        },
        "11":{
          "refId":"expensive_robe_03",
          "count":1,
          "charge":-1,
          "enchantmentCharge":-1
        },
        "12":{
          "refId":"expensive_ring_01",
          "count":1,
          "charge":-1,
          "enchantmentCharge":-1
        }
      },
      "inventory":[{
          "refId":"expensive_ring_01",
          "count":1,
          "charge":-1,
          "enchantmentCharge":-1,
          "soul":""
        },{
          "refId":"expensive_robe_03",
          "count":1,
          "charge":-1,
          "enchantmentCharge":-1,