{
  "packets":{
    "actorList":["0-644","0-645","0-646","0-647","0-641","0-642","287921-0","147051-0","0-643","0-629"],
    "ai":[],
    "cellChangeFrom":[],
    "cellChangeTo":[],
    "container":["147051-0","287921-0","0-644","0-645","0-646","0-647","0-641","0-642","0-643","0-629"],
    "death":["0-642","0-646","147051-0","0-645","0-647","0-641","0-644"],
    "delete":[],
    "doorState":[],
    "equipment":["287921-0","147051-0"],
    "lock":[],
    "place":["0-662"],
    "position":["147051-0","287921-0","0-641","0-642","0-644","0-645","0-646","0-647","0-643","0-629"],
    "scale":[],
    "spawn":["0-644","0-645","0-646","0-647","0-641","0-642","0-643","0-629"],
    "state":["287921-0"],
    "statsDynamic":["147051-0","287921-0","0-641","0-642","0-644","0-645","0-646","0-647","0-643","0-629"],
    "trap":[],
    "miscellaneous":[],
    "clientScriptLocal":[],
    "spellsActive":[]
  },
  "entry":{
    "creationTime":1716738524,
    "description":"-10, 15"
  },
  "lastVisit":{
    "Benoit":1723747131,
    "Fidgug":1723747132
  },
  "recordLinks":{
    "potion":[]
  },
  "objectData":{
    "0-646":{
      "refId":"scamp",
      "location":{
        "posY":128166.703125,
        "posZ":1696.8010253906,
        "rotX":-0.061445444822311,
        "rotZ":0.68195605278015,
        "rotY":0,
        "posX":-75576.1171875
      },
      "stats":{
        "healthBase":45,
        "healthCurrent":0,
        "magickaBase":100,
        "magickaModified":100,
        "fatigueBase":400,
        "fatigueCurrent":400,
        "fatigueModified":400,
        "magickaCurrent":100,
        "healthModified":45
      },
      "inventory":[],
      "spellsActive":{
      },
      "killer":{
        "playerName":"Fidgug"
      },
      "deathState":38
    },
    "0-647":{
      "refId":"scamp",
      "location":{
        "posY":125788.71875,
        "posZ":2418.0122070313,
        "rotX":0.35174685716629,
        "rotZ":-1.4321582317352,
        "rotY":0,
        "posX":-78107.171875
      },
      "stats":{
        "healthBase":45,
        "healthCurrent":0,
        "magickaBase":100,
        "magickaModified":100,
        "fatigueBase":400,
        "fatigueCurrent":364.42858886719,
        "fatigueModified":400,
        "magickaCurrent":100,
        "healthModified":45
      },
      "inventory":[],
      "spellsActive":{
      },
      "killer":{
        "playerName":"Fidgug"
      },
      "deathState":38
    },
    "0-641":{
      "refId":"nix-hound",
      "location":{
        "posY":124759.34375,
        "posZ":1869.435546875,
        "rotX":-0.15017223358154,
        "rotZ":0.31971454620361,
        "rotY":0,
        "posX":-79108.34375
      },
      "stats":{
        "healthBase":23,
        "healthCurrent":0,
        "magickaBase":10,
        "magickaModified":10,
        "fatigueBase":400,
        "fatigueCurrent":398.24847412109,
        "fatigueModified":400,
        "magickaCurrent":10,
        "healthModified":23
      },
      "inventory":[],
      "spellsActive":[],
      "killer":{
        "playerName":"Benoit"
      },
      "deathState":38
    },
    "0-642":{
      "refId":"kwama forager",
      "location":{
        "posY":126419.140625,
        "posZ":1343.9848632813,
        "rotX":0.20971986651421,
        "rotZ":2.0250856876373,
        "rotY":0,
        "posX":-73735.0625
      },
      "stats":{
        "healthBase":23,
        "healthCurrent":0,
        "magickaBase":15,
        "magickaModified":15,
        "fatigueBase":300,
        "fatigueCurrent":297.24798583984,
        "fatigueModified":300,
        "magickaCurrent":15,
        "healthModified":23
      },
      "inventory":[],
      "killer":{
        "playerName":"Fidgug"
      },
      "deathState":38
    },
    "147051-0":{
      "refId":"bodean",
      "location":{
        "posY":127171.3125,
        "posZ":1804.9020996094,
        "rotX":0,
        "rotZ":0,
        "rotY":0,
        "posX":-76060.6796875
      },
      "stats":{
        "healthBase":109,
        "healthCurrent":0,
        "magickaBase":92,
        "magickaModified":92,
        "fatigueBase":273,
        "fatigueCurrent":273,
        "fatigueModified":273,
        "magickaCurrent":2,
        "healthModified":109
      },
      "equipment":{
        "7":{
          "refId":"expensive_shoes_03",
          "count":1,
          "charge":-1,
          "enchantmentCharge":-1
        },
        "13":{
          "refId":"common_ring_01",
          "count":1,
          "charge":-1,
          "enchantmentCharge":-1
        },
        "11":{
          "refId":"expensive_robe_03",
          "count":1,
          "charge":-1,
          "enchantmentCharge":-1
        },
        "12":{
          "refId":"expensive_ring_01",
          "count":1,
          "charge":-1,
          "enchantmentCharge":-1
        }
      },
      "inventory":[{
          "refId":"expensive_ring_01",
          "count":1,
          "charge":-1,
          "enchantmentCharge":-1,
          "soul":""
        },{
          "refId":"expensive_robe_03",
          "count":1,
          "charge":-1,
          "enchantmentCharge":-1,
          "soul":""
        },{
          "refId":"expensive_shoes_03",
          "count":1,
          "charge":-1,
          "enchantmentCharge":-1,
          "soul":""
        },{
          "refId":"common_ring_01",
          "count":1,
          "charge":-1,
          "enchantmentCharge":-1,
          "soul":""
        }],
      "spellsActive":{
      },
      "killer":{
        "playerName":"Fidgug"
      },
      "deathState":46
    },
    "0-643":{
      "refId":"scrib blighted",
      "location":{
        "posY":131048.359375,
        "posZ":729.17401123047,
        "rotX":-0.12502467632294,
        "rotZ":2.3648321628571,
        "rotY":0,
        "posX":-74832.8671875
      },
      "stats":{
        "healthBase":30,
        "healthCurrent":30,
        "magickaBase":12,
        "magickaModified":12,
        "fatigueBase":400,
        "fatigueCurrent":400,
        "fatigueModified":400,
        "magickaCurrent":12,
        "healthModified":30
      },
      "inventory":[{
          "refId":"ingred_scrib_jelly_01",
          "count":3,
          "charge":-1,
          "enchantmentCharge":-1,
          "soul":""
        }]
    },
    "287921-0":{
      "refId":"j_saddha",
      "location":{
        "posY":125194.890625,
        "posZ":1869.4229736328,
        "rotX":0,
        "rotZ":3.7831854820251,
        "rotY":0,
        "posX":-78229.984375
      },
      "stats":{
        "healthBase":60,
        "healthCurrent":60,
        "magickaBase":84,
        "magickaModified":81,
        "fatigueModified":179,
        "fatigueCurrent":179,
        "fatigueBase":179,
        "magickaCurrent":81,
        "healthModified":60
      },
      "equipment":[null,null,null,null,null,{
          "refId":"slave_bracer_right",
          "count":1,
          "charge":-1,
          "enchantmentCharge":-1
        },null,null,{
          "refId":"common_pants_02",
          "count":1,
          "charge":-1,
          "enchantmentCharge":-1
        }],
      "inventory":[{
          "refId":"slave_bracer_right",
          "count":1,
          "charge":-1,
          "enchantmentCharge":-1,
          "soul":""
        },{
          "refId":"common_pants_02",
          "count":1,
          "charge":-1,
          "enchantmentCharge":-1,
          "soul":""
        }],
      "state":false
    },
    "0-662":{
      "refId":"steel frostsword",
      "location":{
        "posY":124902.03125,
        "posZ":1869.5734863281,
        "rotX":0,
        "rotZ":1.6453211307526,
        "rotY":0,
        "posX":-79036.0078125
      }
    },
    "0-629":{
      "refId":"netch_bull",
      "location":{
        "posY":131040.0234375,
        "posZ":839.62884521484,
        "rotX":0.00191053096205,
        "rotZ":0.069962739944458,
        "rotY":0,
        "posX":-74288.9453125
      },
      "stats":{
        "healthBase":45,
        "healthCurrent":45,