{
  "packets":{
    "actorList":["0-648","355366-0","355379-0"],
    "ai":[],
    "cellChangeFrom":["355379-0"],
    "cellChangeTo":[],
    "container":["367634-0","472212-0","472213-0","472214-0","472215-0","472216-0","472217-0","472218-0","472219-0","472220-0","472221-0","472222-0","472227-0","472228-0","472229-0","472230-0","472231-0","472232-0","472233-0","472235-0","0-648","355379-0","355366-0"],
    "death":["0-648","355379-0"],
    "delete":[],
    "doorState":[],
    "equipment":[],
    "lock":[],
    "place":[],
    "position":["0-648","355379-0","355366-0"],
    "scale":[],
    "spawn":["0-648"],
    "state":[],
    "statsDynamic":["0-648","355379-0","355366-0"],
    "trap":[],
    "clientScriptLocal":[],
    "spellsActive":[],
    "miscellaneous":[]
  },
  "entry":{
    "creationTime":1716738524,
    "description":"-10, 14"
  },
  "lastVisit":{
    "Benoit":1717183505,
    "Fidgug":1717181024
  },
  "recordLinks":[],
  "objectData":{
    "0-648":{
      "refId":"rat_blighted",
      "location":{
        "posX":-76236.65625,
        "posY":119509.578125,
        "posZ":1408.7495117188,
        "rotX":0.0096035562455654,
        "rotZ":-0.41157865524292,
        "rotY":0
      },
      "stats":{
        "magickaCurrent":10,
        "fatigueBase":125,
        "fatigueCurrent":125,
        "fatigueModified":125,
        "magickaBase":10,
        "healthModified":45,
        "healthBase":45,
        "healthCurrent":0,
        "magickaModified":10
      },
      "inventory":[],
      "killer":{
        "refId":"rat_blighted",
        "uniqueIndex":"0-648"
      },
      "deathState":38,
      "spellsActive":[]
    },
    "355366-0":{
      "refId":"slaughterfish",
      "location":{
        "posX":-74647.546875,
        "posY":115550.1796875,
        "posZ":-501.17858886719,
        "rotX":-0.0067911203950644,
        "rotZ":2.3492729663849,
        "rotY":0
      },
      "stats":{
        "magickaCurrent":10,
        "fatigueBase":400,
        "fatigueCurrent":400,
        "fatigueModified":400,
        "magickaBase":10,
        "healthModified":23,
        "healthBase":23,
        "healthCurrent":23,
        "magickaModified":10
      },
      "inventory":[{
          "refId":"ingred_scales_01",
          "count":2,
          "charge":-1,
          "enchantmentCharge":-1,
          "soul":""
        }]
    },
    "367634-0":{
      "refId":"flora_kreshweed_01",
      "inventory":[{
          "refId":"ingred_kresh_fiber_01",
          "count":1,
          "charge":-1,
          "enchantmentCharge":-1,
          "soul":""
        }]
    },
    "472212-0":{
      "refId":"flora_chokeweed_02",
      "inventory":[]
    },
    "472213-0":{
      "refId":"flora_chokeweed_02",
      "inventory":[]
    },
    "472214-0":{
      "refId":"flora_bittergreen_pod_01",
      "inventory":[]
    },
    "472215-0":{
      "refId":"flora_bittergreen_01",
      "inventory":[]
    },
    "472216-0":{
      "refId":"flora_bittergreen_02",
      "inventory":[{
          "refId":"ingred_bittergreen_petals_01",
          "count":2,
          "charge":-1,
          "enchantmentCharge":-1,
          "soul":""
        }]
    },
    "472217-0":{
      "refId":"flora_bittergreen_03",
      "inventory":[{
          "refId":"ingred_bittergreen_petals_01",
          "count":2,
          "charge":-1,
          "enchantmentCharge":-1,
          "soul":""
        }]
    },
    "472218-0":{
      "refId":"flora_bittergreen_04",
      "inventory":[{
          "refId":"ingred_bittergreen_petals_01",
          "count":2,
          "charge":-1,
          "enchantmentCharge":-1,
          "soul":""
        }]
    },
    "472219-0":{
      "refId":"flora_bittergreen_05",
      "inventory":[{
          "refId":"ingred_bittergreen_petals_01",
          "count":2,
          "charge":-1,
          "enchantmentCharge":-1,
          "soul":""
        }]
    },
    "472220-0":{
      "refId":"flora_kreshweed_02",
      "inventory":[{
          "refId":"ingred_kresh_fiber_01",
          "count":1,
          "charge":-1,
          "enchantmentCharge":-1,
          "soul":""
        }]
    },
    "472221-0":{
      "refId":"flora_kreshweed_03",
      "inventory":[{
          "refId":"ingred_kresh_fiber_01",
          "count":1,
          "charge":-1,
          "enchantmentCharge":-1,
          "soul":""
        }]
    },
    "472222-0":{
      "refId":"flora_chokeweed_02",
      "inventory":[{
          "refId":"ingred_chokeweed_01",
          "count":1,
          "charge":-1,
          "enchantmentCharge":-1,
          "soul":""
        }]
    },
    "472227-0":{
      "refId":"flora_stoneflower_02",
      "inventory":[]
    },
    "472228-0":{
      "refId":"flora_stoneflower_01",
      "inventory":[]
    },
    "355379-0":{
      "refId":"slaughterfish",
      "location":{
        "posX":-81455.453125,
        "posY":114911.875,
        "posZ":-146.52410888672,
        "rotX":0,
        "rotZ":0,
        "rotY":0
      },
      "stats":{
        "magickaCurrent":10,
        "fatigueBase":400,
        "fatigueCurrent":398.83432006836,
        "fatigueModified":400,
        "magickaBase":10,
        "healthModified":23,
        "healthBase":23,
        "healthCurrent":0,
        "magickaModified":10
      },
      "cellChangeFrom":"-10, 13",
      "inventory":[{
          "refId":"ingred_scales_01",
          "count":2,
          "charge":-1,
          "enchantmentCharge":-1,
          "soul":""
        }],
      "killer":{
        "playerName":"Fidgug"
      },
      "deathState":38
    },
    "472230-0":{
      "refId":"flora_stoneflower_02",
      "inventory":[]
    },
    "472231-0":{
      "refId":"flora_stoneflower_01",
      "inventory":[]
    },
    "472232-0":{
      "refId":"flora_stoneflower_02",
      "inventory":[]
    },
    "472233-0":{
      "refId":"flora_kreshweed_01",
      "inventory":[]
    },
    "472235-0":{
      "refId":"flora_kreshweed_03",
      "inventory":[{
          "refId":"ingred_kresh_fiber_01",
          "count":1,
          "charge":-1,
          "enchantmentCharge":-1,
          "soul":""
        }]
    },
    "472229-0":{
      "refId":"flora_stoneflower_01",
      "inventory":[]
    }
  },
  "loadState":{
    "hasFullActorList":true,
    "hasFullContainerData":true
  }
}