{
  "packets":{
    "actorList":["0-684","0-683","19433-0","0-685","0-702"],
    "ai":[],
    "cellChangeFrom":[],
    "cellChangeTo":[],
    "container":["26620-0","472395-0","472396-0","472397-0","472398-0","472399-0","472400-0","472401-0","472402-0","472403-0","472404-0","0-684","0-683","19433-0","0-685","0-702"],
    "death":[],
    "delete":[],
    "doorState":[],
    "equipment":[],
    "lock":[],
    "place":[],
    "position":["0-683","0-684","19433-0","0-685","0-702"],
    "scale":[],
    "spawn":["0-684","0-683","0-685","0-702"],
    "state":[],
    "statsDynamic":["0-683","0-684","19433-0","0-685","0-702"],
    "trap":[],
    "clientScriptLocal":[],
    "spellsActive":[],
    "miscellaneous":[]
  },
  "entry":{
    "creationTime":1716739229,
    "description":"-11, 12"
  },
  "lastVisit":{
    "Benoit":1717188856,
    "Fidgug":1717188839
  },
  "recordLinks":[],
  "objectData":{
    "0-684":{
      "refId":"netch_bull",
      "location":{
        "posX":-87164.8671875,
        "posY":103029.1875,
        "posZ":1103.8286132813,
        "rotX":-0.0064665488898754,
        "rotZ":-2.1190721988678,
        "rotY":0
      },
      "stats":{
        "magickaCurrent":100,
        "fatigueBase":400,
        "fatigueCurrent":400,
        "fatigueModified":400,
        "magickaBase":100,
        "healthModified":45,
        "healthBase":45,
        "healthCurrent":45,
        "magickaModified":100
      },
      "inventory":[{
          "refId":"ingred_netch_leather_01",
          "count":2,
          "charge":-1,
          "enchantmentCharge":-1,
          "soul":""
        }]
    },
    "0-683":{
      "refId":"scrib diseased",
      "location":{
        "posX":-88697.8671875,
        "posY":102470.7734375,
        "posZ":940.63989257813,
        "rotX":-0.12544704973698,
        "rotZ":-1.7626926898956,
        "rotY":0
      },
      "stats":{
        "magickaCurrent":12,
        "fatigueBase":79,
        "fatigueCurrent":79,
        "fatigueModified":79,
        "magickaBase":12,
        "healthModified":8,
        "healthBase":8,
        "healthCurrent":8,
        "magickaModified":12
      },
      "inventory":[{
          "refId":"ingred_scrib_jelly_01",
          "count":2,
          "charge":-1,
          "enchantmentCharge":-1,
          "soul":""
        }]
    },
    "19433-0":{
      "refId":"alit",
      "location":{
        "posX":-83629.5546875,
        "posY":101855.9140625,
        "posZ":692.43597412109,
        "rotX":0.054911471903324,
        "rotZ":-1.5528757572174,
        "rotY":0
      },
      "stats":{
        "magickaCurrent":75,
        "fatigueBase":400,
        "fatigueCurrent":400,
        "fatigueModified":400,
        "magickaBase":75,
        "healthModified":30,
        "healthBase":30,
        "healthCurrent":30,
        "magickaModified":75
      },
      "inventory":[{
          "refId":"ingred_alit_hide_01",
          "count":1,
          "charge":-1,
          "enchantmentCharge":-1,
          "soul":""
        }]
    },
    "0-685":{
      "refId":"nix-hound",
      "location":{
        "posX":-84589.15625,
        "posY":104184.5078125,
        "posZ":1188.3308105469,
        "rotX":-0.052382703870535,
        "rotZ":-1.0127098560333,
        "rotY":0
      },
      "stats":{
        "magickaCurrent":10,
        "fatigueBase":400,
        "fatigueCurrent":400,
        "fatigueModified":400,
        "magickaBase":10,
        "healthModified":23,
        "healthBase":23,
        "healthCurrent":23,
        "magickaModified":10
      },
      "inventory":[{
          "refId":"ingred_hound_meat_01",
          "count":1,
          "charge":-1,
          "enchantmentCharge":-1,
          "soul":""
        }]
    },
    "0-702":{
      "refId":"scrib diseased",
      "location":{
        "posX":-85176.609375,
        "posY":105604.3828125,
        "posZ":1858.6279296875,
        "rotX":0.21228712797165,
        "rotZ":-1.6415102481842,
        "rotY":0
      },
      "stats":{
        "magickaCurrent":12,
        "fatigueBase":73,
        "fatigueCurrent":73,
        "fatigueModified":73,
        "magickaBase":12,
        "healthModified":8,
        "healthBase":8,
        "healthCurrent":8,
        "magickaModified":12
      },
      "inventory":[{
          "refId":"ingred_scrib_jelly_01",
          "count":2,
          "charge":-1,
          "enchantmentCharge":-1,
          "soul":""
        }]
    },
    "26620-0":{
      "refId":"com_chest_02_k01",
      "inventory":[{
          "refId":"imperial_studded_cuirass",
          "count":1,
          "charge":-1,
          "enchantmentCharge":-1,
          "soul":""
        },{
          "refId":"steel club",
          "count":1,
          "charge":-1,
          "enchantmentCharge":-1,
          "soul":""
        }]
    },
    "472395-0":{
      "refId":"flora_kreshweed_01",
      "inventory":[{
          "refId":"ingred_kresh_fiber_01",
          "count":1,
          "charge":-1,
          "enchantmentCharge":-1,
          "soul":""
        }]
    },
    "472396-0":{
      "refId":"flora_chokeweed_02",
      "inventory":[{
          "refId":"ingred_chokeweed_01",
          "count":1,
          "charge":-1,
          "enchantmentCharge":-1,
          "soul":""
        }]
    },
    "472397-0":{
      "refId":"flora_kreshweed_02",
      "inventory":[]
    },
    "472398-0":{
      "refId":"flora_roobrush_02",
      "inventory":[{
          "refId":"ingred_roobrush_01",
          "count":1,
          "charge":-1,
          "enchantmentCharge":-1,
          "soul":""
        }]
    },
    "472399-0":{
      "refId":"flora_kreshweed_01",
      "inventory":[{
          "refId":"ingred_kresh_fiber_01",
          "count":1,
          "charge":-1,
          "enchantmentCharge":-1,
          "soul":""
        }]
    },
    "472400-0":{
      "refId":"flora_kreshweed_03",
      "inventory":[{
          "refId":"ingred_kresh_fiber_01",
          "count":1,
          "charge":-1,
          "enchantmentCharge":-1,
          "soul":""
        }]
    },
    "472401-0":{
      "refId":"flora_chokeweed_02",
      "inventory":[{
          "refId":"ingred_chokeweed_01",
          "count":1,
          "charge":-1,
          "enchantmentCharge":-1,
          "soul":""
        }]
    },
    "472402-0":{
      "refId":"flora_kreshweed_03",
      "inventory":[{
          "refId":"ingred_kresh_fiber_01",
          "count":1,
          "charge":-1,
          "enchantmentCharge":-1,
          "soul":""
        }]
    },
    "472403-0":{
      "refId":"flora_kreshweed_01",
      "inventory":[{
          "refId":"ingred_kresh_fiber_01",
          "count":1,
          "charge":-1,
          "enchantmentCharge":-1,
          "soul":""
        }]
    },
    "472404-0":{
      "refId":"flora_kreshweed_02",
      "inventory":[{
          "refId":"ingred_kresh_fiber_01",
          "count":1,
          "charge":-1,
          "enchantmentCharge":-1,
          "soul":""
        }]
    }
  },
  "loadState":{
    "hasFullActorList":true,
    "hasFullContainerData":true
  }
}