{
  "packets":{
    "actorList":["0-655","0-657","268210-0","268211-0","0-656"],
    "ai":[],
    "cellChangeFrom":[],
    "cellChangeTo":[],
    "container":["59986-0","59988-0","268217-0","472333-0","472334-0","472335-0","472337-0","472338-0","472339-0","472340-0","472341-0","472342-0","472344-0","472345-0","472346-0","472347-0","472348-0","268210-0","268211-0","0-655","0-657","0-656"],
    "death":[],
    "delete":[],
    "doorState":[],
    "equipment":["268210-0","268211-0"],
    "lock":[],
    "place":[],
    "position":["268210-0","268211-0","0-655","0-657","0-656"],
    "scale":[],
    "spawn":["0-655","0-657","0-656"],
    "state":[],
    "statsDynamic":["268210-0","268211-0","0-655","0-657","0-656"],
    "trap":[],
    "clientScriptLocal":[],
    "spellsActive":[],
    "miscellaneous":["268211-0","268210-0"]
  },
  "entry":{
    "description":"-11, 14",
    "creationTime":1716738706
  },
  "lastVisit":{
    "Benoit":1717183505,
    "Fidgug":1717180886
  },
  "recordLinks":[],
  "objectData":{
    "0-655":{
      "refId":"scrib diseased",
      "location":{
        "posX":-87783.21875,
        "posY":121021.4609375,
        "posZ":1227.7106933594,
        "rotX":-0.081041403114796,
        "rotZ":2.4784018993378,
        "rotY":0
      },
      "stats":{
        "magickaCurrent":12,
        "fatigueBase":66,
        "fatigueCurrent":66,
        "fatigueModified":66,
        "magickaBase":12,
        "healthModified":8,
        "healthBase":8,
        "healthCurrent":8,
        "magickaModified":12
      },
      "inventory":[]
    },
    "0-657":{
      "refId":"scrib",
      "location":{
        "posX":-85273.953125,
        "posY":120133.65625,
        "posZ":942.96484375,
        "rotX":0.17115071415901,
        "rotZ":-0.20211505889893,
        "rotY":0
      },
      "stats":{
        "magickaCurrent":12,
        "fatigueBase":300,
        "fatigueCurrent":300,
        "fatigueModified":300,
        "magickaBase":12,
        "healthModified":8,
        "healthBase":8,
        "healthCurrent":8,
        "magickaModified":12
      },
      "inventory":[]
    },
    "268210-0":{
      "refId":"rawia ashirbibi",
      "location":{
        "posX":-87764.484375,
        "posY":119182.859375,
        "posZ":1584.1079101563,
        "rotX":0,
        "rotZ":4.4831857681274,
        "rotY":0
      },
      "stats":{
        "magickaCurrent":100,
        "fatigueBase":206,
        "fatigueCurrent":206,
        "fatigueModified":206,
        "magickaBase":100,
        "healthModified":70,
        "healthBase":70,
        "healthCurrent":70,
        "magickaModified":100
      },
      "equipment":{
        "7":{
          "refId":"common_shoes_01",
          "count":1,
          "charge":-1,
          "enchantmentCharge":-1
        },
        "8":{
          "refId":"expensive_shirt_01_a",
          "count":1,
          "charge":-1,
          "enchantmentCharge":-1
        },
        "10":{
          "refId":"expensive_skirt_01",
          "count":1,
          "charge":-1,
          "enchantmentCharge":-1
        },
        "16":{
          "refId":"chitin club",
          "count":1,
          "charge":-1,
          "enchantmentCharge":-1
        }
      },
      "inventory":[{
          "refId":"netch_leather_greaves",
          "count":1,
          "charge":-1,
          "enchantmentCharge":-1,
          "soul":""
        },{
          "refId":"netch_leather_boiled_cuirass",
          "count":1,
          "charge":-1,
          "enchantmentCharge":-1,
          "soul":""
        },{
          "refId":"expensive_skirt_01",
          "count":1,
          "charge":-1,
          "enchantmentCharge":-1,
          "soul":""
        },{
          "refId":"expensive_shirt_01_a",
          "count":1,
          "charge":-1,
          "enchantmentCharge":-1,
          "soul":""
        },{
          "refId":"common_shoes_01",
          "count":1,
          "charge":-1,
          "enchantmentCharge":-1,
          "soul":""
        },{
          "refId":"chitin club",
          "count":1,
          "charge":-1,
          "enchantmentCharge":-1,
          "soul":""
        }],
      "goldPool":0,
      "lastGoldRestockHour":14.505515098572,
      "lastGoldRestockDay":19
    },
    "268211-0":{
      "refId":"kund assarnibani",
      "location":{
        "posX":-88299.5546875,
        "posY":118180.90625,
        "posZ":1659.2211914063,
        "rotX":0,
        "rotZ":4.1831855773926,
        "rotY":0
      },
      "stats":{
        "magickaCurrent":100,
        "fatigueBase":226,
        "fatigueCurrent":226,
        "fatigueModified":226,
        "magickaBase":100,
        "healthModified":113,
        "healthBase":113,
        "healthCurrent":113,
        "magickaModified":100
      },
      "equipment":{
        "1":{
          "refId":"netch_leather_boiled_cuirass",
          "count":1,
          "charge":-1,
          "enchantmentCharge":-1
        },
        "3":{
          "refId":"netch_leather_pauldron_left",
          "count":1,
          "charge":-1,
          "enchantmentCharge":-1
        },
        "4":{
          "refId":"netch_leather_pauldron_right",
          "count":1,
          "charge":-1,
          "enchantmentCharge":-1
        },
        "7":{
          "refId":"netch_leather_boots",
          "count":1,
          "charge":-1,
          "enchantmentCharge":-1
        },
        "8":{
          "refId":"common_shirt_02_t",
          "count":1,
          "charge":-1,
          "enchantmentCharge":-1
        },
        "9":{
          "refId":"common_pants_03_c",
          "count":1,
          "charge":-1,
          "enchantmentCharge":-1
        },
        "16":{
          "refId":"iron longsword",
          "count":1,
          "charge":-1,
          "enchantmentCharge":-1
        }
      },
      "inventory":[{
          "refId":"netch_leather_boots",
          "count":1,
          "charge":-1,
          "enchantmentCharge":-1,
          "soul":""
        },{
          "refId":"netch_leather_pauldron_right",
          "count":1,
          "charge":-1,
          "enchantmentCharge":-1,
          "soul":""
        },{
          "refId":"netch_leather_pauldron_left",
          "count":1,
          "charge":-1,
          "enchantmentCharge":-1,
          "soul":""
        },{
          "refId":"netch_leather_boiled_cuirass",
          "count":1,
          "charge":-1,
          "enchantmentCharge":-1,
          "soul":""
        },{
          "refId":"common_shirt_02_t",
          "count":1,
          "charge":-1,
          "enchantmentCharge":-1,
          "soul":""
        },{
          "refId":"common_shoes_01",
          "count":1,
          "charge":-1,
          "enchantmentCharge":-1,
          "soul":""
        },{
          "refId":"common_pants_03_c",
          "count":1,
          "charge":-1,
          "enchantmentCharge":-1,
          "soul":""
        },{
          "refId":"iron longsword",
          "count":1,
          "charge":-1,
          "enchantmentCharge":-1,
          "soul":""
        }],
      "goldPool":564,
      "lastGoldRestockHour":23.907545089722,
      "lastGoldRestockDay":17
    },
    "0-656":{
      "refId":"netch_bull",
      "location":{
        "posX":-89563.015625,
        "posY":115188.9375,
        "posZ":890.0908203125,
        "rotX":0.0021224804222584,
        "rotZ":1.3093249797821,
        "rotY":0
      },
      "stats":{
        "magickaCurrent":100,
        "fatigueBase":400,
        "fatigueCurrent":400,
        "magickaModified":100,
        "fatigueModified":400,
        "healthModified":45,
        "healthBase":45,
        "healthCurrent":45,
        "magickaBase":100
      },
      "inventory":[{
          "refId":"ingred_netch_leather_01",
          "count":2,
          "charge":-1,
          "enchantmentCharge":-1,
          "soul":""
        }]
    },
    "59986-0":{
      "refId":"flora_roobrush_02",
      "inventory":[]
    },
    "59988-0":{
      "refId":"flora_roobrush_02",