{
  "packets":{
    "actorList":["0-655","0-656","0-657","268210-0","268211-0"],
    "ai":[],
    "cellChangeFrom":[],
    "cellChangeTo":[],
    "container":["59986-0","59988-0","268217-0","472333-0","472334-0","472335-0","472337-0","472338-0","472339-0","472340-0","472341-0","472342-0","472344-0","472345-0","472346-0","472347-0","472348-0","268210-0","268211-0","0-655","0-657","0-656"],
    "death":[],
    "delete":[],
    "doorState":[],
    "equipment":["268210-0","268211-0"],
    "lock":[],
    "place":[],
    "position":["268210-0","268211-0","0-655","0-656","0-657"],
    "scale":[],
    "spawn":["0-655","0-656","0-657"],
    "state":[],
    "statsDynamic":["268210-0","268211-0","0-655","0-656","0-657"],
    "trap":[],
    "miscellaneous":["268211-0"],
    "clientScriptLocal":[],
    "spellsActive":[]
  },
  "entry":{
    "description":"-11, 14",
    "creationTime":1716738706
  },
  "lastVisit":{
    "Fidgug":1716740635,
    "Benoit":1716740637
  },
  "recordLinks":[],
  "objectData":{
    "472347-0":{
      "refId":"flora_kreshweed_01",
      "inventory":[{
          "refId":"ingred_kresh_fiber_01",
          "count":1,
          "charge":-1,
          "enchantmentCharge":-1,
          "soul":""
        }]
    },
    "472348-0":{
      "refId":"flora_kreshweed_01",
      "inventory":[{
          "refId":"ingred_kresh_fiber_01",
          "count":1,
          "charge":-1,
          "enchantmentCharge":-1,
          "soul":""
        }]
    },
    "0-655":{
      "refId":"scrib diseased",
      "location":{
        "rotZ":2.4347970485687,
        "rotY":0,
        "posX":-88253.265625,
        "posY":121365.9765625,
        "posZ":1171.3090820313,
        "rotX":0.14608000218868
      },
      "stats":{
        "healthModified":8,
        "magickaModified":12,
        "fatigueModified":62,
        "healthBase":8,
        "healthCurrent":8,
        "magickaBase":12,
        "magickaCurrent":12,
        "fatigueBase":62,
        "fatigueCurrent":62
      },
      "inventory":[]
    },
    "0-656":{
      "refId":"netch_bull",
      "location":{
        "rotZ":-1.0443069934845,
        "rotY":0,
        "posX":-89913.75,
        "posY":115390.421875,
        "posZ":860.05859375,
        "rotX":0.23100790381432
      },
      "stats":{
        "healthModified":45,
        "magickaModified":100,
        "fatigueModified":400,
        "healthBase":45,
        "healthCurrent":45,
        "magickaBase":100,
        "magickaCurrent":100,
        "fatigueBase":400,
        "fatigueCurrent":400
      },
      "inventory":[{
          "refId":"ingred_netch_leather_01",
          "count":2,
          "charge":-1,
          "enchantmentCharge":-1,
          "soul":""
        }]
    },
    "0-657":{
      "refId":"scrib",
      "location":{
        "rotZ":-2.3307411670685,
        "rotY":0,
        "posX":-85231.0546875,
        "posY":119408.8984375,
        "posZ":1065.7026367188,
        "rotX":-0.085759781301022
      },
      "stats":{
        "healthModified":8,
        "magickaModified":12,
        "fatigueModified":300,
        "healthBase":8,
        "healthCurrent":8,
        "magickaBase":12,
        "magickaCurrent":12,
        "fatigueBase":300,
        "fatigueCurrent":300
      },
      "inventory":[]
    },
    "268210-0":{
      "refId":"rawia ashirbibi",
      "location":{
        "rotZ":0.24183988571167,
        "rotY":0,
        "posX":-88242.046875,
        "posY":119277.859375,
        "posZ":1577,
        "rotX":-0.10553106665611
      },
      "stats":{
        "healthModified":70,
        "magickaModified":100,
        "fatigueModified":206,
        "healthBase":70,
        "healthCurrent":70,
        "magickaBase":100,
        "magickaCurrent":100,
        "fatigueBase":206,
        "fatigueCurrent":206
      },
      "equipment":{
        "7":{
          "refId":"common_shoes_01",
          "count":1,
          "charge":-1,
          "enchantmentCharge":-1
        },
        "8":{
          "refId":"expensive_shirt_01_a",
          "count":1,
          "charge":-1,
          "enchantmentCharge":-1
        },
        "10":{
          "refId":"expensive_skirt_01",
          "count":1,
          "charge":-1,
          "enchantmentCharge":-1
        },
        "16":{
          "refId":"chitin club",
          "count":1,
          "charge":-1,
          "enchantmentCharge":-1
        }
      },
      "inventory":[{
          "refId":"netch_leather_greaves",
          "count":1,
          "charge":-1,
          "enchantmentCharge":-1,
          "soul":""
        },{
          "refId":"netch_leather_boiled_cuirass",
          "count":1,
          "charge":-1,
          "enchantmentCharge":-1,
          "soul":""
        },{
          "refId":"expensive_skirt_01",
          "count":1,
          "charge":-1,
          "enchantmentCharge":-1,
          "soul":""
        },{
          "refId":"expensive_shirt_01_a",
          "count":1,
          "charge":-1,
          "enchantmentCharge":-1,
          "soul":""
        },{
          "refId":"common_shoes_01",
          "count":1,
          "charge":-1,
          "enchantmentCharge":-1,
          "soul":""
        },{
          "refId":"chitin club",
          "count":1,
          "charge":-1,
          "enchantmentCharge":-1,
          "soul":""
        }]
    },
    "268211-0":{
      "refId":"kund assarnibani",
      "location":{
        "rotZ":-0.5844395160675,
        "rotY":0,
        "posX":-88599.4765625,
        "posY":118615.9140625,
        "posZ":1629.2828369141,
        "rotX":0.026134412735701
      },
      "stats":{
        "healthModified":113,
        "magickaModified":100,
        "fatigueModified":226,
        "healthBase":113,
        "healthCurrent":113,
        "magickaBase":100,
        "magickaCurrent":100,
        "fatigueBase":226,
        "fatigueCurrent":226
      },
      "equipment":{
        "1":{
          "refId":"netch_leather_boiled_cuirass",
          "count":1,
          "charge":-1,
          "enchantmentCharge":-1
        },
        "3":{
          "refId":"netch_leather_pauldron_left",
          "count":1,
          "charge":-1,
          "enchantmentCharge":-1
        },
        "4":{
          "refId":"netch_leather_pauldron_right",
          "count":1,
          "charge":-1,
          "enchantmentCharge":-1
        },
        "7":{
          "refId":"netch_leather_boots",
          "count":1,
          "charge":-1,
          "enchantmentCharge":-1
        },
        "8":{
          "refId":"common_shirt_02_t",
          "count":1,
          "charge":-1,
          "enchantmentCharge":-1
        },
        "9":{
          "refId":"common_pants_03_c",
          "count":1,
          "charge":-1,
          "enchantmentCharge":-1
        },
        "16":{
          "refId":"iron longsword",
          "count":1,
          "charge":-1,
          "enchantmentCharge":-1
        }
      },
      "inventory":[{
          "refId":"netch_leather_boots",
          "count":1,
          "charge":-1,
          "enchantmentCharge":-1,
          "soul":""
        },{
          "refId":"netch_leather_pauldron_right",
          "count":1,
          "charge":-1,
          "enchantmentCharge":-1,
          "soul":""
        },{
          "refId":"netch_leather_pauldron_left",
          "count":1,
          "charge":-1,
          "enchantmentCharge":-1,
          "soul":""
        },{
          "refId":"netch_leather_boiled_cuirass",
          "count":1,
          "charge":-1,
          "enchantmentCharge":-1,
          "soul":""
        },{
          "refId":"common_shirt_02_t",
          "count":1,
          "charge":-1,
          "enchantmentCharge":-1,
          "soul":""
        },{
          "refId":"common_shoes_01",
          "count":1,
          "charge":-1,
          "enchantmentCharge":-1,
          "soul":""
        },{
          "refId":"common_pants_03_c",
          "count":1,
          "charge":-1,
          "enchantmentCharge":-1,