{
  "packets":{
    "actorList":["0-684","0-683","19433-0","0-685","0-702"],
    "ai":[],
    "cellChangeFrom":[],
    "cellChangeTo":[],
    "container":["26620-0","472395-0","472396-0","472397-0","472398-0","472399-0","472400-0","472401-0","472402-0","472403-0","472404-0","0-684","0-683","19433-0","0-685","0-702"],
    "death":[],
    "delete":[],
    "doorState":[],
    "equipment":[],
    "lock":[],
    "place":[],
    "position":["0-683","0-684","19433-0","0-685","0-702"],
    "scale":[],
    "spawn":["0-684","0-683","0-685","0-702"],
    "state":[],
    "statsDynamic":["0-683","0-684","19433-0","0-685","0-702"],
    "trap":[],
    "clientScriptLocal":[],
    "spellsActive":[],
    "miscellaneous":[]
  },
  "entry":{
    "description":"-11, 12",
    "creationTime":1716739229
  },
  "lastVisit":{
    "Benoit":1719603409,
    "Fidgug":1719603964
  },
  "recordLinks":[],
  "objectData":{
    "19433-0":{
      "refId":"alit",
      "location":{
        "posX":-83360.609375,
        "posY":102345.25,
        "posZ":209.6999206543,
        "rotX":0.58385622501373,
        "rotY":0,
        "rotZ":-0.54136371612549
      },
      "stats":{
        "magickaCurrent":75,
        "fatigueBase":400,
        "fatigueCurrent":400,
        "healthModified":30,
        "magickaModified":75,
        "fatigueModified":400,
        "healthBase":30,
        "healthCurrent":30,
        "magickaBase":75
      },
      "inventory":[{
          "refId":"ingred_alit_hide_01",
          "count":1,
          "charge":-1,
          "enchantmentCharge":-1,
          "soul":""
        }]
    },
    "0-685":{
      "refId":"nix-hound",
      "location":{
        "posX":-85780.4453125,
        "posY":104315.5390625,
        "posZ":1141.8800048828,
        "rotX":0.17713099718094,
        "rotY":0,
        "rotZ":-1.6762630939484
      },
      "stats":{
        "magickaCurrent":10,
        "fatigueBase":400,
        "fatigueCurrent":400,
        "healthModified":23,
        "magickaModified":10,
        "fatigueModified":400,
        "healthBase":23,
        "healthCurrent":23,
        "magickaBase":10
      },
      "inventory":[{
          "refId":"ingred_hound_meat_01",
          "count":1,
          "charge":-1,
          "enchantmentCharge":-1,
          "soul":""
        }]
    },
    "0-702":{
      "refId":"scrib diseased",
      "location":{
        "posX":-85176.609375,
        "posY":105604.375,
        "posZ":1858.6254882813,
        "rotX":0.21228712797165,
        "rotY":0,
        "rotZ":-1.6415102481842
      },
      "stats":{
        "magickaCurrent":12,
        "fatigueBase":73,
        "fatigueCurrent":73,
        "healthModified":8,
        "magickaModified":12,
        "fatigueModified":73,
        "healthBase":8,
        "healthCurrent":8,
        "magickaBase":12
      },
      "inventory":[{
          "refId":"ingred_scrib_jelly_01",
          "count":2,
          "charge":-1,
          "enchantmentCharge":-1,
          "soul":""
        }]
    },
    "26620-0":{
      "refId":"com_chest_02_k01",
      "inventory":[{
          "refId":"imperial_studded_cuirass",
          "count":1,
          "charge":-1,
          "enchantmentCharge":-1,
          "soul":""
        },{
          "refId":"steel club",
          "count":1,
          "charge":-1,
          "enchantmentCharge":-1,
          "soul":""
        }]
    },
    "472395-0":{
      "refId":"flora_kreshweed_01",
      "inventory":[{
          "refId":"ingred_kresh_fiber_01",
          "count":1,
          "charge":-1,
          "enchantmentCharge":-1,
          "soul":""
        }]
    },
    "472396-0":{
      "refId":"flora_chokeweed_02",
      "inventory":[{
          "refId":"ingred_chokeweed_01",
          "count":1,
          "charge":-1,
          "enchantmentCharge":-1,
          "soul":""
        }]
    },
    "472397-0":{
      "refId":"flora_kreshweed_02",
      "inventory":[]
    },
    "472398-0":{
      "refId":"flora_roobrush_02",
      "inventory":[{
          "refId":"ingred_roobrush_01",
          "count":1,
          "charge":-1,
          "enchantmentCharge":-1,
          "soul":""
        }]
    },
    "472399-0":{
      "refId":"flora_kreshweed_01",
      "inventory":[{
          "refId":"ingred_kresh_fiber_01",
          "count":1,
          "charge":-1,
          "enchantmentCharge":-1,
          "soul":""
        }]
    },
    "472400-0":{
      "refId":"flora_kreshweed_03",
      "inventory":[{
          "refId":"ingred_kresh_fiber_01",
          "count":1,
          "charge":-1,
          "enchantmentCharge":-1,
          "soul":""
        }]
    },
    "472401-0":{
      "refId":"flora_chokeweed_02",
      "inventory":[{
          "refId":"ingred_chokeweed_01",
          "count":1,
          "charge":-1,
          "enchantmentCharge":-1,
          "soul":""
        }]
    },
    "472402-0":{
      "refId":"flora_kreshweed_03",
      "inventory":[{
          "refId":"ingred_kresh_fiber_01",
          "count":1,
          "charge":-1,
          "enchantmentCharge":-1,
          "soul":""
        }]
    },
    "472403-0":{
      "refId":"flora_kreshweed_01",
      "inventory":[{
          "refId":"ingred_kresh_fiber_01",
          "count":1,
          "charge":-1,
          "enchantmentCharge":-1,
          "soul":""
        }]
    },
    "472404-0":{
      "refId":"flora_kreshweed_02",
      "inventory":[{
          "refId":"ingred_kresh_fiber_01",
          "count":1,
          "charge":-1,
          "enchantmentCharge":-1,
          "soul":""
        }]
    },
    "0-684":{
      "refId":"netch_bull",
      "location":{
        "posX":-85604.140625,
        "posY":103255.21875,
        "posZ":1106.4113769531,
        "rotX":0.00051580648869276,
        "rotY":0,
        "rotZ":-1.127090215683
      },
      "stats":{
        "magickaCurrent":100,
        "fatigueBase":400,
        "fatigueCurrent":400,
        "healthModified":45,
        "magickaModified":100,
        "fatigueModified":400,
        "healthBase":45,
        "healthCurrent":45,
        "magickaBase":100
      },
      "inventory":[{
          "refId":"ingred_netch_leather_01",
          "count":2,
          "charge":-1,
          "enchantmentCharge":-1,
          "soul":""
        }]
    },
    "0-683":{
      "refId":"scrib diseased",
      "location":{
        "posX":-89651.3203125,
        "posY":102205.78125,
        "posZ":986.45458984375,
        "rotX":-0.16724839806557,
        "rotY":0,
        "rotZ":-1.5861451625824
      },
      "stats":{
        "magickaCurrent":12,
        "fatigueBase":79,
        "fatigueCurrent":79,
        "healthModified":8,
        "magickaModified":12,
        "fatigueModified":79,
        "healthBase":8,
        "healthCurrent":8,
        "magickaBase":12
      },
      "inventory":[{
          "refId":"ingred_scrib_jelly_01",
          "count":2,
          "charge":-1,
          "enchantmentCharge":-1,
          "soul":""
        }]
    }
  },
  "loadState":{
    "hasFullActorList":true,
    "hasFullContainerData":true
  }
}