{
  "packets":{
    "actorList":["0-678","0-677","11931-0","11930-0","0-676"],
    "ai":[],
    "cellChangeFrom":[],
    "cellChangeTo":[],
    "container":["13677-0","13678-0","13679-0","13680-0","18599-0","472406-0","472407-0","472411-0","472413-0","472414-0","11930-0","11931-0","0-678","0-676","0-677"],
    "death":[],
    "delete":[],
    "doorState":[],
    "equipment":["11931-0","11930-0"],
    "lock":[],
    "place":[],
    "position":["11930-0","11931-0","0-677","0-678","0-676"],
    "scale":[],
    "spawn":["0-678","0-676","0-677"],
    "state":[],
    "statsDynamic":["11930-0","11931-0","0-677","0-678","0-676"],
    "trap":[],
    "clientScriptLocal":[],
    "spellsActive":[],
    "miscellaneous":["11930-0"]
  },
  "entry":{
    "description":"-11, 10",
    "creationTime":1716739229
  },
  "lastVisit":{
    "Benoit":1717188856,
    "Fidgug":1717188839
  },
  "recordLinks":[],
  "objectData":{
    "0-678":{
      "refId":"rat_diseased",
      "location":{
        "posX":-86062.859375,
        "posY":83123.8125,
        "posZ":1448.2102050781,
        "rotX":0.27225595712662,
        "rotZ":2.394430398941,
        "rotY":0
      },
      "stats":{
        "magickaCurrent":10,
        "fatigueBase":99,
        "fatigueCurrent":99,
        "fatigueModified":99,
        "magickaBase":10,
        "healthModified":23,
        "healthBase":23,
        "healthCurrent":23,
        "magickaModified":10
      },
      "inventory":[{
          "refId":"ingred_rat_meat_01",
          "count":2,
          "charge":-1,
          "enchantmentCharge":-1,
          "soul":""
        }]
    },
    "0-677":{
      "refId":"rat_blighted",
      "location":{
        "posX":-84117.640625,
        "posY":84449.1796875,
        "posZ":800.99981689453,
        "rotX":-0.025862887501717,
        "rotZ":-0.94024348258972,
        "rotY":0
      },
      "stats":{
        "magickaCurrent":10,
        "fatigueBase":74,
        "fatigueCurrent":74,
        "fatigueModified":74,
        "magickaBase":10,
        "healthModified":45,
        "healthBase":45,
        "healthCurrent":45,
        "magickaModified":10
      },
      "inventory":[]
    },
    "11931-0":{
      "refId":"hentus yansurnummu",
      "location":{
        "posX":-84813.03125,
        "posY":88050.6875,
        "posZ":-83.213943481445,
        "rotX":0,
        "rotZ":0.87079644203186,
        "rotY":0
      },
      "stats":{
        "magickaCurrent":22,
        "fatigueBase":223,
        "fatigueCurrent":223,
        "fatigueModified":223,
        "magickaBase":22,
        "healthModified":93,
        "healthBase":93,
        "healthCurrent":93,
        "magickaModified":22
      },
      "equipment":[null,null,null,null,null,null,null,{
          "refId":"common_shirt_02",
          "count":1,
          "charge":-1,
          "enchantmentCharge":-1
        }],
      "inventory":[{
          "refId":"common_shirt_02",
          "count":1,
          "charge":-1,
          "enchantmentCharge":-1,
          "soul":""
        }]
    },
    "11930-0":{
      "refId":"punibi yahaz",
      "location":{
        "posX":-86641.5,
        "posY":89361.3359375,
        "posZ":1030.5090332031,
        "rotX":0,
        "rotZ":0,
        "rotY":0
      },
      "stats":{
        "magickaCurrent":104,
        "fatigueBase":166,
        "fatigueCurrent":166,
        "fatigueModified":166,
        "magickaBase":104,
        "healthModified":52,
        "healthBase":52,
        "healthCurrent":52,
        "magickaModified":104
      },
      "equipment":[null,null,null,null,null,null,{
          "refId":"common_shoes_01",
          "count":1,
          "charge":-1,
          "enchantmentCharge":-1
        },{
          "refId":"common_shirt_02_h",
          "count":1,
          "charge":-1,
          "enchantmentCharge":-1
        },{
          "refId":"common_pants_04",
          "count":1,
          "charge":-1,
          "enchantmentCharge":-1
        }],
      "inventory":[{
          "refId":"common_shirt_02_h",
          "count":1,
          "charge":-1,
          "enchantmentCharge":-1,
          "soul":""
        },{
          "refId":"common_shoes_01",
          "count":1,
          "charge":-1,
          "enchantmentCharge":-1,
          "soul":""
        },{
          "refId":"common_pants_04",
          "count":1,
          "charge":-1,
          "enchantmentCharge":-1,
          "soul":""
        }],
      "goldPool":36,
      "lastGoldRestockHour":18.220573425293,
      "lastGoldRestockDay":22
    },
    "0-676":{
      "refId":"nix-hound",
      "location":{
        "posX":-89817.046875,
        "posY":84923.4765625,
        "posZ":1248.3298339844,
        "rotX":-0.20514664053917,
        "rotZ":0.93334746360779,
        "rotY":0
      },
      "stats":{
        "magickaCurrent":10,
        "fatigueBase":400,
        "fatigueCurrent":400,
        "fatigueModified":400,
        "magickaBase":10,
        "healthModified":23,
        "healthBase":23,
        "healthCurrent":23,
        "magickaModified":10
      },
      "inventory":[{
          "refId":"ingred_hound_meat_01",
          "count":1,
          "charge":-1,
          "enchantmentCharge":-1,
          "soul":""
        }]
    },
    "472413-0":{
      "refId":"flora_kreshweed_01",
      "inventory":[{
          "refId":"ingred_kresh_fiber_01",
          "count":1,
          "charge":-1,
          "enchantmentCharge":-1,
          "soul":""
        }]
    },
    "472414-0":{
      "refId":"flora_kreshweed_03",
      "inventory":[{
          "refId":"ingred_kresh_fiber_01",
          "count":1,
          "charge":-1,
          "enchantmentCharge":-1,
          "soul":""
        }]
    },
    "13679-0":{
      "refId":"flora_chokeweed_02",
      "inventory":[{
          "refId":"ingred_chokeweed_01",
          "count":1,
          "charge":-1,
          "enchantmentCharge":-1,
          "soul":""
        }]
    },
    "472407-0":{
      "refId":"flora_kreshweed_03",
      "inventory":[]
    },
    "472406-0":{
      "refId":"flora_kreshweed_02",
      "inventory":[{
          "refId":"ingred_kresh_fiber_01",
          "count":1,
          "charge":-1,
          "enchantmentCharge":-1,
          "soul":""
        }]
    },
    "18599-0":{
      "refId":"flora_chokeweed_02",
      "inventory":[{
          "refId":"ingred_chokeweed_01",
          "count":1,
          "charge":-1,
          "enchantmentCharge":-1,
          "soul":""
        }]
    },
    "13680-0":{
      "refId":"flora_chokeweed_02",
      "inventory":[{
          "refId":"ingred_chokeweed_01",
          "count":1,
          "charge":-1,
          "enchantmentCharge":-1,
          "soul":""
        }]
    },
    "13678-0":{
      "refId":"flora_chokeweed_02",
      "inventory":[{
          "refId":"ingred_chokeweed_01",
          "count":1,
          "charge":-1,
          "enchantmentCharge":-1,
          "soul":""
        }]
    },
    "13677-0":{
      "refId":"flora_chokeweed_02",
      "inventory":[]
    },
    "472411-0":{
      "refId":"flora_kreshweed_01",
      "inventory":[{
          "refId":"ingred_kresh_fiber_01",
          "count":1,
          "charge":-1,
          "enchantmentCharge":-1,
          "soul":""
        }]
    }
  },
  "loadState":{
    "hasFullActorList":true,
    "hasFullContainerData":true
  }
}