{
  "packets":{
    "actorList":["0-684","19433-0","0-685","0-702","0-683"],
    "ai":[],
    "cellChangeFrom":[],
    "cellChangeTo":[],
    "container":["26620-0","472395-0","472396-0","472397-0","472398-0","472399-0","472400-0","472401-0","472402-0","472403-0","472404-0","0-684","19433-0","0-685","0-702","0-683"],
    "death":[],
    "delete":[],
    "doorState":[],
    "equipment":[],
    "lock":[],
    "place":[],
    "position":["0-684","19433-0","0-685","0-702","0-683"],
    "scale":[],
    "spawn":["0-684","0-685","0-702","0-683"],
    "state":[],
    "statsDynamic":["0-684","19433-0","0-685","0-702","0-683"],
    "trap":[],
    "clientScriptLocal":[],
    "spellsActive":[],
    "miscellaneous":[]
  },
  "entry":{
    "creationTime":1716739229,
    "description":"-11, 12"
  },
  "lastVisit":{
    "Benoit":1724440204,
    "Fidgug":1724440213
  },
  "recordLinks":[],
  "objectData":{
    "0-684":{
      "refId":"netch_bull",
      "location":{
        "posY":101960.703125,
        "posZ":1104.5987548828,
        "rotX":0.00012191198766232,
        "rotZ":1.8648269176483,
        "rotY":0,
        "posX":-87454.375
      },
      "stats":{
        "fatigueBase":400,
        "fatigueCurrent":400,
        "fatigueModified":400,
        "healthCurrent":45,
        "magickaBase":100,
        "healthBase":45,
        "healthModified":45,
        "magickaModified":100,
        "magickaCurrent":100
      },
      "inventory":[{
          "refId":"ingred_netch_leather_01",
          "count":2,
          "charge":-1,
          "enchantmentCharge":-1,
          "soul":""
        }]
    },
    "0-683":{
      "refId":"scrib diseased",
      "location":{
        "posY":101848.859375,
        "posZ":1044.4379882813,
        "rotX":0.044572371989489,
        "rotZ":2.9887297153473,
        "rotY":0,
        "posX":-89547.78125
      },
      "stats":{
        "fatigueBase":75,
        "fatigueCurrent":75,
        "fatigueModified":75,
        "healthCurrent":8,
        "magickaBase":12,
        "healthBase":8,
        "healthModified":8,
        "magickaModified":12,
        "magickaCurrent":12
      },
      "inventory":[{
          "refId":"ingred_scrib_jelly_01",
          "count":2,
          "charge":-1,
          "enchantmentCharge":-1,
          "soul":""
        }]
    },
    "19433-0":{
      "refId":"alit",
      "location":{
        "posY":102789.9140625,
        "posZ":428.61087036133,
        "rotX":0.15032404661179,
        "rotZ":-0.261967420578,
        "rotY":0,
        "posX":-83632.234375
      },
      "stats":{
        "fatigueBase":400,
        "fatigueCurrent":400,
        "fatigueModified":400,
        "healthCurrent":30,
        "magickaBase":75,
        "healthBase":30,
        "healthModified":30,
        "magickaModified":75,
        "magickaCurrent":75
      },
      "inventory":[{
          "refId":"ingred_alit_hide_01",
          "count":1,
          "charge":-1,
          "enchantmentCharge":-1,
          "soul":""
        }]
    },
    "0-685":{
      "refId":"nix-hound",
      "location":{
        "posY":104253.90625,
        "posZ":1136.5983886719,
        "rotX":0.49821606278419,
        "rotZ":-1.8837840557098,
        "rotY":0,
        "posX":-85729.828125
      },
      "stats":{
        "fatigueBase":400,
        "fatigueCurrent":400,
        "fatigueModified":400,
        "healthCurrent":23,
        "magickaBase":10,
        "healthBase":23,
        "healthModified":23,
        "magickaModified":10,
        "magickaCurrent":10
      },
      "inventory":[{
          "refId":"ingred_hound_meat_01",
          "count":1,
          "charge":-1,
          "enchantmentCharge":-1,
          "soul":""
        }]
    },
    "0-702":{
      "refId":"scrib diseased",
      "location":{
        "posY":105826.171875,
        "posZ":1928.0615234375,
        "rotX":-0.26056230068207,
        "rotZ":0.42689490318298,
        "rotY":0,
        "posX":-85081.265625
      },
      "stats":{
        "fatigueBase":61,
        "fatigueCurrent":61,
        "fatigueModified":61,
        "healthCurrent":8,
        "magickaBase":12,
        "healthBase":8,
        "healthModified":8,
        "magickaModified":12,
        "magickaCurrent":12
      },
      "inventory":[{
          "refId":"ingred_scrib_jelly_01",
          "count":2,
          "charge":-1,
          "enchantmentCharge":-1,
          "soul":""
        }]
    },
    "26620-0":{
      "refId":"com_chest_02_k01",
      "inventory":[{
          "refId":"imperial_studded_cuirass",
          "count":1,
          "charge":-1,
          "enchantmentCharge":-1,
          "soul":""
        },{
          "refId":"steel club",
          "count":1,
          "charge":-1,
          "enchantmentCharge":-1,
          "soul":""
        }]
    },
    "472395-0":{
      "refId":"flora_kreshweed_01",
      "inventory":[{
          "refId":"ingred_kresh_fiber_01",
          "count":1,
          "charge":-1,
          "enchantmentCharge":-1,
          "soul":""
        }]
    },
    "472396-0":{
      "refId":"flora_chokeweed_02",
      "inventory":[{
          "refId":"ingred_chokeweed_01",
          "count":1,
          "charge":-1,
          "enchantmentCharge":-1,
          "soul":""
        }]
    },
    "472397-0":{
      "refId":"flora_kreshweed_02",
      "inventory":[]
    },
    "472398-0":{
      "refId":"flora_roobrush_02",
      "inventory":[{
          "refId":"ingred_roobrush_01",
          "count":1,
          "charge":-1,
          "enchantmentCharge":-1,
          "soul":""
        }]
    },
    "472399-0":{
      "refId":"flora_kreshweed_01",
      "inventory":[{
          "refId":"ingred_kresh_fiber_01",
          "count":1,
          "charge":-1,
          "enchantmentCharge":-1,
          "soul":""
        }]
    },
    "472400-0":{
      "refId":"flora_kreshweed_03",
      "inventory":[{
          "refId":"ingred_kresh_fiber_01",
          "count":1,
          "charge":-1,
          "enchantmentCharge":-1,
          "soul":""
        }]
    },
    "472401-0":{
      "refId":"flora_chokeweed_02",
      "inventory":[{
          "refId":"ingred_chokeweed_01",
          "count":1,
          "charge":-1,
          "enchantmentCharge":-1,
          "soul":""
        }]
    },
    "472402-0":{
      "refId":"flora_kreshweed_03",
      "inventory":[{
          "refId":"ingred_kresh_fiber_01",
          "count":1,
          "charge":-1,
          "enchantmentCharge":-1,
          "soul":""
        }]
    },
    "472403-0":{
      "refId":"flora_kreshweed_01",
      "inventory":[{
          "refId":"ingred_kresh_fiber_01",
          "count":1,
          "charge":-1,
          "enchantmentCharge":-1,
          "soul":""
        }]
    },
    "472404-0":{
      "refId":"flora_kreshweed_02",
      "inventory":[{
          "refId":"ingred_kresh_fiber_01",
          "count":1,
          "charge":-1,
          "enchantmentCharge":-1,
          "soul":""
        }]
    }
  },
  "loadState":{
    "hasFullContainerData":true,
    "hasFullActorList":true
  }
}