{
  "packets":{
    "actorList":["0-655","0-657","268210-0","268211-0","0-656"],
    "ai":[],
    "cellChangeFrom":[],
    "cellChangeTo":[],
    "container":["59986-0","59988-0","268217-0","472333-0","472334-0","472335-0","472337-0","472338-0","472339-0","472340-0","472341-0","472342-0","472344-0","472345-0","472346-0","472347-0","472348-0","268210-0","268211-0","0-655","0-657","0-656"],
    "death":[],
    "delete":[],
    "doorState":[],
    "equipment":["268210-0","268211-0"],
    "lock":[],
    "place":[],
    "position":["268210-0","268211-0","0-655","0-657","0-656"],
    "scale":[],
    "spawn":["0-655","0-657","0-656"],
    "state":[],
    "statsDynamic":["268210-0","268211-0","0-655","0-657","0-656"],
    "trap":[],
    "clientScriptLocal":[],
    "spellsActive":[],
    "miscellaneous":["268211-0","268210-0"]
  },
  "entry":{
    "description":"-11, 14",
    "creationTime":1716738706
  },
  "lastVisit":{
    "Benoit":1719603439,
    "Fidgug":1719603427
  },
  "recordLinks":[],
  "objectData":{
    "0-655":{
      "refId":"scrib diseased",
      "location":{
        "posX":-88225.4375,
        "posY":120414.953125,
        "posZ":1521.3394775391,
        "rotX":-0.04670936986804,
        "rotY":0,
        "rotZ":0.26746940612793
      },
      "stats":{
        "magickaCurrent":12,
        "fatigueBase":66,
        "fatigueCurrent":66,
        "healthModified":8,
        "magickaModified":12,
        "fatigueModified":66,
        "healthBase":8,
        "healthCurrent":8,
        "magickaBase":12
      },
      "inventory":[]
    },
    "0-657":{
      "refId":"scrib",
      "location":{
        "posX":-85258.984375,
        "posY":120046.953125,
        "posZ":959.82336425781,
        "rotX":0.17898873984814,
        "rotY":0,
        "rotZ":-0.19470763206482
      },
      "stats":{
        "magickaCurrent":12,
        "fatigueBase":300,
        "fatigueCurrent":300,
        "healthModified":8,
        "magickaModified":12,
        "fatigueModified":300,
        "healthBase":8,
        "healthCurrent":8,
        "magickaBase":12
      },
      "inventory":[]
    },
    "268210-0":{
      "refId":"rawia ashirbibi",
      "location":{
        "posX":-87595.734375,
        "posY":119620.9375,
        "posZ":1549.9677734375,
        "rotX":-0.063866958022118,
        "rotY":0,
        "rotZ":0.37202119827271
      },
      "stats":{
        "magickaCurrent":100,
        "fatigueBase":206,
        "fatigueCurrent":206,
        "healthModified":70,
        "magickaModified":100,
        "fatigueModified":206,
        "healthBase":70,
        "healthCurrent":70,
        "magickaBase":100
      },
      "equipment":{
        "7":{
          "refId":"common_shoes_01",
          "count":1,
          "charge":-1,
          "enchantmentCharge":-1
        },
        "8":{
          "refId":"expensive_shirt_01_a",
          "count":1,
          "charge":-1,
          "enchantmentCharge":-1
        },
        "10":{
          "refId":"expensive_skirt_01",
          "count":1,
          "charge":-1,
          "enchantmentCharge":-1
        },
        "16":{
          "refId":"chitin club",
          "count":1,
          "charge":-1,
          "enchantmentCharge":-1
        }
      },
      "inventory":[{
          "refId":"netch_leather_greaves",
          "count":1,
          "charge":-1,
          "enchantmentCharge":-1,
          "soul":""
        },{
          "refId":"netch_leather_boiled_cuirass",
          "count":1,
          "charge":-1,
          "enchantmentCharge":-1,
          "soul":""
        },{
          "refId":"expensive_skirt_01",
          "count":1,
          "charge":-1,
          "enchantmentCharge":-1,
          "soul":""
        },{
          "refId":"expensive_shirt_01_a",
          "count":1,
          "charge":-1,
          "enchantmentCharge":-1,
          "soul":""
        },{
          "refId":"common_shoes_01",
          "count":1,
          "charge":-1,
          "enchantmentCharge":-1,
          "soul":""
        },{
          "refId":"chitin club",
          "count":1,
          "charge":-1,
          "enchantmentCharge":-1,
          "soul":""
        }],
      "goldPool":0,
      "lastGoldRestockHour":14.505515098572,
      "lastGoldRestockDay":19
    },
    "268211-0":{
      "refId":"kund assarnibani",
      "location":{
        "posX":-88155.15625,
        "posY":117950.1484375,
        "posZ":1638.4180908203,
        "rotX":-0.10487215220928,
        "rotY":0,
        "rotZ":-2.8764016628265
      },
      "stats":{
        "magickaCurrent":100,
        "fatigueBase":226,
        "fatigueCurrent":226,
        "healthModified":113,
        "magickaModified":100,
        "fatigueModified":226,
        "healthBase":113,
        "healthCurrent":113,
        "magickaBase":100
      },
      "equipment":{
        "1":{
          "refId":"netch_leather_boiled_cuirass",
          "count":1,
          "charge":-1,
          "enchantmentCharge":-1
        },
        "3":{
          "refId":"netch_leather_pauldron_left",
          "count":1,
          "charge":-1,
          "enchantmentCharge":-1
        },
        "4":{
          "refId":"netch_leather_pauldron_right",
          "count":1,
          "charge":-1,
          "enchantmentCharge":-1
        },
        "7":{
          "refId":"netch_leather_boots",
          "count":1,
          "charge":-1,
          "enchantmentCharge":-1
        },
        "8":{
          "refId":"common_shirt_02_t",
          "count":1,
          "charge":-1,
          "enchantmentCharge":-1
        },
        "9":{
          "refId":"common_pants_03_c",
          "count":1,
          "charge":-1,
          "enchantmentCharge":-1
        },
        "16":{
          "refId":"iron longsword",
          "count":1,
          "charge":-1,
          "enchantmentCharge":-1
        }
      },
      "inventory":[{
          "refId":"netch_leather_boots",
          "count":1,
          "charge":-1,
          "enchantmentCharge":-1,
          "soul":""
        },{
          "refId":"netch_leather_pauldron_right",
          "count":1,
          "charge":-1,
          "enchantmentCharge":-1,
          "soul":""
        },{
          "refId":"netch_leather_pauldron_left",
          "count":1,
          "charge":-1,
          "enchantmentCharge":-1,
          "soul":""
        },{
          "refId":"netch_leather_boiled_cuirass",
          "count":1,
          "charge":-1,
          "enchantmentCharge":-1,
          "soul":""
        },{
          "refId":"common_shirt_02_t",
          "count":1,
          "charge":-1,
          "enchantmentCharge":-1,
          "soul":""
        },{
          "refId":"common_shoes_01",
          "count":1,
          "charge":-1,
          "enchantmentCharge":-1,
          "soul":""
        },{
          "refId":"common_pants_03_c",
          "count":1,
          "charge":-1,
          "enchantmentCharge":-1,
          "soul":""
        },{
          "refId":"iron longsword",
          "count":1,
          "charge":-1,
          "enchantmentCharge":-1,
          "soul":""
        }],
      "goldPool":564,
      "lastGoldRestockHour":23.907545089722,
      "lastGoldRestockDay":17
    },
    "0-656":{
      "refId":"netch_bull",
      "location":{
        "posX":-89003.484375,
        "posY":114931.28125,
        "posZ":920.20690917969,
        "rotX":0.014647968113422,
        "rotY":0,
        "rotZ":-2.4135649204254
      },
      "stats":{
        "magickaCurrent":100,
        "fatigueBase":400,
        "fatigueCurrent":400,
        "healthModified":45,
        "magickaModified":100,
        "fatigueModified":400,
        "healthBase":45,
        "healthCurrent":45,
        "magickaBase":100
      },
      "inventory":[{
          "refId":"ingred_netch_leather_01",
          "count":2,
          "charge":-1,
          "enchantmentCharge":-1,
          "soul":""
        }]
    },
    "59986-0":{
      "refId":"flora_roobrush_02",
      "inventory":[]
    },