{
  "packets":{
    "actorList":["0-712","0-708","0-709","0-710","0-711"],
    "ai":[],
    "cellChangeFrom":[],
    "cellChangeTo":[],
    "container":["377519-0","377520-0","377521-0","472435-0","472436-0","472437-0","472438-0","472439-0","472440-0","472441-0","472445-0","472446-0","472447-0","472448-0","472449-0","472450-0","472451-0","0-712","0-708","0-709","0-710","0-711"],
    "death":[],
    "delete":[],
    "doorState":[],
    "equipment":[],
    "lock":[],
    "place":[],
    "position":["0-708","0-712","0-709","0-710","0-711"],
    "scale":[],
    "spawn":["0-712","0-708","0-709","0-710","0-711"],
    "state":[],
    "statsDynamic":["0-708","0-712","0-709","0-710","0-711"],
    "trap":[],
    "clientScriptLocal":[],
    "spellsActive":[],
    "miscellaneous":[]
  },
  "entry":{
    "creationTime":1716739374,
    "description":"-12, 14"
  },
  "lastVisit":{
    "Fidgug":1717180818,
    "Benoit":1717180823
  },
  "recordLinks":[],
  "objectData":{
    "0-712":{
      "refId":"scrib",
      "location":{
        "posX":-94229.546875,
        "posY":115757.59375,
        "posZ":1639.0180664063,
        "rotX":-0.13856384158134,
        "rotZ":0.68050980567932,
        "rotY":0
      },
      "stats":{
        "magickaCurrent":12,
        "fatigueBase":300,
        "fatigueCurrent":300,
        "fatigueModified":300,
        "magickaBase":12,
        "healthModified":8,
        "healthBase":8,
        "healthCurrent":8,
        "magickaModified":12
      },
      "inventory":[]
    },
    "0-708":{
      "refId":"scrib",
      "location":{
        "posX":-91992.3515625,
        "posY":115541.671875,
        "posZ":775.92736816406,
        "rotX":-0.060136556625366,
        "rotZ":2.1750404834747,
        "rotY":0
      },
      "stats":{
        "magickaCurrent":12,
        "fatigueBase":300,
        "fatigueCurrent":300,
        "fatigueModified":300,
        "magickaBase":12,
        "healthModified":8,
        "healthBase":8,
        "healthCurrent":8,
        "magickaModified":12
      },
      "inventory":[{
          "refId":"ingred_scrib_jelly_01",
          "count":1,
          "charge":-1,
          "enchantmentCharge":-1,
          "soul":""
        }]
    },
    "0-709":{
      "refId":"kwama forager",
      "location":{
        "posX":-90458.734375,
        "posY":117573.3125,
        "posZ":1527.2896728516,
        "rotX":0.068636648356915,
        "rotZ":-2.1780455112457,
        "rotY":0
      },
      "stats":{
        "magickaCurrent":15,
        "fatigueBase":300,
        "fatigueCurrent":300,
        "fatigueModified":300,
        "magickaBase":15,
        "healthModified":23,
        "healthBase":23,
        "healthCurrent":23,
        "magickaModified":15
      },
      "inventory":[{
          "refId":"ingred_kwama_cuttle_01",
          "count":1,
          "charge":-1,
          "enchantmentCharge":-1,
          "soul":""
        }]
    },
    "0-710":{
      "refId":"slaughterfish_small",
      "location":{
        "posX":-95014.2578125,
        "posY":122873.71875,
        "posZ":-208.02351379395,
        "rotX":-8.3968043327332e-06,
        "rotZ":-0.75491189956665,
        "rotY":0
      },
      "stats":{
        "magickaCurrent":10,
        "fatigueBase":300,
        "fatigueCurrent":300,
        "fatigueModified":300,
        "magickaBase":10,
        "healthModified":15,
        "healthBase":15,
        "healthCurrent":15,
        "magickaModified":10
      },
      "inventory":[{
          "refId":"ingred_scales_01",
          "count":1,
          "charge":-1,
          "enchantmentCharge":-1,
          "soul":""
        }]
    },
    "0-711":{
      "refId":"slaughterfish_small",
      "location":{
        "posX":-95924.828125,
        "posY":122462.125,
        "posZ":-226.38320922852,
        "rotX":0.00013754982501268,
        "rotZ":2.5392334461212,
        "rotY":0
      },
      "stats":{
        "magickaCurrent":10,
        "fatigueBase":300,
        "fatigueCurrent":300,
        "fatigueModified":300,
        "magickaBase":10,
        "healthModified":15,
        "healthBase":15,
        "healthCurrent":15,
        "magickaModified":10
      },
      "inventory":[{
          "refId":"ingred_scales_01",
          "count":1,
          "charge":-1,
          "enchantmentCharge":-1,
          "soul":""
        }]
    },
    "377519-0":{
      "refId":"kollop_01_pearl",
      "inventory":[]
    },
    "377520-0":{
      "refId":"kollop_02_pearl",
      "inventory":[{
          "refId":"ingred_pearl_01",
          "count":1,
          "charge":-1,
          "enchantmentCharge":-1,
          "soul":""
        }]
    },
    "377521-0":{
      "refId":"kollop_03_pearl",
      "inventory":[]
    },
    "472435-0":{
      "refId":"flora_kreshweed_01",
      "inventory":[{
          "refId":"ingred_kresh_fiber_01",
          "count":1,
          "charge":-1,
          "enchantmentCharge":-1,
          "soul":""
        }]
    },
    "472436-0":{
      "refId":"flora_kreshweed_02",
      "inventory":[{
          "refId":"ingred_kresh_fiber_01",
          "count":1,
          "charge":-1,
          "enchantmentCharge":-1,
          "soul":""
        }]
    },
    "472437-0":{
      "refId":"flora_kreshweed_03",
      "inventory":[{
          "refId":"ingred_kresh_fiber_01",
          "count":1,
          "charge":-1,
          "enchantmentCharge":-1,
          "soul":""
        }]
    },
    "472438-0":{
      "refId":"flora_roobrush_02",
      "inventory":[{
          "refId":"ingred_roobrush_01",
          "count":1,
          "charge":-1,
          "enchantmentCharge":-1,
          "soul":""
        }]
    },
    "472439-0":{
      "refId":"flora_kreshweed_03",
      "inventory":[{
          "refId":"ingred_kresh_fiber_01",
          "count":1,
          "charge":-1,
          "enchantmentCharge":-1,
          "soul":""
        }]
    },
    "472440-0":{
      "refId":"flora_stoneflower_01",
      "inventory":[{
          "refId":"ingred_stoneflower_petals_01",
          "count":1,
          "charge":-1,
          "enchantmentCharge":-1,
          "soul":""
        }]
    },
    "472441-0":{
      "refId":"flora_stoneflower_02",
      "inventory":[{
          "refId":"ingred_stoneflower_petals_01",
          "count":1,
          "charge":-1,
          "enchantmentCharge":-1,
          "soul":""
        }]
    },
    "472445-0":{
      "refId":"flora_chokeweed_02",
      "inventory":[{
          "refId":"ingred_chokeweed_01",
          "count":1,
          "charge":-1,
          "enchantmentCharge":-1,
          "soul":""
        }]
    },
    "472446-0":{
      "refId":"flora_chokeweed_02",
      "inventory":[{
          "refId":"ingred_chokeweed_01",
          "count":1,
          "charge":-1,
          "enchantmentCharge":-1,
          "soul":""
        }]
    },
    "472447-0":{
      "refId":"flora_chokeweed_02",
      "inventory":[{
          "refId":"ingred_chokeweed_01",
          "count":1,
          "charge":-1,
          "enchantmentCharge":-1,
          "soul":""
        }]
    },
    "472448-0":{
      "refId":"flora_kreshweed_01",
      "inventory":[{
          "refId":"ingred_kresh_fiber_01",
          "count":1,
          "charge":-1,
          "enchantmentCharge":-1,
          "soul":""
        }]
    },
    "472449-0":{
      "refId":"flora_kreshweed_03",
      "inventory":[{
          "refId":"ingred_kresh_fiber_01",
          "count":1,
          "charge":-1,
          "enchantmentCharge":-1,
          "soul":""
        }]
    },
    "472450-0":{
      "refId":"flora_kreshweed_01",
      "inventory":[{
          "refId":"ingred_kresh_fiber_01",
          "count":1,
          "charge":-1,
          "enchantmentCharge":-1,
          "soul":""
        }]
    },
    "472451-0":{
      "refId":"flora_kreshweed_02",
      "inventory":[]
    }
  },
  "loadState":{
    "hasFullActorList":true,
    "hasFullContainerData":true
  }
}