{
  "packets":{
    "actorList":["0-705","0-706","323335-0","323336-0","261838-0"],
    "ai":[],
    "cellChangeFrom":[],
    "cellChangeTo":[],
    "container":["24132-0","24133-0","25527-0","472454-0","472455-0","472456-0","472457-0","472458-0","472459-0","472461-0","472462-0","472463-0","472468-0","472469-0","472470-0","261838-0","323335-0","323336-0","0-705","0-706"],
    "death":[],
    "delete":[],
    "doorState":[],
    "equipment":["323335-0","323336-0","261838-0"],
    "lock":[],
    "place":[],
    "position":["261838-0","323335-0","323336-0","0-705","0-706"],
    "scale":[],
    "spawn":["0-705","0-706"],
    "state":[],
    "statsDynamic":["261838-0","323335-0","323336-0","0-705","0-706"],
    "trap":[],
    "clientScriptLocal":[],
    "spellsActive":[],
    "miscellaneous":[]
  },
  "entry":{
    "creationTime":1716739327,
    "description":"-12, 13"
  },
  "lastVisit":{
    "Fidgug":1717180746,
    "Benoit":1717180739
  },
  "recordLinks":[],
  "objectData":{
    "0-705":{
      "refId":"nix-hound",
      "location":{
        "posX":-95239.5390625,
        "posY":108878.9921875,
        "posZ":2014.2595214844,
        "rotX":-0.072058476507664,
        "rotZ":1.6807639598846,
        "rotY":0
      },
      "stats":{
        "magickaCurrent":10,
        "fatigueBase":400,
        "fatigueCurrent":400,
        "fatigueModified":400,
        "magickaBase":10,
        "healthModified":23,
        "healthBase":23,
        "healthCurrent":23,
        "magickaModified":10
      },
      "inventory":[{
          "refId":"ingred_hound_meat_01",
          "count":1,
          "charge":-1,
          "enchantmentCharge":-1,
          "soul":""
        }]
    },
    "0-706":{
      "refId":"scrib diseased",
      "location":{
        "posX":-96960.4296875,
        "posY":111273.296875,
        "posZ":1813.1842041016,
        "rotX":-0.038743123412132,
        "rotZ":-0.069532155990601,
        "rotY":0
      },
      "stats":{
        "magickaCurrent":12,
        "fatigueBase":68,
        "fatigueCurrent":68,
        "fatigueModified":68,
        "magickaBase":12,
        "healthModified":8,
        "healthBase":8,
        "healthCurrent":8,
        "magickaModified":12
      },
      "inventory":[]
    },
    "323335-0":{
      "refId":"tavynu tedran",
      "location":{
        "posX":-94678.71875,
        "posY":114351.7109375,
        "posZ":757.67126464844,
        "rotX":0,
        "rotZ":1.3336266279221,
        "rotY":0
      },
      "stats":{
        "magickaCurrent":40,
        "fatigueBase":241,
        "fatigueCurrent":241,
        "fatigueModified":241,
        "magickaBase":40,
        "healthModified":97,
        "healthBase":97,
        "healthCurrent":97,
        "magickaModified":40
      },
      "equipment":{
        "0":{
          "refId":"chitin helm",
          "count":1,
          "charge":-1,
          "enchantmentCharge":-1
        },
        "1":{
          "refId":"chitin cuirass",
          "count":1,
          "charge":-1,
          "enchantmentCharge":-1
        },
        "2":{
          "refId":"chitin greaves",
          "count":1,
          "charge":-1,
          "enchantmentCharge":-1
        },
        "5":{
          "refId":"chitin guantlet - left",
          "count":1,
          "charge":-1,
          "enchantmentCharge":-1
        },
        "6":{
          "refId":"chitin guantlet - right",
          "count":1,
          "charge":-1,
          "enchantmentCharge":-1
        },
        "7":{
          "refId":"chitin boots",
          "count":1,
          "charge":-1,
          "enchantmentCharge":-1
        },
        "14":{
          "refId":"amulet of shadows",
          "count":1,
          "charge":-1,
          "enchantmentCharge":-1
        },
        "16":{
          "refId":"chitin short bow",
          "count":1,
          "charge":-1,
          "enchantmentCharge":-1
        },
        "18":{
          "refId":"iron arrow",
          "count":40,
          "charge":-1,
          "enchantmentCharge":-1
        }
      },
      "inventory":[{
          "refId":"chitin guantlet - right",
          "count":1,
          "charge":-1,
          "enchantmentCharge":-1,
          "soul":""
        },{
          "refId":"chitin guantlet - left",
          "count":1,
          "charge":-1,
          "enchantmentCharge":-1,
          "soul":""
        },{
          "refId":"chitin boots",
          "count":1,
          "charge":-1,
          "enchantmentCharge":-1,
          "soul":""
        },{
          "refId":"chitin greaves",
          "count":1,
          "charge":-1,
          "enchantmentCharge":-1,
          "soul":""
        },{
          "refId":"chitin cuirass",
          "count":1,
          "charge":-1,
          "enchantmentCharge":-1,
          "soul":""
        },{
          "refId":"chitin helm",
          "count":1,
          "charge":-1,
          "enchantmentCharge":-1,
          "soul":""
        },{
          "refId":"amulet of shadows",
          "count":1,
          "charge":-1,
          "enchantmentCharge":-1,
          "soul":""
        },{
          "refId":"gold_001",
          "count":170,
          "charge":-1,
          "enchantmentCharge":-1,
          "soul":""
        },{
          "refId":"iron arrow",
          "count":40,
          "charge":-1,
          "enchantmentCharge":-1,
          "soul":""
        },{
          "refId":"chitin short bow",
          "count":1,
          "charge":-1,
          "enchantmentCharge":-1,
          "soul":""
        },{
          "refId":"iron longsword",
          "count":1,
          "charge":-1,
          "enchantmentCharge":-1,
          "soul":""
        }]
    },
    "323336-0":{
      "refId":"synette jeline",
      "location":{
        "posX":-96158.390625,
        "posY":113520.5703125,
        "posZ":592.36267089844,
        "rotX":0.2881660759449,
        "rotZ":1.54319024086,
        "rotY":0
      },
      "stats":{
        "magickaCurrent":152,
        "fatigueBase":202,
        "fatigueCurrent":202,
        "fatigueModified":202,
        "magickaBase":152,
        "healthModified":61,
        "healthBase":61,
        "healthCurrent":61,
        "magickaModified":152
      },
      "equipment":{
        "7":{
          "refId":"common_shoes_01",
          "count":1,
          "charge":-1,
          "enchantmentCharge":-1
        },
        "8":{
          "refId":"common_shirt_01",
          "count":1,
          "charge":-1,
          "enchantmentCharge":-1
        },
        "10":{
          "refId":"common_skirt_05",
          "count":1,
          "charge":-1,
          "enchantmentCharge":-1
        },
        "12":{
          "refId":"cruel viperbolt ring",
          "count":1,
          "charge":-1,
          "enchantmentCharge":-1
        },
        "15":{
          "refId":"common_belt_01",
          "count":1,
          "charge":-1,
          "enchantmentCharge":-1
        },
        "16":{
          "refId":"cruel viperstar",
          "count":12,
          "charge":-1,
          "enchantmentCharge":-1
        }
      },
      "inventory":[{
          "refId":"cruel viperbolt ring",
          "count":1,
          "charge":-1,
          "enchantmentCharge":-1,
          "soul":""
        },{
          "refId":"common_skirt_05",
          "count":1,
          "charge":-1,
          "enchantmentCharge":-1,
          "soul":""
        },{
          "refId":"common_belt_01",
          "count":1,
          "charge":-1,
          "enchantmentCharge":-1,
          "soul":""
        },{
          "refId":"common_shirt_01",
          "count":1,
          "charge":-1,
          "enchantmentCharge":-1,
          "soul":""
        },{
          "refId":"common_shoes_01",
          "count":1,
          "charge":-1,
          "enchantmentCharge":-1,
          "soul":""
        },{
          "refId":"gold_001",
          "count":130,
          "charge":-1,
          "enchantmentCharge":-1,