{
  "packets":{
    "actorList":["0-686","0-687","0-688","0-689","297845-0","0-695"],
    "ai":[],
    "cellChangeFrom":[],
    "cellChangeTo":[],
    "container":["1409-0","1410-0","1411-0","1412-0","1413-0","1415-0","1416-0","1417-0","1418-0","18791-0","18792-0","18793-0","18794-0","18795-0","18796-0","19639-0","26681-0","297845-0","0-686","0-687","0-688","0-689","0-695"],
    "death":[],
    "delete":[],
    "doorState":[],
    "equipment":[],
    "lock":[],
    "place":[],
    "position":["0-686","0-687","0-688","0-689","0-695"],
    "scale":[],
    "spawn":["0-686","0-687","0-688","0-689","0-695"],
    "state":["297845-0"],
    "statsDynamic":["0-686","0-687","0-688","0-689","0-695"],
    "trap":[],
    "clientScriptLocal":[],
    "spellsActive":[],
    "miscellaneous":[]
  },
  "entry":{
    "description":"-12, 11",
    "creationTime":1713904668
  },
  "lastVisit":{
    "Benoit":1719603303,
    "Fidgug":1719603124
  },
  "recordLinks":[],
  "objectData":{
    "0-686":{
      "refId":"nix-hound blighted",
      "location":{
        "posX":-96926.9375,
        "posY":92203.46875,
        "posZ":1628.7198486328,
        "rotX":0.061830203980207,
        "rotY":0,
        "rotZ":1.387157201767
      },
      "stats":{
        "magickaCurrent":10,
        "fatigueBase":129,
        "fatigueCurrent":129,
        "healthModified":68,
        "magickaModified":10,
        "fatigueModified":129,
        "healthBase":68,
        "healthCurrent":68,
        "magickaBase":10
      },
      "inventory":[{
          "refId":"ingred_hound_meat_01",
          "count":2,
          "charge":-1,
          "enchantmentCharge":-1,
          "soul":""
        }]
    },
    "0-687":{
      "refId":"nix-hound blighted",
      "location":{
        "posX":-97172.71875,
        "posY":93817.09375,
        "posZ":1518.1198730469,
        "rotX":-0.032887749373913,
        "rotY":0,
        "rotZ":1.1616332530975
      },
      "stats":{
        "magickaCurrent":10,
        "fatigueBase":114,
        "fatigueCurrent":114,
        "healthModified":68,
        "magickaModified":10,
        "fatigueModified":114,
        "healthBase":68,
        "healthCurrent":68,
        "magickaBase":10
      },
      "inventory":[{
          "refId":"ingred_hound_meat_01",
          "count":3,
          "charge":-1,
          "enchantmentCharge":-1,
          "soul":""
        }]
    },
    "0-688":{
      "refId":"scrib",
      "location":{
        "posX":-94640.28125,
        "posY":94037.390625,
        "posZ":1253.0982666016,
        "rotX":-0.12322071194649,
        "rotY":0,
        "rotZ":1.119922876358
      },
      "stats":{
        "magickaCurrent":12,
        "fatigueBase":300,
        "fatigueCurrent":300,
        "healthModified":8,
        "magickaModified":12,
        "fatigueModified":300,
        "healthBase":8,
        "healthCurrent":8,
        "magickaBase":12
      },
      "inventory":[]
    },
    "0-689":{
      "refId":"scrib blighted",
      "location":{
        "posX":-96834.1328125,
        "posY":91148.15625,
        "posZ":1560.1494140625,
        "rotX":-0.15126946568489,
        "rotY":0,
        "rotZ":-1.6443150043488
      },
      "stats":{
        "magickaCurrent":12,
        "fatigueBase":400,
        "fatigueCurrent":400,
        "healthModified":30,
        "magickaModified":12,
        "fatigueModified":400,
        "healthBase":30,
        "healthCurrent":30,
        "magickaBase":12
      },
      "inventory":[]
    },
    "297845-0":{
      "refId":"dreamer_talker09",
      "inventory":[{
          "refId":"common_pants_03",
          "count":1,
          "charge":-1,
          "enchantmentCharge":-1,
          "soul":""
        },{
          "refId":"ingred_6th_corprusmeat_01",
          "count":1,
          "charge":-1,
          "enchantmentCharge":-1,
          "soul":""
        },{
          "refId":"chitin club",
          "count":1,
          "charge":-1,
          "enchantmentCharge":-1,
          "soul":""
        }],
      "state":false
    },
    "0-695":{
      "refId":"scrib",
      "location":{
        "posX":-92914.578125,
        "posY":97734.578125,
        "posZ":2912.322265625,
        "rotX":-0.072727240622044,
        "rotY":0,
        "rotZ":-0.058234214782715
      },
      "stats":{
        "magickaCurrent":12,
        "fatigueBase":300,
        "fatigueCurrent":300,
        "healthModified":8,
        "magickaModified":12,
        "fatigueModified":300,
        "healthBase":8,
        "healthCurrent":8,
        "magickaBase":12
      },
      "inventory":[]
    },
    "1409-0":{
      "refId":"flora_muckspunge_01",
      "inventory":[{
          "refId":"ingred_muck_01",
          "count":1,
          "charge":-1,
          "enchantmentCharge":-1,
          "soul":""
        }]
    },
    "1410-0":{
      "refId":"flora_muckspunge_02",
      "inventory":[{
          "refId":"ingred_muck_01",
          "count":1,
          "charge":-1,
          "enchantmentCharge":-1,
          "soul":""
        }]
    },
    "1411-0":{
      "refId":"flora_muckspunge_03",
      "inventory":[{
          "refId":"ingred_muck_01",
          "count":1,
          "charge":-1,
          "enchantmentCharge":-1,
          "soul":""
        }]
    },
    "1412-0":{
      "refId":"flora_muckspunge_04",
      "inventory":[{
          "refId":"ingred_muck_01",
          "count":1,
          "charge":-1,
          "enchantmentCharge":-1,
          "soul":""
        }]
    },
    "1413-0":{
      "refId":"flora_muckspunge_06",
      "inventory":[{
          "refId":"ingred_muck_01",
          "count":1,
          "charge":-1,
          "enchantmentCharge":-1,
          "soul":""
        }]
    },
    "1415-0":{
      "refId":"flora_muckspunge_05",
      "inventory":[]
    },
    "1416-0":{
      "refId":"flora_muckspunge_03",
      "inventory":[{
          "refId":"ingred_muck_01",
          "count":1,
          "charge":-1,
          "enchantmentCharge":-1,
          "soul":""
        }]
    },
    "1417-0":{
      "refId":"flora_muckspunge_05",
      "inventory":[]
    },
    "1418-0":{
      "refId":"flora_muckspunge_02",
      "inventory":[{
          "refId":"ingred_muck_01",
          "count":1,
          "charge":-1,
          "enchantmentCharge":-1,
          "soul":""
        }]
    },
    "18791-0":{
      "refId":"flora_chokeweed_02",
      "inventory":[]
    },
    "18792-0":{
      "refId":"flora_roobrush_02",
      "inventory":[{
          "refId":"ingred_roobrush_01",
          "count":1,
          "charge":-1,
          "enchantmentCharge":-1,
          "soul":""
        }]
    },
    "18793-0":{
      "refId":"flora_chokeweed_02",
      "inventory":[{
          "refId":"ingred_chokeweed_01",
          "count":1,
          "charge":-1,
          "enchantmentCharge":-1,
          "soul":""
        }]
    },
    "18794-0":{
      "refId":"flora_roobrush_02",
      "inventory":[{
          "refId":"ingred_roobrush_01",
          "count":1,
          "charge":-1,
          "enchantmentCharge":-1,
          "soul":""
        }]
    },
    "18795-0":{
      "refId":"flora_chokeweed_02",
      "inventory":[{
          "refId":"ingred_chokeweed_01",
          "count":1,
          "charge":-1,
          "enchantmentCharge":-1,
          "soul":""
        }]
    },
    "18796-0":{
      "refId":"flora_chokeweed_02",
      "inventory":[{
          "refId":"ingred_chokeweed_01",
          "count":1,
          "charge":-1,
          "enchantmentCharge":-1,
          "soul":""
        }]
    },
    "19639-0":{
      "refId":"flora_roobrush_02",
      "inventory":[{
          "refId":"ingred_roobrush_01",
          "count":1,
          "charge":-1,
          "enchantmentCharge":-1,
          "soul":""
        }]
    },
    "26681-0":{
      "refId":"com_chest_11_k01",
      "inventory":[]
    }
  },
  "loadState":{
    "hasFullActorList":true,
    "hasFullContainerData":true
  }
}