{
  "packets":{
    "actorList":["0-1404","0-1405","0-1406","0-1407","0-1401","225448-0","389602-0","389603-0","0-1403"],
    "ai":[],
    "cellChangeFrom":[],
    "cellChangeTo":[],
    "container":["225474-0","377533-0","377534-0","377548-0","377550-0","377556-0","377582-0","225448-0","389602-0","389603-0","0-1404","0-1405","0-1406","0-1407","0-1401","0-1403"],
    "death":[],
    "delete":[],
    "doorState":[],
    "equipment":[],
    "lock":[],
    "place":[],
    "position":["225448-0","389602-0","389603-0","0-1401","0-1404","0-1405","0-1406","0-1407","0-1403"],
    "scale":[],
    "spawn":["0-1404","0-1405","0-1406","0-1407","0-1401","0-1403"],
    "state":[],
    "statsDynamic":["225448-0","389602-0","389603-0","0-1401","0-1404","0-1405","0-1406","0-1407","0-1403"],
    "trap":[],
    "miscellaneous":[],
    "clientScriptLocal":[],
    "spellsActive":[]
  },
  "entry":{
    "description":"-13, 15",
    "creationTime":1719603402
  },
  "lastVisit":{
    "Benoit":1723745327,
    "Fidgug":1723745752
  },
  "recordLinks":[],
  "objectData":{
    "0-1403":{
      "refId":"dreugh",
      "location":{
        "posY":125238.59375,
        "posZ":-1380.0024414063,
        "rotX":-0.001225802116096,
        "rotZ":0.54392743110657,
        "rotY":0,
        "posX":-98886.953125
      },
      "stats":{
        "healthBase":60,
        "healthCurrent":60,
        "magickaBase":75,
        "magickaCurrent":75,
        "fatigueBase":400,
        "fatigueCurrent":400,
        "healthModified":60,
        "magickaModified":75,
        "fatigueModified":400
      },
      "inventory":[{
          "refId":"ingred_dreugh_wax_01",
          "count":1,
          "charge":-1,
          "enchantmentCharge":-1,
          "soul":""
        }]
    },
    "0-1404":{
      "refId":"slaughterfish",
      "location":{
        "posY":126544.078125,
        "posZ":-1217.3145751953,
        "rotX":0.00018173735588789,
        "rotZ":-0.2730700969696,
        "rotY":0,
        "posX":-101308.578125
      },
      "stats":{
        "healthBase":23,
        "healthCurrent":23,
        "magickaBase":10,
        "magickaModified":10,
        "fatigueBase":400,
        "fatigueCurrent":400,
        "fatigueModified":400,
        "magickaCurrent":10,
        "healthModified":23
      },
      "inventory":[{
          "refId":"ingred_scales_01",
          "count":2,
          "charge":-1,
          "enchantmentCharge":-1,
          "soul":""
        }]
    },
    "0-1405":{
      "refId":"dreugh",
      "location":{
        "posY":126313.3828125,
        "posZ":-1547.8834228516,
        "rotX":0,
        "rotZ":0.096467733383179,
        "rotY":0,
        "posX":-103298.4140625
      },
      "stats":{
        "healthBase":60,
        "healthCurrent":60,
        "magickaBase":75,
        "magickaModified":75,
        "fatigueBase":400,
        "fatigueCurrent":400,
        "fatigueModified":400,
        "magickaCurrent":75,
        "healthModified":60
      },
      "inventory":[{
          "refId":"ingred_dreugh_wax_01",
          "count":1,
          "charge":-1,
          "enchantmentCharge":-1,
          "soul":""
        }]
    },
    "0-1406":{
      "refId":"slaughterfish",
      "location":{
        "posY":126731.3125,
        "posZ":-1205.8513183594,
        "rotX":-7.4708834290504e-05,
        "rotZ":0.57515120506287,
        "rotY":0,
        "posX":-103865.2421875
      },
      "stats":{
        "healthBase":23,
        "healthCurrent":23,
        "magickaBase":10,
        "magickaModified":10,
        "fatigueBase":400,
        "fatigueCurrent":400,
        "fatigueModified":400,
        "magickaCurrent":10,
        "healthModified":23
      },
      "inventory":[]
    },
    "0-1407":{
      "refId":"slaughterfish",
      "location":{
        "posY":126875.96875,
        "posZ":-864.470703125,
        "rotX":-3.9615668356419e-05,
        "rotZ":-2.6734554767609,
        "rotY":0,
        "posX":-104359.5390625
      },
      "stats":{
        "healthBase":23,
        "healthCurrent":23,
        "magickaBase":10,
        "magickaModified":10,
        "fatigueBase":400,
        "fatigueCurrent":400,
        "fatigueModified":400,
        "magickaCurrent":10,
        "healthModified":23
      },
      "inventory":[{
          "refId":"ingred_scales_01",
          "count":2,
          "charge":-1,
          "enchantmentCharge":-1,
          "soul":""
        }]
    },
    "0-1401":{
      "refId":"slaughterfish",
      "location":{
        "posY":125643.390625,
        "posZ":-1353.4299316406,
        "rotX":-0.0077495472505689,
        "rotZ":-0.15554904937744,
        "rotY":0,
        "posX":-100286.3828125
      },
      "stats":{
        "healthBase":23,
        "healthCurrent":23,
        "magickaBase":10,
        "magickaModified":10,
        "fatigueBase":400,
        "fatigueCurrent":400,
        "fatigueModified":400,
        "magickaCurrent":10,
        "healthModified":23
      },
      "inventory":[{
          "refId":"ingred_scales_01",
          "count":2,
          "charge":-1,
          "enchantmentCharge":-1,
          "soul":""
        }]
    },
    "225448-0":{
      "refId":"dreugh",
      "location":{
        "posY":124923.609375,
        "posZ":-1366.6896972656,
        "rotX":0,
        "rotZ":1.325124502182,
        "rotY":0,
        "posX":-100503.671875
      },
      "stats":{
        "healthBase":60,
        "healthCurrent":60,
        "magickaBase":75,
        "magickaModified":75,
        "fatigueBase":400,
        "fatigueCurrent":400,
        "fatigueModified":400,
        "magickaCurrent":75,
        "healthModified":60
      },
      "inventory":[]
    },
    "389602-0":{
      "refId":"mudcrab",
      "location":{
        "posY":123126.78125,
        "posZ":-801.974609375,
        "rotX":0,
        "rotZ":3.9831852912903,
        "rotY":0,
        "posX":-102892.125
      },
      "stats":{
        "healthBase":15,
        "healthCurrent":15,
        "magickaBase":5,
        "magickaModified":5,
        "fatigueBase":400,
        "fatigueCurrent":400,
        "fatigueModified":400,
        "magickaCurrent":5,
        "healthModified":15
      },
      "inventory":[{
          "refId":"ingred_crab_meat_01",
          "count":1,
          "charge":-1,
          "enchantmentCharge":-1,
          "soul":""
        }]
    },
    "389603-0":{
      "refId":"mudcrab",
      "location":{
        "posY":123407.984375,
        "posZ":-908.99792480469,
        "rotX":0,
        "rotZ":0,
        "rotY":0,
        "posX":-101335.140625
      },
      "stats":{
        "healthBase":15,
        "healthCurrent":15,
        "magickaBase":5,
        "magickaModified":5,
        "fatigueBase":400,
        "fatigueCurrent":400,
        "fatigueModified":400,
        "magickaCurrent":5,
        "healthModified":15
      },
      "inventory":[{
          "refId":"ingred_crab_meat_01",
          "count":2,
          "charge":-1,
          "enchantmentCharge":-1,
          "soul":""
        }]
    },
    "225474-0":{
      "refId":"kollop_02_pearl",
      "inventory":[]
    },
    "377533-0":{
      "refId":"kollop_01_pearl",
      "inventory":[]
    },
    "377534-0":{
      "refId":"kollop_03_pearl",
      "inventory":[]
    },
    "377548-0":{
      "refId":"kollop_02_pearl",
      "inventory":[]
    },
    "377550-0":{
      "refId":"kollop_01_pearl",
      "inventory":[]
    },
    "377556-0":{
      "refId":"kollop_01_pearl",
      "inventory":[]
    },
    "377582-0":{
      "refId":"kollop_02_pearl",
      "inventory":[]
    }
  },
  "loadState":{
    "hasFullActorList":true,
    "hasFullContainerData":true
  }
}