{
  "packets":{
    "actorList":["0-1397","0-1395","0-1396","323336-0","323335-0"],
    "ai":[],
    "cellChangeFrom":["323336-0","323335-0"],
    "cellChangeTo":[],
    "container":["24169-0","24170-0","24171-0","25656-0","25657-0","25658-0","25693-0","25725-0","25726-0","25727-0","25728-0","25729-0","25730-0","472487-0","472488-0","472489-0","472490-0","472491-0","472492-0","472493-0","472494-0","472495-0","0-1397","0-1395","0-1396","323336-0","323335-0"],
    "death":["0-1395","0-1396","323335-0","323336-0"],
    "delete":[],
    "doorState":[],
    "equipment":["323336-0","323335-0"],
    "lock":[],
    "place":[],
    "position":["0-1397","0-1395","0-1396","323336-0","323335-0"],
    "scale":[],
    "spawn":["0-1397","0-1395","0-1396"],
    "state":[],
    "statsDynamic":["0-1397","0-1395","0-1396","323336-0","323335-0"],
    "trap":[],
    "miscellaneous":[],
    "clientScriptLocal":[],
    "spellsActive":[]
  },
  "entry":{
    "description":"-13, 13",
    "creationTime":1719603090
  },
  "lastVisit":{
    "Benoit":1723745750,
    "Fidgug":1723745752
  },
  "recordLinks":[],
  "objectData":{
    "0-1395":{
      "refId":"nix-hound blighted",
      "location":{
        "posY":112419.640625,
        "posZ":1021.9561767578,
        "rotX":0.43718120455742,
        "rotZ":-1.0575287342072,
        "rotY":0,
        "posX":-104581.09375
      },
      "stats":{
        "healthBase":68,
        "healthCurrent":0,
        "magickaBase":10,
        "magickaModified":10,
        "fatigueBase":190,
        "fatigueCurrent":187.81944274902,
        "fatigueModified":190,
        "magickaCurrent":10,
        "healthModified":68
      },
      "inventory":[],
      "deathState":38,
      "killer":{
        "playerName":"Fidgug"
      }
    },
    "0-1396":{
      "refId":"cliff racer_diseased",
      "location":{
        "posY":112901.875,
        "posZ":915.56237792969,
        "rotX":1.5242015123367,
        "rotZ":2.0674269199371,
        "rotY":0,
        "posX":-104118.7578125
      },
      "stats":{
        "healthBase":45,
        "healthCurrent":0,
        "magickaBase":20,
        "magickaModified":20,
        "fatigueBase":180,
        "fatigueCurrent":179.01449584961,
        "fatigueModified":180,
        "magickaCurrent":20,
        "healthModified":45
      },
      "inventory":[{
          "refId":"ingred_racer_plumes_01",
          "count":1,
          "charge":-1,
          "enchantmentCharge":-1,
          "soul":""
        }],
      "deathState":38,
      "killer":{
        "playerName":"Fidgug"
      }
    },
    "24169-0":{
      "refId":"flora_chokeweed_02",
      "inventory":[{
          "refId":"ingred_chokeweed_01",
          "count":1,
          "charge":-1,
          "enchantmentCharge":-1,
          "soul":""
        }]
    },
    "24170-0":{
      "refId":"flora_chokeweed_02",
      "inventory":[{
          "refId":"ingred_chokeweed_01",
          "count":1,
          "charge":-1,
          "enchantmentCharge":-1,
          "soul":""
        }]
    },
    "24171-0":{
      "refId":"flora_roobrush_02",
      "inventory":[{
          "refId":"ingred_roobrush_01",
          "count":1,
          "charge":-1,
          "enchantmentCharge":-1,
          "soul":""
        }]
    },
    "25656-0":{
      "refId":"flora_chokeweed_02",
      "inventory":[{
          "refId":"ingred_chokeweed_01",
          "count":1,
          "charge":-1,
          "enchantmentCharge":-1,
          "soul":""
        }]
    },
    "25657-0":{
      "refId":"flora_chokeweed_02",
      "inventory":[{
          "refId":"ingred_chokeweed_01",
          "count":1,
          "charge":-1,
          "enchantmentCharge":-1,
          "soul":""
        }]
    },
    "25658-0":{
      "refId":"flora_roobrush_02",
      "inventory":[{
          "refId":"ingred_roobrush_01",
          "count":1,
          "charge":-1,
          "enchantmentCharge":-1,
          "soul":""
        }]
    },
    "25693-0":{
      "refId":"flora_roobrush_02",
      "inventory":[{
          "refId":"ingred_roobrush_01",
          "count":1,
          "charge":-1,
          "enchantmentCharge":-1,
          "soul":""
        }]
    },
    "25725-0":{
      "refId":"flora_chokeweed_02",
      "inventory":[{
          "refId":"ingred_chokeweed_01",
          "count":1,
          "charge":-1,
          "enchantmentCharge":-1,
          "soul":""
        }]
    },
    "25726-0":{
      "refId":"flora_chokeweed_02",
      "inventory":[{
          "refId":"ingred_chokeweed_01",
          "count":1,
          "charge":-1,
          "enchantmentCharge":-1,
          "soul":""
        }]
    },
    "25727-0":{
      "refId":"flora_roobrush_02",
      "inventory":[{
          "refId":"ingred_roobrush_01",
          "count":1,
          "charge":-1,
          "enchantmentCharge":-1,
          "soul":""
        }]
    },
    "25728-0":{
      "refId":"flora_chokeweed_02",
      "inventory":[{
          "refId":"ingred_chokeweed_01",
          "count":1,
          "charge":-1,
          "enchantmentCharge":-1,
          "soul":""
        }]
    },
    "25729-0":{
      "refId":"flora_chokeweed_02",
      "inventory":[{
          "refId":"ingred_chokeweed_01",
          "count":1,
          "charge":-1,
          "enchantmentCharge":-1,
          "soul":""
        }]
    },
    "25730-0":{
      "refId":"flora_chokeweed_02",
      "inventory":[{
          "refId":"ingred_chokeweed_01",
          "count":1,
          "charge":-1,
          "enchantmentCharge":-1,
          "soul":""
        }]
    },
    "472487-0":{
      "refId":"flora_bittergreen_pod_01",
      "inventory":[]
    },
    "472488-0":{
      "refId":"flora_bittergreen_02",
      "inventory":[]
    },
    "472489-0":{
      "refId":"flora_bittergreen_04",
      "inventory":[]
    },
    "472490-0":{
      "refId":"flora_bittergreen_03",
      "inventory":[]
    },
    "472491-0":{
      "refId":"flora_bittergreen_04",
      "inventory":[{
          "refId":"ingred_bittergreen_petals_01",
          "count":1,
          "charge":-1,
          "enchantmentCharge":-1,
          "soul":""
        }]
    },
    "472492-0":{
      "refId":"flora_stoneflower_01",
      "inventory":[]
    },
    "472493-0":{
      "refId":"flora_kreshweed_01",
      "inventory":[{
          "refId":"ingred_kresh_fiber_01",
          "count":1,
          "charge":-1,
          "enchantmentCharge":-1,
          "soul":""
        }]
    },
    "472494-0":{
      "refId":"flora_kreshweed_03",
      "inventory":[]
    },
    "472495-0":{
      "refId":"flora_kreshweed_02",
      "inventory":[]
    },
    "323336-0":{
      "refId":"synette jeline",
      "location":{
        "posY":113059.4609375,
        "posZ":552.29998779297,
        "rotX":-0.058770164847374,
        "rotZ":-0.91263556480408,
        "rotY":0,
        "posX":-101955.59375
      },
      "stats":{
        "healthBase":61,
        "healthCurrent":0,
        "magickaBase":122,
        "magickaModified":122,
        "fatigueBase":202,
        "fatigueCurrent":192.51374816895,
        "fatigueModified":202,
        "magickaCurrent":122,
        "healthModified":61
      },
      "cellChangeFrom":"-12, 13",
      "equipment":{
        "7":{
          "refId":"common_shoes_01",
          "count":1,
          "charge":-1,
          "enchantmentCharge":-1
        },
        "8":{
          "refId":"common_shirt_01",
          "count":1,
          "charge":-1,
          "enchantmentCharge":-1
        },
        "10":{
          "refId":"common_skirt_05",
          "count":1,
          "charge":-1,
          "enchantmentCharge":-1
        },
        "12":{
          "refId":"cruel viperbolt ring",
          "count":1,
          "charge":-1,
          "enchantmentCharge":-1
        },
        "15":{
          "refId":"common_belt_01",
          "count":1,
          "charge":-1,
          "enchantmentCharge":-1
        },
        "16":{
          "refId":"cruel viperstar",
          "count":12,