{
  "packets":{
    "actorList":["0-1403","0-1404","0-1405","0-1406","0-1407","0-1401","225448-0","389602-0","389603-0","0-1402"],
    "ai":[],
    "cellChangeFrom":[],
    "cellChangeTo":[],
    "container":["225474-0","377533-0","377534-0","377548-0","377550-0","377556-0","377582-0","225448-0","389602-0","389603-0","0-1403","0-1404","0-1405","0-1406","0-1407","0-1401","0-1402"],
    "death":[],
    "delete":[],
    "doorState":[],
    "equipment":[],
    "lock":[],
    "place":[],
    "position":["225448-0","389602-0","389603-0","0-1401","0-1403","0-1404","0-1405","0-1406","0-1407","0-1402"],
    "scale":[],
    "spawn":["0-1403","0-1404","0-1405","0-1406","0-1407","0-1401","0-1402"],
    "state":[],
    "statsDynamic":["225448-0","389602-0","389603-0","0-1401","0-1403","0-1404","0-1405","0-1406","0-1407","0-1402"],
    "trap":[],
    "clientScriptLocal":[],
    "spellsActive":[],
    "miscellaneous":[]
  },
  "entry":{
    "description":"-13, 15",
    "creationTime":1719603402
  },
  "lastVisit":{
    "Benoit":1719604025,
    "Fidgug":1719604020
  },
  "recordLinks":[],
  "objectData":{
    "0-1403":{
      "refId":"dreugh",
      "location":{
        "posX":-99043.7890625,
        "posY":125157.28125,
        "posZ":-1379.7143554688,
        "rotX":0.0079118208959699,
        "rotY":0,
        "rotZ":0.62229609489441
      },
      "stats":{
        "magickaCurrent":75,
        "fatigueBase":400,
        "fatigueCurrent":400,
        "healthModified":60,
        "magickaModified":75,
        "fatigueModified":400,
        "healthBase":60,
        "healthCurrent":60,
        "magickaBase":75
      },
      "inventory":[{
          "refId":"ingred_dreugh_wax_01",
          "count":1,
          "charge":-1,
          "enchantmentCharge":-1,
          "soul":""
        }]
    },
    "0-1404":{
      "refId":"slaughterfish",
      "location":{
        "posX":-101693.3203125,
        "posY":127550.1875,
        "posZ":-1216.806640625,
        "rotX":-0.0009873304516077,
        "rotY":0,
        "rotZ":2.7330963611603
      },
      "stats":{
        "magickaCurrent":10,
        "fatigueBase":400,
        "fatigueCurrent":400,
        "healthModified":23,
        "magickaModified":10,
        "fatigueModified":400,
        "healthBase":23,
        "healthCurrent":23,
        "magickaBase":10
      },
      "inventory":[{
          "refId":"ingred_scales_01",
          "count":2,
          "charge":-1,
          "enchantmentCharge":-1,
          "soul":""
        }]
    },
    "0-1405":{
      "refId":"dreugh",
      "location":{
        "posX":-103599.40625,
        "posY":126686.8984375,
        "posZ":-1547.8834228516,
        "rotX":0,
        "rotY":0,
        "rotZ":-0.399498462677
      },
      "stats":{
        "magickaCurrent":75,
        "fatigueBase":400,
        "fatigueCurrent":399.98089599609,
        "healthModified":60,
        "magickaModified":75,
        "fatigueModified":400,
        "healthBase":60,
        "healthCurrent":60,
        "magickaBase":75
      },
      "inventory":[{
          "refId":"ingred_dreugh_wax_01",
          "count":1,
          "charge":-1,
          "enchantmentCharge":-1,
          "soul":""
        }]
    },
    "0-1406":{
      "refId":"slaughterfish",
      "location":{
        "posX":-103366.578125,
        "posY":127846.953125,
        "posZ":-1206.2188720703,
        "rotX":-0.00020204018801451,
        "rotY":0,
        "rotZ":2.0385525226593
      },
      "stats":{
        "magickaCurrent":10,
        "fatigueBase":400,
        "fatigueCurrent":400,
        "healthModified":23,
        "magickaModified":10,
        "fatigueModified":400,
        "healthBase":23,
        "healthCurrent":23,
        "magickaBase":10
      },
      "inventory":[]
    },
    "0-1407":{
      "refId":"slaughterfish",
      "location":{
        "posX":-105350.828125,
        "posY":126232.375,
        "posZ":-865.01037597656,
        "rotX":-9.7903423011303e-05,
        "rotY":0,
        "rotZ":-2.5087578296661
      },
      "stats":{
        "magickaCurrent":10,
        "fatigueBase":400,
        "fatigueCurrent":399.97320556641,
        "healthModified":23,
        "magickaModified":10,
        "fatigueModified":400,
        "healthBase":23,
        "healthCurrent":23,
        "magickaBase":10
      },
      "inventory":[{
          "refId":"ingred_scales_01",
          "count":2,
          "charge":-1,
          "enchantmentCharge":-1,
          "soul":""
        }]
    },
    "0-1401":{
      "refId":"slaughterfish",
      "location":{
        "posX":-100079.296875,
        "posY":124720.53125,
        "posZ":-1352.3923339844,
        "rotX":-0.0053763752803206,
        "rotY":0,
        "rotZ":2.5835783481598
      },
      "stats":{
        "magickaCurrent":10,
        "fatigueBase":400,
        "fatigueCurrent":400,
        "healthModified":23,
        "magickaModified":10,
        "fatigueModified":400,
        "healthBase":23,
        "healthCurrent":23,
        "magickaBase":10
      },
      "inventory":[{
          "refId":"ingred_scales_01",
          "count":2,
          "charge":-1,
          "enchantmentCharge":-1,
          "soul":""
        }]
    },
    "225448-0":{
      "refId":"dreugh",
      "location":{
        "posX":-100488.2265625,
        "posY":125080.546875,
        "posZ":-1366.6895751953,
        "rotX":-0.0027268286794424,
        "rotY":0,
        "rotZ":1.0964262485504
      },
      "stats":{
        "magickaCurrent":75,
        "fatigueBase":400,
        "fatigueCurrent":399.97970581055,
        "healthModified":60,
        "magickaModified":75,
        "fatigueModified":400,
        "healthBase":60,
        "healthCurrent":60,
        "magickaBase":75
      },
      "inventory":[]
    },
    "389602-0":{
      "refId":"mudcrab",
      "location":{
        "posX":-102892.125,
        "posY":123126.7890625,
        "posZ":-801.974609375,
        "rotX":0,
        "rotY":0,
        "rotZ":-2.3000004291534
      },
      "stats":{
        "magickaCurrent":5,
        "fatigueBase":400,
        "fatigueCurrent":400,
        "healthModified":15,
        "magickaModified":5,
        "fatigueModified":400,
        "healthBase":15,
        "healthCurrent":15,
        "magickaBase":5
      },
      "inventory":[{
          "refId":"ingred_crab_meat_01",
          "count":1,
          "charge":-1,
          "enchantmentCharge":-1,
          "soul":""
        }]
    },
    "389603-0":{
      "refId":"mudcrab",
      "location":{
        "posX":-101335.140625,
        "posY":123407.984375,
        "posZ":-908.99798583984,
        "rotX":0,
        "rotY":0,
        "rotZ":0
      },
      "stats":{
        "magickaCurrent":5,
        "fatigueBase":400,
        "fatigueCurrent":400,
        "healthModified":15,
        "magickaModified":5,
        "fatigueModified":400,
        "healthBase":15,
        "healthCurrent":15,
        "magickaBase":5
      },
      "inventory":[{
          "refId":"ingred_crab_meat_01",
          "count":2,
          "charge":-1,
          "enchantmentCharge":-1,
          "soul":""
        }]
    },
    "0-1402":{
      "refId":"slaughterfish",
      "location":{
        "posX":-98445.109375,
        "posY":128159.46875,
        "posZ":-1622.7559814453,
        "rotX":0.0074810972437263,
        "rotY":0,
        "rotZ":-3.0564239025116
      },
      "stats":{
        "magickaCurrent":10,
        "fatigueBase":400,
        "fatigueCurrent":400,
        "healthModified":23,
        "magickaModified":10,
        "fatigueModified":400,
        "healthBase":23,
        "healthCurrent":23,
        "magickaBase":10
      },
      "inventory":[]
    },
    "225474-0":{
      "refId":"kollop_02_pearl",
      "inventory":[]
    },
    "377533-0":{
      "refId":"kollop_01_pearl",
      "inventory":[]
    },
    "377534-0":{
      "refId":"kollop_03_pearl",
      "inventory":[]
    },
    "377548-0":{
      "refId":"kollop_02_pearl",
      "inventory":[]
    },