{
  "packets":{
    "actorList":["0-1403","0-1404","0-1405","0-1406","0-1407","0-1401","225448-0","389602-0","389603-0","0-1402"],
    "ai":[],
    "cellChangeFrom":[],
    "cellChangeTo":[],
    "container":["225474-0","377533-0","377534-0","377548-0","377550-0","377556-0","377582-0","225448-0","389602-0","389603-0","0-1403","0-1404","0-1405","0-1406","0-1407","0-1401","0-1402"],
    "death":[],
    "delete":[],
    "doorState":[],
    "equipment":[],
    "lock":[],
    "place":[],
    "position":["225448-0","389602-0","389603-0","0-1401","0-1403","0-1404","0-1405","0-1406","0-1407","0-1402"],
    "scale":[],
    "spawn":["0-1403","0-1404","0-1405","0-1406","0-1407","0-1401","0-1402"],
    "state":[],
    "statsDynamic":["225448-0","389602-0","389603-0","0-1401","0-1403","0-1404","0-1405","0-1406","0-1407","0-1402"],
    "trap":[],
    "clientScriptLocal":[],
    "miscellaneous":[],
    "spellsActive":[]
  },
  "entry":{
    "description":"-13, 15",
    "creationTime":1719603402
  },
  "lastVisit":{
    "Benoit":1720203311,
    "Fidgug":1720203280
  },
  "recordLinks":[],
  "objectData":{
    "0-1403":{
      "refId":"dreugh",
      "location":{
        "rotZ":1.904440164566,
        "rotY":0,
        "posX":-98497.046875,
        "posY":124990.734375,
        "posZ":-1379.9306640625,
        "rotX":-0.00081904046237469
      },
      "stats":{
        "healthBase":60,
        "healthCurrent":60,
        "magickaBase":75,
        "magickaCurrent":75,
        "healthModified":60,
        "fatigueCurrent":400,
        "fatigueModified":400,
        "fatigueBase":400,
        "magickaModified":75
      },
      "inventory":[{
          "refId":"ingred_dreugh_wax_01",
          "count":1,
          "charge":-1,
          "enchantmentCharge":-1,
          "soul":""
        }]
    },
    "0-1404":{
      "refId":"slaughterfish",
      "location":{
        "rotZ":2.4224121570587,
        "rotY":0,
        "posX":-101322.5078125,
        "posY":126831,
        "posZ":-1217.3276367188,
        "rotX":-0.0084638092666864
      },
      "stats":{
        "healthBase":23,
        "healthCurrent":23,
        "magickaBase":10,
        "magickaCurrent":10,
        "healthModified":23,
        "fatigueCurrent":400,
        "fatigueModified":400,
        "fatigueBase":400,
        "magickaModified":10
      },
      "inventory":[{
          "refId":"ingred_scales_01",
          "count":2,
          "charge":-1,
          "enchantmentCharge":-1,
          "soul":""
        }]
    },
    "0-1405":{
      "refId":"dreugh",
      "location":{
        "rotZ":1.2359526157379,
        "rotY":0,
        "posX":-103348.390625,
        "posY":126489.65625,
        "posZ":-1547.8834228516,
        "rotX":0
      },
      "stats":{
        "healthBase":60,
        "healthCurrent":60,
        "magickaBase":75,
        "magickaCurrent":75,
        "healthModified":60,
        "fatigueCurrent":400,
        "fatigueModified":400,
        "fatigueBase":400,
        "magickaModified":75
      },
      "inventory":[{
          "refId":"ingred_dreugh_wax_01",
          "count":1,
          "charge":-1,
          "enchantmentCharge":-1,
          "soul":""
        }]
    },
    "0-1406":{
      "refId":"slaughterfish",
      "location":{
        "rotZ":3.0258276462555,
        "rotY":0,
        "posX":-103191.8125,
        "posY":127250.5,
        "posZ":-1205.7800292969,
        "rotX":-8.4117986261845e-05
      },
      "stats":{
        "healthBase":23,
        "healthCurrent":23,
        "magickaBase":10,
        "magickaCurrent":10,
        "healthModified":23,
        "fatigueCurrent":400,
        "fatigueModified":400,
        "fatigueBase":400,
        "magickaModified":10
      },
      "inventory":[]
    },
    "0-1407":{
      "refId":"slaughterfish",
      "location":{
        "rotZ":0.89828658103943,
        "rotY":0,
        "posX":-104610.875,
        "posY":126723.984375,
        "posZ":-864.79846191406,
        "rotX":-3.9615668356419e-05
      },
      "stats":{
        "healthBase":23,
        "healthCurrent":23,
        "magickaBase":10,
        "magickaCurrent":10,
        "healthModified":23,
        "fatigueCurrent":400,
        "fatigueModified":400,
        "fatigueBase":400,
        "magickaModified":10
      },
      "inventory":[{
          "refId":"ingred_scales_01",
          "count":2,
          "charge":-1,
          "enchantmentCharge":-1,
          "soul":""
        }]
    },
    "0-1401":{
      "refId":"slaughterfish",
      "location":{
        "rotZ":2.0020506381989,
        "rotY":0,
        "posX":-100160.125,
        "posY":124974.359375,
        "posZ":-1352.9449462891,
        "rotX":0.0021086446940899
      },
      "stats":{
        "healthBase":23,
        "healthCurrent":23,
        "magickaBase":10,
        "magickaCurrent":10,
        "healthModified":23,
        "fatigueCurrent":400,
        "fatigueModified":400,
        "fatigueBase":400,
        "magickaModified":10
      },
      "inventory":[{
          "refId":"ingred_scales_01",
          "count":2,
          "charge":-1,
          "enchantmentCharge":-1,
          "soul":""
        }]
    },
    "225448-0":{
      "refId":"dreugh",
      "location":{
        "rotZ":0.097428560256958,
        "rotY":0,
        "posX":-100776.9765625,
        "posY":125444.5546875,
        "posZ":-1366.6896972656,
        "rotX":0
      },
      "stats":{
        "healthBase":60,
        "healthCurrent":60,
        "magickaBase":75,
        "magickaCurrent":75,
        "healthModified":60,
        "fatigueCurrent":400,
        "fatigueModified":400,
        "fatigueBase":400,
        "magickaModified":75
      },
      "inventory":[]
    },
    "389602-0":{
      "refId":"mudcrab",
      "location":{
        "rotZ":-2.3000004291534,
        "rotY":0,
        "posX":-102892.125,
        "posY":123126.78125,
        "posZ":-801.974609375,
        "rotX":0
      },
      "stats":{
        "healthBase":15,
        "healthCurrent":15,
        "magickaBase":5,
        "magickaCurrent":5,
        "healthModified":15,
        "fatigueCurrent":400,
        "fatigueModified":400,
        "fatigueBase":400,
        "magickaModified":5
      },
      "inventory":[{
          "refId":"ingred_crab_meat_01",
          "count":1,
          "charge":-1,
          "enchantmentCharge":-1,
          "soul":""
        }]
    },
    "389603-0":{
      "refId":"mudcrab",
      "location":{
        "rotZ":0,
        "rotY":0,
        "posX":-101335.140625,
        "posY":123407.984375,
        "posZ":-908.99792480469,
        "rotX":0
      },
      "stats":{
        "healthBase":15,
        "healthCurrent":15,
        "magickaBase":5,
        "magickaCurrent":5,
        "healthModified":15,
        "fatigueCurrent":400,
        "fatigueModified":400,
        "fatigueBase":400,
        "magickaModified":5
      },
      "inventory":[{
          "refId":"ingred_crab_meat_01",
          "count":2,
          "charge":-1,
          "enchantmentCharge":-1,
          "soul":""
        }]
    },
    "0-1402":{
      "refId":"slaughterfish",
      "location":{
        "rotZ":-3.0564239025116,
        "rotY":0,
        "posX":-98445.109375,
        "posY":128159.46875,
        "posZ":-1622.7561035156,
        "rotX":0.0074810972437263
      },
      "stats":{
        "healthBase":23,
        "healthCurrent":23,
        "magickaBase":10,
        "magickaCurrent":10,
        "healthModified":23,
        "fatigueCurrent":400,
        "fatigueModified":400,
        "fatigueBase":400,
        "magickaModified":10
      },
      "inventory":[]
    },
    "225474-0":{
      "refId":"kollop_02_pearl",
      "inventory":[]
    },
    "377533-0":{
      "refId":"kollop_01_pearl",
      "inventory":[]
    },
    "377534-0":{
      "refId":"kollop_03_pearl",
      "inventory":[]
    },
    "377548-0":{
      "refId":"kollop_02_pearl",
      "inventory":[]
    },
    "377550-0":{
      "refId":"kollop_01_pearl",
      "inventory":[]
    },