{
  "packets":{
    "actorList":["0-1486","0-1487","274708-0","274709-0","0-1488"],
    "ai":[],
    "cellChangeFrom":[],
    "cellChangeTo":[],
    "container":["274714-0","274715-0","472497-0","472498-0","472499-0","472502-0","472503-0","472504-0","472505-0","472507-0","472508-0","472509-0","472510-0","472511-0","472512-0","472513-0","472514-0","472515-0","472516-0","472517-0","472518-0","472521-0","472522-0","472523-0","472524-0","472528-0","472529-0","274708-0","274709-0","0-1486","0-1487","0-1488"],
    "death":[],
    "delete":[],
    "doorState":[],
    "equipment":["274708-0","274709-0"],
    "lock":[],
    "place":[],
    "position":["274708-0","274709-0","0-1486","0-1487","0-1488"],
    "scale":[],
    "spawn":["0-1486","0-1487","0-1488"],
    "state":[],
    "statsDynamic":["274708-0","274709-0","0-1486","0-1487","0-1488"],
    "trap":[],
    "miscellaneous":[],
    "clientScriptLocal":[],
    "spellsActive":[]
  },
  "entry":{
    "description":"-13, 12",
    "creationTime":1716739412
  },
  "lastVisit":{
    "Benoit":1723745750,
    "Fidgug":1723745737
  },
  "recordLinks":[],
  "objectData":{
    "472524-0":{
      "refId":"flora_kreshweed_03",
      "inventory":[]
    },
    "472528-0":{
      "refId":"flora_kreshweed_03",
      "inventory":[{
          "refId":"ingred_kresh_fiber_01",
          "count":1,
          "charge":-1,
          "enchantmentCharge":-1,
          "soul":""
        }]
    },
    "472529-0":{
      "refId":"flora_kreshweed_02",
      "inventory":[{
          "refId":"ingred_kresh_fiber_01",
          "count":1,
          "charge":-1,
          "enchantmentCharge":-1,
          "soul":""
        }]
    },
    "0-1488":{
      "refId":"slaughterfish",
      "location":{
        "posY":106400.3828125,
        "posZ":-160.97427368164,
        "rotX":0,
        "rotZ":-2.7350132465363,
        "rotY":0,
        "posX":-106463.046875
      },
      "stats":{
        "healthBase":23,
        "healthCurrent":23,
        "magickaBase":10,
        "magickaModified":10,
        "fatigueBase":400,
        "fatigueCurrent":400,
        "fatigueModified":400,
        "magickaCurrent":10,
        "healthModified":23
      },
      "inventory":[]
    },
    "274708-0":{
      "refId":"assamanut sonnerralit",
      "location":{
        "posY":101489.6640625,
        "posZ":1825.8815917969,
        "rotX":0.021961316466331,
        "rotZ":-2.0652716159821,
        "rotY":0,
        "posX":-103382.140625
      },
      "stats":{
        "healthBase":75,
        "healthCurrent":75,
        "magickaBase":88,
        "magickaModified":88,
        "fatigueBase":189,
        "fatigueCurrent":189,
        "fatigueModified":189,
        "magickaCurrent":88,
        "healthModified":75
      },
      "equipment":{
        "7":{
          "refId":"common_shoes_01",
          "count":1,
          "charge":-1,
          "enchantmentCharge":-1
        },
        "16":{
          "refId":"chitin dagger",
          "count":1,
          "charge":-1,
          "enchantmentCharge":-1
        },
        "9":{
          "refId":"common_pants_03_c",
          "count":1,
          "charge":-1,
          "enchantmentCharge":-1
        }
      },
      "inventory":[{
          "refId":"common_shoes_01",
          "count":1,
          "charge":-1,
          "enchantmentCharge":-1,
          "soul":""
        },{
          "refId":"common_pants_03_c",
          "count":1,
          "charge":-1,
          "enchantmentCharge":-1,
          "soul":""
        },{
          "refId":"chitin dagger",
          "count":1,
          "charge":-1,
          "enchantmentCharge":-1,
          "soul":""
        }]
    },
    "472518-0":{
      "refId":"flora_roobrush_02",
      "inventory":[{
          "refId":"ingred_roobrush_01",
          "count":1,
          "charge":-1,
          "enchantmentCharge":-1,
          "soul":""
        }]
    },
    "274709-0":{
      "refId":"shargon odin-ahhe",
      "location":{
        "posY":101321.1015625,
        "posZ":1823.0212402344,
        "rotX":0,
        "rotZ":2.099999666214,
        "rotY":0,
        "posX":-103612.90625
      },
      "stats":{
        "healthBase":81,
        "healthCurrent":81,
        "magickaBase":88,
        "magickaModified":88,
        "fatigueBase":198,
        "fatigueCurrent":198,
        "fatigueModified":198,
        "magickaCurrent":88,
        "healthModified":81
      },
      "equipment":{
        "16":{
          "refId":"chitin dagger",
          "count":1,
          "charge":-1,
          "enchantmentCharge":-1
        },
        "8":{
          "refId":"common_shirt_01",
          "count":1,
          "charge":-1,
          "enchantmentCharge":-1
        },
        "9":{
          "refId":"common_pants_05",
          "count":1,
          "charge":-1,
          "enchantmentCharge":-1
        }
      },
      "inventory":[{
          "refId":"common_shirt_01",
          "count":1,
          "charge":-1,
          "enchantmentCharge":-1,
          "soul":""
        },{
          "refId":"common_pants_05",
          "count":1,
          "charge":-1,
          "enchantmentCharge":-1,
          "soul":""
        },{
          "refId":"chitin dagger",
          "count":1,
          "charge":-1,
          "enchantmentCharge":-1,
          "soul":""
        }]
    },
    "274714-0":{
      "refId":"barrel_01_empty",
      "inventory":[]
    },
    "472521-0":{
      "refId":"flora_kreshweed_03",
      "inventory":[{
          "refId":"ingred_kresh_fiber_01",
          "count":1,
          "charge":-1,
          "enchantmentCharge":-1,
          "soul":""
        }]
    },
    "274715-0":{
      "refId":"de_p_chest_02_gold_25",
      "inventory":[{
          "refId":"gold_001",
          "count":25,
          "charge":-1,
          "enchantmentCharge":-1,
          "soul":""
        }]
    },
    "472497-0":{
      "refId":"flora_roobrush_02",
      "inventory":[{
          "refId":"ingred_roobrush_01",
          "count":1,
          "charge":-1,
          "enchantmentCharge":-1,
          "soul":""
        }]
    },
    "472498-0":{
      "refId":"flora_kreshweed_03",
      "inventory":[{
          "refId":"ingred_kresh_fiber_01",
          "count":1,
          "charge":-1,
          "enchantmentCharge":-1,
          "soul":""
        }]
    },
    "472499-0":{
      "refId":"flora_kreshweed_01",
      "inventory":[{
          "refId":"ingred_kresh_fiber_01",
          "count":1,
          "charge":-1,
          "enchantmentCharge":-1,
          "soul":""
        }]
    },
    "472502-0":{
      "refId":"flora_kreshweed_02",
      "inventory":[{
          "refId":"ingred_kresh_fiber_01",
          "count":1,
          "charge":-1,
          "enchantmentCharge":-1,
          "soul":""
        }]
    },
    "472503-0":{
      "refId":"flora_green_lichen_01",
      "inventory":[]
    },
    "472504-0":{
      "refId":"flora_green_lichen_02",
      "inventory":[{
          "refId":"ingred_green_lichen_01",
          "count":1,
          "charge":-1,
          "enchantmentCharge":-1,
          "soul":""
        }]
    },
    "472505-0":{
      "refId":"flora_green_lichen_01",
      "inventory":[{
          "refId":"ingred_green_lichen_01",
          "count":1,
          "charge":-1,
          "enchantmentCharge":-1,
          "soul":""
        }]
    },
    "472507-0":{
      "refId":"flora_kreshweed_03",
      "inventory":[{
          "refId":"ingred_kresh_fiber_01",
          "count":1,
          "charge":-1,
          "enchantmentCharge":-1,
          "soul":""
        }]
    },
    "472508-0":{
      "refId":"flora_kreshweed_02",
      "inventory":[{
          "refId":"ingred_kresh_fiber_01",
          "count":1,
          "charge":-1,
          "enchantmentCharge":-1,
          "soul":""
        }]
    },
    "472509-0":{
      "refId":"flora_bittergreen_pod_01",
      "inventory":[]
    },
    "472510-0":{
      "refId":"flora_bittergreen_01",