{
  "packets":{
    "actorList":["0-1470","0-1468","0-1469","355403-0","225476-0","225477-0","0-1474","0-1471","0-1449","355397-0"],
    "ai":[],
    "cellChangeFrom":["355397-0"],
    "cellChangeTo":[],
    "container":["225500-0","257742-0","257743-0","257744-0","257745-0","257750-0","389619-0","225476-0","225477-0","355403-0","0-1470","0-1474","0-1468","0-1469","0-1471","0-1449","355397-0"],
    "death":["0-1469","0-1470","0-1471","0-1474"],
    "delete":[],
    "doorState":[],
    "equipment":["0-1471"],
    "lock":[],
    "place":[],
    "position":["225476-0","225477-0","355403-0","0-1468","0-1469","0-1470","0-1471","0-1474","0-1449","355397-0"],
    "scale":[],
    "spawn":["0-1470","0-1468","0-1469","0-1471","0-1474","0-1449"],
    "state":[],
    "statsDynamic":["225476-0","225477-0","355403-0","0-1468","0-1469","0-1470","0-1471","0-1474","0-1449","355397-0"],
    "trap":[],
    "miscellaneous":[],
    "clientScriptLocal":[],
    "spellsActive":["0-1470"]
  },
  "entry":{
    "creationTime":1719603731,
    "description":"-15, 14"
  },
  "lastVisit":{
    "Benoit":1723745385,
    "Fidgug":1723745372
  },
  "recordLinks":[],
  "objectData":{
    "355397-0":{
      "refId":"mudcrab",
      "location":{
        "posY":119697.2578125,
        "posZ":-14.612324714661,
        "rotX":0.0047417916357517,
        "rotZ":0.8841335773468,
        "rotY":0,
        "posX":-115227.609375
      },
      "stats":{
        "healthBase":15,
        "healthCurrent":15,
        "magickaBase":5,
        "magickaModified":5,
        "fatigueBase":400,
        "fatigueCurrent":400,
        "fatigueModified":400,
        "magickaCurrent":5,
        "healthModified":15
      },
      "cellChangeFrom":"-14, 14",
      "inventory":[{
          "refId":"ingred_crab_meat_01",
          "count":1,
          "charge":-1,
          "enchantmentCharge":-1,
          "soul":""
        }]
    },
    "225477-0":{
      "refId":"dreugh",
      "location":{
        "posY":120050.25,
        "posZ":-1392.0988769531,
        "rotX":0.00078410748392344,
        "rotZ":0.42582631111145,
        "rotY":0,
        "posX":-119749.296875
      },
      "stats":{
        "healthBase":60,
        "healthCurrent":60,
        "magickaBase":75,
        "magickaModified":75,
        "fatigueBase":400,
        "fatigueCurrent":400,
        "fatigueModified":400,
        "magickaCurrent":75,
        "healthModified":60
      },
      "inventory":[]
    },
    "355403-0":{
      "refId":"slaughterfish",
      "location":{
        "posY":117491.15625,
        "posZ":-246.21542358398,
        "rotX":0,
        "rotZ":2.2275726795197,
        "rotY":0,
        "posX":-116283.640625
      },
      "stats":{
        "healthBase":23,
        "healthCurrent":23,
        "magickaBase":10,
        "magickaModified":10,
        "fatigueBase":400,
        "fatigueCurrent":400,
        "fatigueModified":400,
        "magickaCurrent":10,
        "healthModified":23
      },
      "inventory":[]
    },
    "225476-0":{
      "refId":"dreugh",
      "location":{
        "posY":121773.09375,
        "posZ":-1399.0614013672,
        "rotX":0,
        "rotZ":-0.073212623596191,
        "rotY":0,
        "posX":-119940.8046875
      },
      "stats":{
        "healthBase":60,
        "healthCurrent":60,
        "magickaBase":75,
        "magickaModified":75,
        "fatigueBase":400,
        "fatigueCurrent":400,
        "fatigueModified":400,
        "magickaCurrent":75,
        "healthModified":60
      },
      "inventory":[{
          "refId":"ingred_dreugh_wax_01",
          "count":1,
          "charge":-1,
          "enchantmentCharge":-1,
          "soul":""
        }]
    },
    "0-1449":{
      "refId":"dreugh",
      "location":{
        "posY":121946.1953125,
        "posZ":-78.448440551758,
        "rotX":0,
        "rotZ":2.2467501163483,
        "rotY":0,
        "posX":-122821.859375
      },
      "stats":{
        "healthBase":60,
        "healthCurrent":60,
        "magickaBase":75,
        "magickaModified":75,
        "fatigueBase":400,
        "fatigueCurrent":400,
        "fatigueModified":400,
        "magickaCurrent":75,
        "healthModified":60
      },
      "inventory":[]
    },
    "257742-0":{
      "refId":"flora_bittergreen_06",
      "inventory":[]
    },
    "257743-0":{
      "refId":"flora_bittergreen_09",
      "inventory":[]
    },
    "257744-0":{
      "refId":"flora_bittergreen_04",
      "inventory":[{
          "refId":"ingred_bittergreen_petals_01",
          "count":2,
          "charge":-1,
          "enchantmentCharge":-1,
          "soul":""
        }]
    },
    "257745-0":{
      "refId":"flora_bittergreen_08",
      "inventory":[]
    },
    "257750-0":{
      "refId":"flora_bittergreen_08",
      "inventory":[]
    },
    "389619-0":{
      "refId":"barrel_01_empty",
      "inventory":[]
    },
    "0-1469":{
      "refId":"atronach_flame",
      "location":{
        "posY":115783.8671875,
        "posZ":318.38333129883,
        "rotX":0.072712525725365,
        "rotZ":1.9501030445099,
        "rotY":0,
        "posX":-118445.9296875
      },
      "stats":{
        "healthBase":75,
        "healthCurrent":0,
        "magickaBase":105,
        "magickaModified":105,
        "fatigueBase":600,
        "fatigueCurrent":600,
        "fatigueModified":600,
        "magickaCurrent":1,
        "healthModified":75
      },
      "inventory":[],
      "killer":{
        "playerName":"Fidgug"
      },
      "deathState":38,
      "spellsActive":[]
    },
    "0-1470":{
      "refId":"clannfear",
      "location":{
        "posY":116286.859375,
        "posZ":52.603897094727,
        "rotX":0.12638626992702,
        "rotZ":-0.32923030853271,
        "rotY":0,
        "posX":-117344.3125
      },
      "stats":{
        "healthBase":113,
        "healthCurrent":0,
        "magickaBase":100,
        "magickaModified":100,
        "fatigueBase":500,
        "fatigueCurrent":498.50881958008,
        "fatigueModified":500,
        "magickaCurrent":100,
        "healthModified":113
      },
      "inventory":[],
      "killer":{
        "playerName":"Fidgug"
      },
      "deathState":38,
      "spellsActive":{
        "cloudcleaver_unique":[{
            "caster":{
              "playerName":"Fidgug"
            },
            "stackingState":false,
            "displayName":"Cloudcleaver",
            "effects":[{
                "id":15,
                "timeLeft":1,
                "magnitude":24,
                "arg":-1,
                "duration":1
              }],
            "startTime":1723745205
          }]
      }
    },
    "0-1471":{
      "refId":"dremora",
      "location":{
        "posY":115910.75,
        "posZ":-32.68660736084,
        "rotX":-0.013413356617093,
        "rotZ":-1.2660195827484,
        "rotY":0,
        "posX":-117548.40625
      },
      "stats":{
        "healthBase":160,
        "healthCurrent":0,
        "magickaBase":100,
        "magickaModified":100,
        "fatigueBase":400,
        "fatigueCurrent":303.19921875,
        "fatigueModified":400,
        "magickaCurrent":40,
        "healthModified":160
      },
      "equipment":{
        "16":{
          "refId":"dwarven claymore",
          "count":1,
          "charge":-1,
          "enchantmentCharge":-1
        }
      },
      "inventory":[{
          "refId":"dwarven claymore",
          "count":1,
          "charge":-1,
          "enchantmentCharge":-1,
          "soul":""
        }],
      "killer":{
        "playerName":"Fidgug"
      },
      "deathState":40,
      "spellsActive":[]
    },
    "225500-0":{
      "refId":"kollop_02_pearl",
      "inventory":[]
    },
    "0-1468":{
      "refId":"slaughterfish_small",
      "location":{
        "posY":114782.796875,
        "posZ":-149.74655151367,
        "rotX":0.0056261299178004,
        "rotZ":-3.0944454669952,
        "rotY":0,
        "posX":-120496.78125
      },
      "stats":{
        "healthBase":15,