{
  "packets":{
    "actorList":["0-1442","0-1443","0-1439","0-1440","0-1441"],
    "ai":[],
    "cellChangeFrom":[],
    "cellChangeTo":[],
    "container":["0-1442","0-1443","0-1439","0-1440","0-1441"],
    "death":[],
    "delete":[],
    "doorState":[],
    "equipment":[],
    "lock":[],
    "place":[],
    "position":["0-1439","0-1440","0-1441","0-1442","0-1443"],
    "scale":[],
    "spawn":["0-1442","0-1443","0-1439","0-1440","0-1441"],
    "state":[],
    "statsDynamic":["0-1439","0-1440","0-1441","0-1442","0-1443"],
    "trap":[],
    "clientScriptLocal":[],
    "spellsActive":[],
    "miscellaneous":[]
  },
  "entry":{
    "description":"-15, 15",
    "creationTime":1719603705
  },
  "lastVisit":{
    "Benoit":1719604025,
    "Fidgug":1719604020
  },
  "recordLinks":[],
  "objectData":{
    "0-1442":{
      "refId":"slaughterfish_small",
      "location":{
        "posX":-118784.171875,
        "posY":129683.40625,
        "posZ":-718.49560546875,
        "rotX":0.00016167294234037,
        "rotY":0,
        "rotZ":2.7621419429779
      },
      "stats":{
        "magickaCurrent":10,
        "fatigueBase":300,
        "fatigueCurrent":299.98126220703,
        "healthModified":15,
        "magickaModified":10,
        "fatigueModified":300,
        "healthBase":15,
        "healthCurrent":15,
        "magickaBase":10
      },
      "inventory":[]
    },
    "0-1443":{
      "refId":"dreugh",
      "location":{
        "posX":-121444.5,
        "posY":128736.109375,
        "posZ":-78.447814941406,
        "rotX":0.00016820430755615,
        "rotY":0,
        "rotZ":-0.29123139381409
      },
      "stats":{
        "magickaCurrent":75,
        "fatigueBase":400,
        "fatigueCurrent":400,
        "healthModified":60,
        "magickaModified":75,
        "fatigueModified":400,
        "healthBase":60,
        "healthCurrent":60,
        "magickaBase":75
      },
      "inventory":[]
    },
    "0-1439":{
      "refId":"slaughterfish",
      "location":{
        "posX":-116675.640625,
        "posY":129139.0234375,
        "posZ":-764.14038085938,
        "rotX":0.00098815932869911,
        "rotY":0,
        "rotZ":-0.31540179252625
      },
      "stats":{
        "magickaCurrent":10,
        "fatigueBase":400,
        "fatigueCurrent":399.98126220703,
        "healthModified":23,
        "magickaModified":10,
        "fatigueModified":400,
        "healthBase":23,
        "healthCurrent":23,
        "magickaBase":10
      },
      "inventory":[]
    },
    "0-1440":{
      "refId":"slaughterfish_small",
      "location":{
        "posX":-117513.875,
        "posY":128995.46875,
        "posZ":-820.82336425781,
        "rotX":0,
        "rotY":0,
        "rotZ":-0.26565885543823
      },
      "stats":{
        "magickaCurrent":10,
        "fatigueBase":300,
        "fatigueCurrent":300,
        "healthModified":15,
        "magickaModified":10,
        "fatigueModified":300,
        "healthBase":15,
        "healthCurrent":15,
        "magickaBase":10
      },
      "inventory":[{
          "refId":"ingred_scales_01",
          "count":1,
          "charge":-1,
          "enchantmentCharge":-1,
          "soul":""
        }]
    },
    "0-1441":{
      "refId":"slaughterfish_small",
      "location":{
        "posX":-118516.3828125,
        "posY":125248.40625,
        "posZ":-477.55615234375,
        "rotX":0,
        "rotY":0,
        "rotZ":-3.0043423175812
      },
      "stats":{
        "magickaCurrent":10,
        "fatigueBase":300,
        "fatigueCurrent":300,
        "healthModified":15,
        "magickaModified":10,
        "fatigueModified":300,
        "healthBase":15,
        "healthCurrent":15,
        "magickaBase":10
      },
      "inventory":[]
    }
  },
  "loadState":{
    "hasFullActorList":true,
    "hasFullContainerData":true
  }
}