{
  "packets":{
    "actorList":["0-1442","0-1443","0-1439","0-1440","0-1441"],
    "ai":[],
    "cellChangeFrom":[],
    "cellChangeTo":[],
    "container":["0-1442","0-1443","0-1439","0-1440","0-1441"],
    "death":[],
    "delete":[],
    "doorState":[],
    "equipment":[],
    "lock":[],
    "place":[],
    "position":["0-1439","0-1440","0-1441","0-1442","0-1443"],
    "scale":[],
    "spawn":["0-1442","0-1443","0-1439","0-1440","0-1441"],
    "state":[],
    "statsDynamic":["0-1439","0-1440","0-1441","0-1442","0-1443"],
    "trap":[],
    "clientScriptLocal":[],
    "miscellaneous":[],
    "spellsActive":[]
  },
  "entry":{
    "description":"-15, 15",
    "creationTime":1719603705
  },
  "lastVisit":{
    "Benoit":1720203443,
    "Fidgug":1720203445
  },
  "recordLinks":[],
  "objectData":{
    "0-1442":{
      "refId":"slaughterfish_small",
      "location":{
        "rotZ":1.4155261516571,
        "rotY":0,
        "posX":-117961.7890625,
        "posY":129965.453125,
        "posZ":-718.09326171875,
        "rotX":-3.7750229239464e-05
      },
      "stats":{
        "healthBase":15,
        "healthCurrent":15,
        "magickaBase":10,
        "magickaCurrent":10,
        "healthModified":15,
        "fatigueCurrent":299.98126220703,
        "fatigueModified":300,
        "fatigueBase":300,
        "magickaModified":10
      },
      "inventory":[]
    },
    "0-1443":{
      "refId":"dreugh",
      "location":{
        "rotZ":-2.0184891223907,
        "rotY":0,
        "posX":-122009.640625,
        "posY":128043.0625,
        "posZ":-78.402786254883,
        "rotX":-3.6618672311306e-05
      },
      "stats":{
        "healthBase":60,
        "healthCurrent":60,
        "magickaBase":75,
        "magickaCurrent":75,
        "healthModified":60,
        "fatigueCurrent":400,
        "fatigueModified":400,
        "fatigueBase":400,
        "magickaModified":75
      },
      "inventory":[]
    },
    "0-1439":{
      "refId":"slaughterfish",
      "location":{
        "rotZ":-2.2140018939972,
        "rotY":0,
        "posX":-116927.671875,
        "posY":129297.8046875,
        "posZ":-764.62524414063,
        "rotX":-0.0085800653323531
      },
      "stats":{
        "healthBase":23,
        "healthCurrent":23,
        "magickaBase":10,
        "magickaCurrent":10,
        "healthModified":23,
        "fatigueCurrent":399.98126220703,
        "fatigueModified":400,
        "fatigueBase":400,
        "magickaModified":10
      },
      "inventory":[]
    },
    "0-1440":{
      "refId":"slaughterfish_small",
      "location":{
        "rotZ":-2.5306742191315,
        "rotY":0,
        "posX":-117453.7578125,
        "posY":128569.0234375,
        "posZ":-820.37292480469,
        "rotX":0.0066833216696978
      },
      "stats":{
        "healthBase":15,
        "healthCurrent":15,
        "magickaBase":10,
        "magickaCurrent":10,
        "healthModified":15,
        "fatigueCurrent":300,
        "fatigueModified":300,
        "fatigueBase":300,
        "magickaModified":10
      },
      "inventory":[{
          "refId":"ingred_scales_01",
          "count":1,
          "charge":-1,
          "enchantmentCharge":-1,
          "soul":""
        }]
    },
    "0-1441":{
      "refId":"slaughterfish_small",
      "location":{
        "rotZ":-0.47173023223877,
        "rotY":0,
        "posX":-118174.0390625,
        "posY":124950.84375,
        "posZ":-477.55615234375,
        "rotX":0
      },
      "stats":{
        "healthBase":15,
        "healthCurrent":15,
        "magickaBase":10,
        "magickaCurrent":10,
        "healthModified":15,
        "fatigueCurrent":300,
        "fatigueModified":300,
        "fatigueBase":300,
        "magickaModified":10
      },
      "inventory":[]
    }
  },
  "loadState":{
    "hasFullActorList":true,
    "hasFullContainerData":true
  }
}