{
  "packets":{
    "actorList":["0-12","0-13","0-14","0-22"],
    "ai":[],
    "cellChangeFrom":[],
    "cellChangeTo":[],
    "container":["297464-0","297466-0","297465-0","297463-0","266886-0","266888-0","266907-0","266908-0","266909-0","266910-0","266914-0","266915-0","266916-0","266917-0","266918-0","266919-0","266925-0","266926-0","266927-0","266928-0","266929-0","266942-0","266943-0","266980-0","266982-0","266983-0","266984-0","266995-0","266996-0","266997-0","267006-0","267019-0","267020-0","267021-0","267028-0","267036-0","267037-0","267038-0","267039-0","267040-0","463092-0","0-12","0-13","0-14","0-22"],
    "death":[],
    "delete":[],
    "doorState":[],
    "equipment":[],
    "lock":[],
    "place":[],
    "position":["0-12","0-13","0-14","0-22"],
    "scale":[],
    "spawn":["0-12","0-13","0-14","0-22"],
    "state":["445165-0","445166-0","445167-0","484258-0"],
    "statsDynamic":["0-12","0-13","0-14","0-22"],
    "trap":[],
    "spellsActive":[],
    "miscellaneous":[],
    "clientScriptLocal":[]
  },
  "entry":{
    "description":"-2, -10",
    "creationTime":1713904313
  },
  "lastVisit":{
    "Fidgug":1713905608,
    "qwer":1713904731,
    "asdf":1713904733,
    "Benoit":1713905611
  },
  "recordLinks":[],
  "objectData":{
    "484258-0":{
      "refId":"chargencollision - extra",
      "state":false
    },
    "267040-0":{
      "refId":"flora_bc_mushroom_07",
      "inventory":[]
    },
    "463092-0":{
      "refId":"kollop_03_pearl",
      "inventory":[]
    },
    "0-22":{
      "refId":"slaughterfish",
      "location":{
        "posX":-16380.663085938,
        "posY":-74709.90625,
        "posZ":-148.7693939209,
        "rotX":0.0012301839888096,
        "rotZ":2.7142117023468,
        "rotY":0
      },
      "stats":{
        "healthBase":23,
        "healthCurrent":23,
        "magickaBase":10,
        "magickaCurrent":10,
        "fatigueBase":400,
        "fatigueCurrent":400,
        "fatigueModified":400,
        "healthModified":23,
        "magickaModified":10
      },
      "inventory":[{
          "refId":"ingred_scales_01",
          "count":2,
          "charge":-1,
          "enchantmentCharge":-1,
          "soul":""
        }]
    },
    "445167-0":{
      "refId":"chargencollision - extra",
      "state":false
    },
    "445166-0":{
      "refId":"chargencollision - extra",
      "state":false
    },
    "445165-0":{
      "refId":"chargencollision - extra",
      "state":false
    },
    "267039-0":{
      "refId":"flora_bc_mushroom_08",
      "inventory":[{
          "refId":"ingred_coprinus_01",
          "count":2,
          "charge":-1,
          "enchantmentCharge":-1,
          "soul":""
        }]
    },
    "0-12":{
      "refId":"mudcrab",
      "location":{
        "posX":-14169.513671875,
        "posY":-76385.0703125,
        "posZ":67.117294311523,
        "rotX":0.23606127500534,
        "rotZ":-1.878518819809,
        "rotY":0
      },
      "stats":{
        "healthBase":15,
        "healthCurrent":15,
        "magickaBase":5,
        "magickaCurrent":5,
        "fatigueBase":400,
        "fatigueCurrent":400,
        "fatigueModified":400,
        "healthModified":15,
        "magickaModified":5
      },
      "inventory":[{
          "refId":"ingred_crab_meat_01",
          "count":1,
          "charge":-1,
          "enchantmentCharge":-1,
          "soul":""
        }]
    },
    "0-13":{
      "refId":"slaughterfish",
      "location":{
        "posX":-15260.1640625,
        "posY":-77408.03125,
        "posZ":-157.12567138672,
        "rotX":4.5794993638992e-05,
        "rotZ":-0.99153256416321,
        "rotY":0
      },
      "stats":{
        "healthBase":23,
        "healthCurrent":23,
        "magickaBase":10,
        "magickaCurrent":10,
        "fatigueBase":400,
        "fatigueCurrent":400,
        "fatigueModified":400,
        "healthModified":23,
        "magickaModified":10
      },
      "inventory":[]
    },
    "0-14":{
      "refId":"slaughterfish_small",
      "location":{
        "posX":-9343.578125,
        "posY":-81723.953125,
        "posZ":-181.82464599609,
        "rotX":0,
        "rotZ":-2.4753196239471,
        "rotY":0
      },
      "stats":{
        "healthBase":15,
        "healthCurrent":15,
        "magickaBase":10,
        "magickaCurrent":10,
        "fatigueBase":300,
        "fatigueCurrent":300,
        "fatigueModified":300,
        "healthModified":15,
        "magickaModified":10
      },
      "inventory":[{
          "refId":"ingred_scales_01",
          "count":1,
          "charge":-1,
          "enchantmentCharge":-1,
          "soul":""
        }]
    },
    "297464-0":{
      "refId":"chargen_barrel_01",
      "inventory":[]
    },
    "297466-0":{
      "refId":"chargen_barrel_02",
      "inventory":[]
    },
    "297465-0":{
      "refId":"chargenbarrel_01_drinks",
      "inventory":[{
          "refId":"potion_comberry_brandy_01",
          "count":1,
          "charge":-1,
          "enchantmentCharge":-1,
          "soul":""
        },{
          "refId":"potion_local_brew_01",
          "count":2,
          "charge":-1,
          "enchantmentCharge":-1,
          "soul":""
        },{
          "refId":"potion_comberry_wine_01",
          "count":1,
          "charge":-1,
          "enchantmentCharge":-1,
          "soul":""
        },{
          "refId":"potion_local_liquor_01",
          "count":1,
          "charge":-1,
          "enchantmentCharge":-1,
          "soul":""
        }]
    },
    "297463-0":{
      "refId":"chargen_chest_02_empty",
      "inventory":[]
    },
    "266886-0":{
      "refId":"flora_bc_mushroom_03",
      "inventory":[{
          "refId":"ingred_russula_01",
          "count":1,
          "charge":-1,
          "enchantmentCharge":-1,
          "soul":""
        }]
    },
    "266888-0":{
      "refId":"flora_bc_mushroom_04",
      "inventory":[{
          "refId":"ingred_russula_01",
          "count":2,
          "charge":-1,
          "enchantmentCharge":-1,
          "soul":""
        }]
    },
    "266907-0":{
      "refId":"flora_bc_podplant_01",
      "inventory":[{
          "refId":"ingred_bc_ampoule_pod",
          "count":1,
          "charge":-1,
          "enchantmentCharge":-1,
          "soul":""
        }]
    },
    "266908-0":{
      "refId":"flora_bc_podplant_01",
      "inventory":[{
          "refId":"ingred_bc_ampoule_pod",
          "count":1,
          "charge":-1,
          "enchantmentCharge":-1,
          "soul":""
        }]
    },
    "266909-0":{
      "refId":"flora_bc_podplant_01",
      "inventory":[]
    },
    "266910-0":{
      "refId":"flora_bc_podplant_03",
      "inventory":[{
          "refId":"ingred_bc_coda_flower",
          "count":1,
          "charge":-1,
          "enchantmentCharge":-1,
          "soul":""
        }]
    },
    "266914-0":{
      "refId":"flora_bc_shelffungus_01",
      "inventory":[{
          "refId":"ingred_bc_bungler's_bane",
          "count":1,
          "charge":-1,
          "enchantmentCharge":-1,
          "soul":""
        }]
    },
    "266915-0":{
      "refId":"flora_bc_shelffungus_01",
      "inventory":[{
          "refId":"ingred_bc_bungler's_bane",
          "count":1,
          "charge":-1,
          "enchantmentCharge":-1,
          "soul":""
        }]
    },
    "266916-0":{
      "refId":"flora_bc_shelffungus_01",
      "inventory":[{
          "refId":"ingred_bc_bungler's_bane",
          "count":1,
          "charge":-1,
          "enchantmentCharge":-1,
          "soul":""
        }]
    },
    "266917-0":{
      "refId":"flora_bc_shelffungus_01",
      "inventory":[{
          "refId":"ingred_bc_bungler's_bane",
          "count":1,
          "charge":-1,
          "enchantmentCharge":-1,
          "soul":""
        }]
    },
    "266918-0":{
      "refId":"flora_bc_shelffungus_01",
      "inventory":[]
    },
    "266919-0":{
      "refId":"flora_bc_shelffungus_01",