{
  "packets":{
    "actorList":["0-44","0-45","0-46"],
    "ai":[],
    "cellChangeFrom":[],
    "cellChangeTo":[],
    "container":["266232-0","266233-0","266312-0","266313-0","266315-0","266319-0","266320-0","266322-0","266332-0","266333-0","266382-0","266383-0","266386-0","266387-0","266388-0","0-44","0-45","0-46"],
    "death":[],
    "delete":[],
    "doorState":[],
    "equipment":[],
    "lock":[],
    "place":[],
    "position":["0-44","0-45","0-46"],
    "scale":[],
    "spawn":["0-44","0-45","0-46"],
    "state":[],
    "statsDynamic":["0-44","0-45","0-46"],
    "trap":[],
    "clientScriptLocal":[],
    "spellsActive":[],
    "miscellaneous":[]
  },
  "entry":{
    "creationTime":1713905672,
    "description":"-2, -7"
  },
  "lastVisit":{
    "Fidgug":1718736047,
    "Benoit":1718736047
  },
  "recordLinks":[],
  "objectData":{
    "0-44":{
      "refId":"rat",
      "location":{
        "posX":-11399.54296875,
        "posY":-51329.8984375,
        "posZ":2056.9558105469,
        "rotX":-0.018341111019254,
        "rotZ":1.8467080593109,
        "rotY":0
      },
      "stats":{
        "healthBase":23,
        "healthCurrent":23,
        "magickaBase":10,
        "healthModified":23,
        "magickaModified":10,
        "fatigueCurrent":300,
        "fatigueModified":300,
        "magickaCurrent":10,
        "fatigueBase":300
      },
      "inventory":[]
    },
    "0-45":{
      "refId":"rat",
      "location":{
        "posX":-9969.77734375,
        "posY":-56468.1171875,
        "posZ":2245.5969238281,
        "rotX":-0.12392064929008,
        "rotZ":-0.34201788902283,
        "rotY":0
      },
      "stats":{
        "healthBase":23,
        "healthCurrent":23,
        "magickaBase":10,
        "healthModified":23,
        "magickaModified":10,
        "fatigueCurrent":300,
        "fatigueModified":300,
        "magickaCurrent":10,
        "fatigueBase":300
      },
      "inventory":[{
          "refId":"ingred_rat_meat_01",
          "count":1,
          "charge":-1,
          "enchantmentCharge":-1,
          "soul":""
        }]
    },
    "0-46":{
      "refId":"kwama forager",
      "location":{
        "posX":-14109.77734375,
        "posY":-53622.4375,
        "posZ":1363.6733398438,
        "rotX":-0.40044820308685,
        "rotZ":-0.41127109527588,
        "rotY":0
      },
      "stats":{
        "healthBase":23,
        "healthCurrent":23,
        "magickaBase":15,
        "healthModified":23,
        "magickaModified":15,
        "fatigueCurrent":300,
        "fatigueModified":300,
        "magickaCurrent":15,
        "fatigueBase":300
      },
      "inventory":[{
          "refId":"ingred_kwama_cuttle_01",
          "count":1,
          "charge":-1,
          "enchantmentCharge":-1,
          "soul":""
        }]
    },
    "266232-0":{
      "refId":"flora_bc_mushroom_07",
      "inventory":[{
          "refId":"ingred_coprinus_01",
          "count":1,
          "charge":-1,
          "enchantmentCharge":-1,
          "soul":""
        }]
    },
    "266233-0":{
      "refId":"flora_bc_mushroom_07",
      "inventory":[{
          "refId":"ingred_coprinus_01",
          "count":1,
          "charge":-1,
          "enchantmentCharge":-1,
          "soul":""
        }]
    },
    "266312-0":{
      "refId":"flora_bc_mushroom_02",
      "inventory":[{
          "refId":"ingred_russula_01",
          "count":2,
          "charge":-1,
          "enchantmentCharge":-1,
          "soul":""
        }]
    },
    "266313-0":{
      "refId":"flora_bc_mushroom_01",
      "inventory":[{
          "refId":"ingred_russula_01",
          "count":1,
          "charge":-1,
          "enchantmentCharge":-1,
          "soul":""
        }]
    },
    "266315-0":{
      "refId":"flora_bc_mushroom_08",
      "inventory":[{
          "refId":"ingred_coprinus_01",
          "count":2,
          "charge":-1,
          "enchantmentCharge":-1,
          "soul":""
        }]
    },
    "266319-0":{
      "refId":"flora_bc_mushroom_03",
      "inventory":[{
          "refId":"ingred_russula_01",
          "count":1,
          "charge":-1,
          "enchantmentCharge":-1,
          "soul":""
        }]
    },
    "266320-0":{
      "refId":"flora_bc_fern_01",
      "inventory":[{
          "refId":"ingred_bc_spore_pod",
          "count":3,
          "charge":-1,
          "enchantmentCharge":-1,
          "soul":""
        }]
    },
    "266322-0":{
      "refId":"flora_bc_fern_01",
      "inventory":[{
          "refId":"ingred_bc_spore_pod",
          "count":3,
          "charge":-1,
          "enchantmentCharge":-1,
          "soul":""
        }]
    },
    "266332-0":{
      "refId":"flora_bc_shelffungus_02",
      "inventory":[{
          "refId":"ingred_bc_bungler's_bane",
          "count":1,
          "charge":-1,
          "enchantmentCharge":-1,
          "soul":""
        }]
    },
    "266333-0":{
      "refId":"flora_bc_shelffungus_04",
      "inventory":[{
          "refId":"ingred_bc_hypha_facia",
          "count":1,
          "charge":-1,
          "enchantmentCharge":-1,
          "soul":""
        }]
    },
    "266382-0":{
      "refId":"flora_bc_shelffungus_02",
      "inventory":[{
          "refId":"ingred_bc_bungler's_bane",
          "count":1,
          "charge":-1,
          "enchantmentCharge":-1,
          "soul":""
        }]
    },
    "266383-0":{
      "refId":"flora_bc_shelffungus_04",
      "inventory":[{
          "refId":"ingred_bc_hypha_facia",
          "count":1,
          "charge":-1,
          "enchantmentCharge":-1,
          "soul":""
        }]
    },
    "266386-0":{
      "refId":"flora_bc_mushroom_08",
      "inventory":[{
          "refId":"ingred_coprinus_01",
          "count":2,
          "charge":-1,
          "enchantmentCharge":-1,
          "soul":""
        }]
    },
    "266387-0":{
      "refId":"flora_bc_mushroom_08",
      "inventory":[{
          "refId":"ingred_coprinus_01",
          "count":2,
          "charge":-1,
          "enchantmentCharge":-1,
          "soul":""
        }]
    },
    "266388-0":{
      "refId":"flora_bc_mushroom_08",
      "inventory":[{
          "refId":"ingred_coprinus_01",
          "count":2,
          "charge":-1,
          "enchantmentCharge":-1,
          "soul":""
        }]
    }
  },
  "loadState":{
    "hasFullContainerData":true,
    "hasFullActorList":true
  }
}