{
  "packets":{
    "actorList":["0-1047","0-1048","0-1049","0-1050","276644-0","276643-0","0-1051"],
    "ai":[],
    "cellChangeFrom":[],
    "cellChangeTo":[],
    "container":["276646-0","276647-0","276648-0","276643-0","276644-0","0-1047","0-1048","0-1049","0-1050","0-1051"],
    "death":[],
    "delete":[],
    "doorState":[],
    "equipment":["276644-0","276643-0"],
    "lock":[],
    "place":[],
    "position":["276643-0","276644-0","0-1047","0-1048","0-1049","0-1050","0-1051"],
    "scale":[],
    "spawn":["0-1047","0-1048","0-1049","0-1050","0-1051"],
    "state":[],
    "statsDynamic":["276643-0","276644-0","0-1047","0-1048","0-1049","0-1050","0-1051"],
    "trap":[],
    "clientScriptLocal":[],
    "spellsActive":[],
    "miscellaneous":[]
  },
  "entry":{
    "description":"-2, 11",
    "creationTime":1717188839
  },
  "lastVisit":{
    "Benoit":1719598921,
    "Fidgug":1719598919
  },
  "recordLinks":[],
  "objectData":{
    "0-1047":{
      "refId":"ash_slave",
      "location":{
        "posX":-9424.9189453125,
        "posY":91604.0546875,
        "posZ":4434.4057617188,
        "rotX":0,
        "rotY":0,
        "rotZ":0
      },
      "stats":{
        "magickaCurrent":124,
        "fatigueBase":345,
        "fatigueCurrent":345,
        "healthModified":60,
        "magickaModified":124,
        "fatigueModified":345,
        "healthBase":60,
        "healthCurrent":60,
        "magickaBase":124
      },
      "inventory":[{
          "refId":"ingred_ash_salts_01",
          "count":1,
          "charge":-1,
          "enchantmentCharge":-1,
          "soul":""
        }]
    },
    "0-1048":{
      "refId":"corprus_stalker",
      "location":{
        "posX":-9216.087890625,
        "posY":94175.671875,
        "posZ":4464.935546875,
        "rotX":0,
        "rotY":0,
        "rotZ":0
      },
      "stats":{
        "magickaCurrent":50,
        "fatigueBase":300,
        "fatigueCurrent":300,
        "healthModified":60,
        "magickaModified":50,
        "fatigueModified":300,
        "healthBase":60,
        "healthCurrent":60,
        "magickaBase":50
      },
      "inventory":[{
          "refId":"ingred_corprus_weepings_01",
          "count":1,
          "charge":-1,
          "enchantmentCharge":-1,
          "soul":""
        }]
    },
    "0-1049":{
      "refId":"corprus_stalker",
      "location":{
        "posX":-11324.81640625,
        "posY":94004.859375,
        "posZ":3153.966796875,
        "rotX":-0.19649946689606,
        "rotY":0,
        "rotZ":-1.0282442569733
      },
      "stats":{
        "magickaCurrent":50,
        "fatigueBase":300,
        "fatigueCurrent":300,
        "healthModified":60,
        "magickaModified":50,
        "fatigueModified":300,
        "healthBase":60,
        "healthCurrent":60,
        "magickaBase":50
      },
      "inventory":[]
    },
    "0-1050":{
      "refId":"cliff racer",
      "location":{
        "posX":-14952.709960938,
        "posY":90310.6484375,
        "posZ":3847.3515625,
        "rotX":0.0087480703368783,
        "rotY":0,
        "rotZ":-1.6032230854034
      },
      "stats":{
        "magickaCurrent":20,
        "fatigueBase":400,
        "fatigueCurrent":400,
        "healthModified":45,
        "magickaModified":20,
        "fatigueModified":400,
        "healthBase":45,
        "healthCurrent":45,
        "magickaBase":20
      },
      "inventory":[{
          "refId":"ingred_racer_plumes_01",
          "count":1,
          "charge":-1,
          "enchantmentCharge":-1,
          "soul":""
        }]
    },
    "276644-0":{
      "refId":"dakin kuntarnammu",
      "location":{
        "posX":-15138.458007813,
        "posY":96669.234375,
        "posZ":942.29626464844,
        "rotX":-0.35531759262085,
        "rotY":0,
        "rotZ":1.2978694438934
      },
      "stats":{
        "magickaCurrent":92,
        "fatigueBase":213,
        "fatigueCurrent":213,
        "healthModified":96,
        "magickaModified":92,
        "fatigueModified":213,
        "healthBase":96,
        "healthCurrent":96,
        "magickaBase":92
      },
      "equipment":{
        "1":{
          "refId":"netch_leather_boiled_cuirass",
          "count":1,
          "charge":-1,
          "enchantmentCharge":-1
        },
        "7":{
          "refId":"netch_leather_boots",
          "count":1,
          "charge":-1,
          "enchantmentCharge":-1
        },
        "8":{
          "refId":"common_shirt_03_c",
          "count":1,
          "charge":-1,
          "enchantmentCharge":-1
        },
        "9":{
          "refId":"common_pants_01_u",
          "count":1,
          "charge":-1,
          "enchantmentCharge":-1
        },
        "16":{
          "refId":"chitin club",
          "count":1,
          "charge":-1,
          "enchantmentCharge":-1
        }
      },
      "inventory":[{
          "refId":"netch_leather_boots",
          "count":1,
          "charge":-1,
          "enchantmentCharge":-1,
          "soul":""
        },{
          "refId":"netch_leather_boiled_cuirass",
          "count":1,
          "charge":-1,
          "enchantmentCharge":-1,
          "soul":""
        },{
          "refId":"common_shirt_03_c",
          "count":1,
          "charge":-1,
          "enchantmentCharge":-1,
          "soul":""
        },{
          "refId":"common_shoes_01",
          "count":1,
          "charge":-1,
          "enchantmentCharge":-1,
          "soul":""
        },{
          "refId":"common_pants_01_u",
          "count":1,
          "charge":-1,
          "enchantmentCharge":-1,
          "soul":""
        },{
          "refId":"gold_001",
          "count":5,
          "charge":-1,
          "enchantmentCharge":-1,
          "soul":""
        },{
          "refId":"chitin club",
          "count":1,
          "charge":-1,
          "enchantmentCharge":-1,
          "soul":""
        }]
    },
    "276643-0":{
      "refId":"zanat assarnuridan",
      "location":{
        "posX":-15901.466796875,
        "posY":97153.2890625,
        "posZ":772.10150146484,
        "rotX":0.14034603536129,
        "rotY":0,
        "rotZ":2.0340540409088
      },
      "stats":{
        "magickaCurrent":94,
        "fatigueBase":204,
        "fatigueCurrent":204,
        "healthModified":90,
        "magickaModified":94,
        "fatigueModified":204,
        "healthBase":90,
        "healthCurrent":90,
        "magickaBase":94
      },
      "equipment":{
        "7":{
          "refId":"common_shoes_01",
          "count":1,
          "charge":-1,
          "enchantmentCharge":-1
        },
        "8":{
          "refId":"common_shirt_02_r",
          "count":1,
          "charge":-1,
          "enchantmentCharge":-1
        },
        "16":{
          "refId":"chitin dagger",
          "count":1,
          "charge":-1,
          "enchantmentCharge":-1
        },
        "9":{
          "refId":"common_pants_01_u",
          "count":1,
          "charge":-1,
          "enchantmentCharge":-1
        }
      },
      "inventory":[{
          "refId":"common_shirt_02_r",
          "count":1,
          "charge":-1,
          "enchantmentCharge":-1,
          "soul":""
        },{
          "refId":"common_shoes_01",
          "count":1,
          "charge":-1,
          "enchantmentCharge":-1,
          "soul":""
        },{
          "refId":"common_pants_01_u",
          "count":1,
          "charge":-1,
          "enchantmentCharge":-1,
          "soul":""
        },{
          "refId":"gold_001",
          "count":7,
          "charge":-1,
          "enchantmentCharge":-1,
          "soul":""
        },{
          "refId":"chitin dagger",
          "count":1,
          "charge":-1,
          "enchantmentCharge":-1,
          "soul":""
        }]
    },
    "276646-0":{
      "refId":"de_p_chest_02_gold_25",
      "inventory":[{
          "refId":"gold_001",
          "count":25,
          "charge":-1,
          "enchantmentCharge":-1,