{
  "packets":{
    "actorList":["0-1047","0-1048","0-1049","0-1050","276644-0","276643-0","0-1051","0-1044"],
    "ai":[],
    "cellChangeFrom":[],
    "cellChangeTo":[],
    "container":["276646-0","276647-0","276648-0","276643-0","276644-0","0-1047","0-1048","0-1049","0-1050","0-1044","0-1051"],
    "death":[],
    "delete":[],
    "doorState":[],
    "equipment":["276644-0","276643-0"],
    "lock":[],
    "place":[],
    "position":["276643-0","276644-0","0-1047","0-1048","0-1049","0-1050","0-1051","0-1044"],
    "scale":[],
    "spawn":["0-1047","0-1048","0-1049","0-1050","0-1051","0-1044"],
    "state":[],
    "statsDynamic":["276643-0","276644-0","0-1047","0-1048","0-1049","0-1050","0-1051","0-1044"],
    "trap":[],
    "clientScriptLocal":[],
    "spellsActive":[],
    "miscellaneous":[]
  },
  "entry":{
    "description":"-2, 11",
    "creationTime":1717188839
  },
  "lastVisit":{
    "Benoit":1717189216,
    "Fidgug":1717189221
  },
  "recordLinks":[],
  "objectData":{
    "0-1048":{
      "refId":"corprus_stalker",
      "location":{
        "posX":-9215.912109375,
        "posY":94175.84375,
        "posZ":4464.9580078125,
        "rotX":0,
        "rotZ":0,
        "rotY":0
      },
      "stats":{
        "magickaCurrent":50,
        "fatigueBase":300,
        "fatigueCurrent":300,
        "fatigueModified":300,
        "magickaBase":50,
        "healthModified":60,
        "healthBase":60,
        "healthCurrent":60,
        "magickaModified":50
      },
      "inventory":[{
          "refId":"ingred_corprus_weepings_01",
          "count":1,
          "charge":-1,
          "enchantmentCharge":-1,
          "soul":""
        }]
    },
    "0-1049":{
      "refId":"corprus_stalker",
      "location":{
        "posX":-11240.255859375,
        "posY":93951.546875,
        "posZ":3131.224609375,
        "rotX":0,
        "rotZ":0,
        "rotY":0
      },
      "stats":{
        "magickaCurrent":50,
        "fatigueBase":300,
        "fatigueCurrent":300,
        "fatigueModified":300,
        "magickaBase":50,
        "healthModified":60,
        "healthBase":60,
        "healthCurrent":60,
        "magickaModified":50
      },
      "inventory":[]
    },
    "0-1050":{
      "refId":"cliff racer",
      "location":{
        "posX":-14944.377929688,
        "posY":90308.40625,
        "posZ":3859.6960449219,
        "rotX":0.0087480703368783,
        "rotZ":-1.6032230854034,
        "rotY":0
      },
      "stats":{
        "magickaCurrent":20,
        "fatigueBase":400,
        "fatigueCurrent":400,
        "fatigueModified":400,
        "magickaBase":20,
        "healthModified":45,
        "healthBase":45,
        "healthCurrent":45,
        "magickaModified":20
      },
      "inventory":[{
          "refId":"ingred_racer_plumes_01",
          "count":1,
          "charge":-1,
          "enchantmentCharge":-1,
          "soul":""
        }]
    },
    "276644-0":{
      "refId":"dakin kuntarnammu",
      "location":{
        "posX":-15259.776367188,
        "posY":96667.5625,
        "posZ":881.90313720703,
        "rotX":-0.3808810710907,
        "rotZ":1.582937002182,
        "rotY":0
      },
      "stats":{
        "magickaCurrent":92,
        "fatigueBase":213,
        "fatigueCurrent":213,
        "fatigueModified":213,
        "magickaBase":92,
        "healthModified":96,
        "healthBase":96,
        "healthCurrent":96,
        "magickaModified":92
      },
      "equipment":{
        "1":{
          "refId":"netch_leather_boiled_cuirass",
          "count":1,
          "charge":-1,
          "enchantmentCharge":-1
        },
        "7":{
          "refId":"netch_leather_boots",
          "count":1,
          "charge":-1,
          "enchantmentCharge":-1
        },
        "8":{
          "refId":"common_shirt_03_c",
          "count":1,
          "charge":-1,
          "enchantmentCharge":-1
        },
        "9":{
          "refId":"common_pants_01_u",
          "count":1,
          "charge":-1,
          "enchantmentCharge":-1
        },
        "16":{
          "refId":"chitin club",
          "count":1,
          "charge":-1,
          "enchantmentCharge":-1
        }
      },
      "inventory":[{
          "refId":"netch_leather_boots",
          "count":1,
          "charge":-1,
          "enchantmentCharge":-1,
          "soul":""
        },{
          "refId":"netch_leather_boiled_cuirass",
          "count":1,
          "charge":-1,
          "enchantmentCharge":-1,
          "soul":""
        },{
          "refId":"common_shirt_03_c",
          "count":1,
          "charge":-1,
          "enchantmentCharge":-1,
          "soul":""
        },{
          "refId":"common_shoes_01",
          "count":1,
          "charge":-1,
          "enchantmentCharge":-1,
          "soul":""
        },{
          "refId":"common_pants_01_u",
          "count":1,
          "charge":-1,
          "enchantmentCharge":-1,
          "soul":""
        },{
          "refId":"gold_001",
          "count":5,
          "charge":-1,
          "enchantmentCharge":-1,
          "soul":""
        },{
          "refId":"chitin club",
          "count":1,
          "charge":-1,
          "enchantmentCharge":-1,
          "soul":""
        }]
    },
    "276643-0":{
      "refId":"zanat assarnuridan",
      "location":{
        "posX":-16155.263671875,
        "posY":97245.28125,
        "posZ":822.49481201172,
        "rotX":-0.021039579063654,
        "rotZ":-1.8919064998627,
        "rotY":0
      },
      "stats":{
        "magickaCurrent":94,
        "fatigueBase":204,
        "fatigueCurrent":204,
        "fatigueModified":204,
        "magickaBase":94,
        "healthModified":90,
        "healthBase":90,
        "healthCurrent":90,
        "magickaModified":94
      },
      "equipment":{
        "7":{
          "refId":"common_shoes_01",
          "count":1,
          "charge":-1,
          "enchantmentCharge":-1
        },
        "8":{
          "refId":"common_shirt_02_r",
          "count":1,
          "charge":-1,
          "enchantmentCharge":-1
        },
        "16":{
          "refId":"chitin dagger",
          "count":1,
          "charge":-1,
          "enchantmentCharge":-1
        },
        "9":{
          "refId":"common_pants_01_u",
          "count":1,
          "charge":-1,
          "enchantmentCharge":-1
        }
      },
      "inventory":[{
          "refId":"common_shirt_02_r",
          "count":1,
          "charge":-1,
          "enchantmentCharge":-1,
          "soul":""
        },{
          "refId":"common_shoes_01",
          "count":1,
          "charge":-1,
          "enchantmentCharge":-1,
          "soul":""
        },{
          "refId":"common_pants_01_u",
          "count":1,
          "charge":-1,
          "enchantmentCharge":-1,
          "soul":""
        },{
          "refId":"gold_001",
          "count":7,
          "charge":-1,
          "enchantmentCharge":-1,
          "soul":""
        },{
          "refId":"chitin dagger",
          "count":1,
          "charge":-1,
          "enchantmentCharge":-1,
          "soul":""
        }]
    },
    "276646-0":{
      "refId":"de_p_chest_02_gold_25",
      "inventory":[{
          "refId":"gold_001",
          "count":25,
          "charge":-1,
          "enchantmentCharge":-1,
          "soul":""
        }]
    },
    "276647-0":{
      "refId":"com_sack_02_chpfood3",
      "inventory":[{
          "refId":"ingred_hound_meat_01",
          "count":3,
          "charge":-1,
          "enchantmentCharge":-1,
          "soul":""
        }]
    },
    "276648-0":{
      "refId":"com_sack_01_ingred",
      "inventory":[{
          "refId":"ingred_scuttle_01",
          "count":1,
          "charge":-1,
          "enchantmentCharge":-1,
          "soul":""
        },{
          "refId":"ingred_scamp_skin_01",
          "count":1,
          "charge":-1,
          "enchantmentCharge":-1,
          "soul":""
        }]
    },