{
  "packets":{
    "actorList":["0-1047","0-1048","0-1049","0-1050","276644-0","276643-0"],
    "ai":[],
    "cellChangeFrom":[],
    "cellChangeTo":[],
    "container":["276646-0","276647-0","276648-0","276643-0","276644-0","0-1047","0-1048","0-1049","0-1050"],
    "death":[],
    "delete":[],
    "doorState":[],
    "equipment":["276644-0","276643-0"],
    "lock":[],
    "place":[],
    "position":["276643-0","276644-0","0-1047","0-1048","0-1049","0-1050"],
    "scale":[],
    "spawn":["0-1047","0-1048","0-1049","0-1050"],
    "state":[],
    "statsDynamic":["276643-0","276644-0","0-1047","0-1048","0-1049","0-1050"],
    "trap":[],
    "clientScriptLocal":[],
    "spellsActive":[],
    "miscellaneous":[]
  },
  "entry":{
    "description":"-2, 11",
    "creationTime":1717188839
  },
  "lastVisit":{
    "Benoit":1719595152,
    "Fidgug":1719596697
  },
  "recordLinks":[],
  "objectData":{
    "0-1049":{
      "refId":"corprus_stalker",
      "location":{
        "posX":-11240.197265625,
        "posY":93951.625,
        "posZ":3131.2646484375,
        "rotX":0,
        "rotZ":0,
        "rotY":0
      },
      "stats":{
        "healthBase":60,
        "healthCurrent":60,
        "magickaBase":50,
        "magickaCurrent":50,
        "fatigueCurrent":300,
        "healthModified":60,
        "magickaModified":50,
        "fatigueModified":300,
        "fatigueBase":300
      },
      "inventory":[]
    },
    "0-1050":{
      "refId":"cliff racer",
      "location":{
        "posX":-14960.396484375,
        "posY":90309.90625,
        "posZ":3855.921875,
        "rotX":0.0087480703368783,
        "rotZ":-1.6032230854034,
        "rotY":0
      },
      "stats":{
        "healthBase":45,
        "healthCurrent":45,
        "magickaBase":20,
        "magickaCurrent":20,
        "fatigueCurrent":400,
        "healthModified":45,
        "magickaModified":20,
        "fatigueModified":400,
        "fatigueBase":400
      },
      "inventory":[{
          "refId":"ingred_racer_plumes_01",
          "count":1,
          "charge":-1,
          "enchantmentCharge":-1,
          "soul":""
        }]
    },
    "276644-0":{
      "refId":"dakin kuntarnammu",
      "location":{
        "posX":-14968.8046875,
        "posY":96717.0078125,
        "posZ":1038.6733398438,
        "rotX":0.65121215581894,
        "rotZ":-1.2587907314301,
        "rotY":0
      },
      "stats":{
        "healthBase":96,
        "healthCurrent":96,
        "magickaBase":92,
        "magickaCurrent":92,
        "fatigueCurrent":213,
        "healthModified":96,
        "magickaModified":92,
        "fatigueModified":213,
        "fatigueBase":213
      },
      "equipment":{
        "1":{
          "refId":"netch_leather_boiled_cuirass",
          "count":1,
          "charge":-1,
          "enchantmentCharge":-1
        },
        "7":{
          "refId":"netch_leather_boots",
          "count":1,
          "charge":-1,
          "enchantmentCharge":-1
        },
        "8":{
          "refId":"common_shirt_03_c",
          "count":1,
          "charge":-1,
          "enchantmentCharge":-1
        },
        "9":{
          "refId":"common_pants_01_u",
          "count":1,
          "charge":-1,
          "enchantmentCharge":-1
        },
        "16":{
          "refId":"chitin club",
          "count":1,
          "charge":-1,
          "enchantmentCharge":-1
        }
      },
      "inventory":[{
          "refId":"netch_leather_boots",
          "count":1,
          "charge":-1,
          "enchantmentCharge":-1,
          "soul":""
        },{
          "refId":"netch_leather_boiled_cuirass",
          "count":1,
          "charge":-1,
          "enchantmentCharge":-1,
          "soul":""
        },{
          "refId":"common_shirt_03_c",
          "count":1,
          "charge":-1,
          "enchantmentCharge":-1,
          "soul":""
        },{
          "refId":"common_shoes_01",
          "count":1,
          "charge":-1,
          "enchantmentCharge":-1,
          "soul":""
        },{
          "refId":"common_pants_01_u",
          "count":1,
          "charge":-1,
          "enchantmentCharge":-1,
          "soul":""
        },{
          "refId":"gold_001",
          "count":5,
          "charge":-1,
          "enchantmentCharge":-1,
          "soul":""
        },{
          "refId":"chitin club",
          "count":1,
          "charge":-1,
          "enchantmentCharge":-1,
          "soul":""
        }]
    },
    "276643-0":{
      "refId":"zanat assarnuridan",
      "location":{
        "posX":-15810.060546875,
        "posY":96991.328125,
        "posZ":744.73559570313,
        "rotX":0.01707349345088,
        "rotZ":1.5540654659271,
        "rotY":0
      },
      "stats":{
        "healthBase":90,
        "healthCurrent":90,
        "magickaBase":94,
        "magickaCurrent":94,
        "fatigueCurrent":204,
        "healthModified":90,
        "magickaModified":94,
        "fatigueModified":204,
        "fatigueBase":204
      },
      "equipment":{
        "7":{
          "refId":"common_shoes_01",
          "count":1,
          "charge":-1,
          "enchantmentCharge":-1
        },
        "8":{
          "refId":"common_shirt_02_r",
          "count":1,
          "charge":-1,
          "enchantmentCharge":-1
        },
        "16":{
          "refId":"chitin dagger",
          "count":1,
          "charge":-1,
          "enchantmentCharge":-1
        },
        "9":{
          "refId":"common_pants_01_u",
          "count":1,
          "charge":-1,
          "enchantmentCharge":-1
        }
      },
      "inventory":[{
          "refId":"common_shirt_02_r",
          "count":1,
          "charge":-1,
          "enchantmentCharge":-1,
          "soul":""
        },{
          "refId":"common_shoes_01",
          "count":1,
          "charge":-1,
          "enchantmentCharge":-1,
          "soul":""
        },{
          "refId":"common_pants_01_u",
          "count":1,
          "charge":-1,
          "enchantmentCharge":-1,
          "soul":""
        },{
          "refId":"gold_001",
          "count":7,
          "charge":-1,
          "enchantmentCharge":-1,
          "soul":""
        },{
          "refId":"chitin dagger",
          "count":1,
          "charge":-1,
          "enchantmentCharge":-1,
          "soul":""
        }]
    },
    "276646-0":{
      "refId":"de_p_chest_02_gold_25",
      "inventory":[{
          "refId":"gold_001",
          "count":25,
          "charge":-1,
          "enchantmentCharge":-1,
          "soul":""
        }]
    },
    "276647-0":{
      "refId":"com_sack_02_chpfood3",
      "inventory":[{
          "refId":"ingred_hound_meat_01",
          "count":3,
          "charge":-1,
          "enchantmentCharge":-1,
          "soul":""
        }]
    },
    "276648-0":{
      "refId":"com_sack_01_ingred",
      "inventory":[{
          "refId":"ingred_scuttle_01",
          "count":1,
          "charge":-1,
          "enchantmentCharge":-1,
          "soul":""
        },{
          "refId":"ingred_scamp_skin_01",
          "count":1,
          "charge":-1,
          "enchantmentCharge":-1,
          "soul":""
        }]
    },
    "0-1047":{
      "refId":"ash_slave",
      "location":{
        "posX":-9424.875,
        "posY":91604.125,
        "posZ":4434.4213867188,
        "rotX":0,
        "rotZ":0,
        "rotY":0
      },
      "stats":{
        "healthBase":60,
        "healthCurrent":60,
        "magickaBase":122,
        "magickaCurrent":122,
        "fatigueCurrent":351,
        "healthModified":60,
        "magickaModified":122,
        "fatigueModified":351,
        "fatigueBase":351
      },
      "inventory":[{
          "refId":"ingred_ash_salts_01",
          "count":1,
          "charge":-1,
          "enchantmentCharge":-1,
          "soul":""
        }]
    },
    "0-1048":{
      "refId":"corprus_stalker",
      "location":{
        "posX":-9216.087890625,
        "posY":94175.671875,