{
  "packets":{
    "actorList":["0-898","0-872","0-899"],
    "ai":[],
    "cellChangeFrom":[],
    "cellChangeTo":[],
    "container":["325431-0","325432-0","325433-0","325434-0","325435-0","325436-0","325437-0","325438-0","430873-0","430874-0","430875-0","430876-0","430877-0","0-898","0-872","0-899"],
    "death":["0-872","0-898","0-899"],
    "delete":[],
    "doorState":[],
    "equipment":[],
    "lock":[],
    "place":[],
    "position":["0-898","0-872","0-899"],
    "scale":[],
    "spawn":["0-898","0-872","0-899"],
    "state":[],
    "statsDynamic":["0-898","0-872","0-899"],
    "trap":[],
    "clientScriptLocal":[],
    "spellsActive":[],
    "miscellaneous":[]
  },
  "entry":{
    "description":"-2, 24",
    "creationTime":1717184876
  },
  "lastVisit":{
    "Fidgug":1717185459,
    "Benoit":1717185460
  },
  "recordLinks":[],
  "objectData":{
    "0-872":{
      "refId":"slaughterfish",
      "location":{
        "posX":-10813.401367188,
        "posY":197827.4375,
        "posZ":-102.92203521729,
        "rotX":-0.33815062046051,
        "rotZ":-1.2772190570831,
        "rotY":0
      },
      "stats":{
        "magickaCurrent":10,
        "fatigueBase":400,
        "fatigueCurrent":384.42120361328,
        "fatigueModified":400,
        "magickaBase":10,
        "healthModified":23,
        "healthBase":23,
        "healthCurrent":0,
        "magickaModified":10
      },
      "inventory":[],
      "deathState":38,
      "killer":{
        "playerName":"Fidgug"
      }
    },
    "0-899":{
      "refId":"cliff racer",
      "location":{
        "posX":-12068.004882813,
        "posY":202782.1875,
        "posZ":2417.5849609375,
        "rotX":0.34258139133453,
        "rotZ":2.9678509235382,
        "rotY":0
      },
      "stats":{
        "magickaCurrent":20,
        "fatigueBase":400,
        "fatigueCurrent":400,
        "fatigueModified":400,
        "magickaBase":20,
        "healthModified":45,
        "healthBase":45,
        "healthCurrent":0,
        "magickaModified":20
      },
      "inventory":[],
      "killer":{
        "playerName":"Fidgug"
      },
      "deathState":38
    },
    "0-898":{
      "refId":"cliff racer",
      "location":{
        "posX":-11072.39453125,
        "posY":197910.5625,
        "posZ":-75.571960449219,
        "rotX":1.0660037994385,
        "rotZ":2.2311995029449,
        "rotY":0
      },
      "stats":{
        "magickaCurrent":20,
        "fatigueBase":400,
        "fatigueCurrent":400,
        "fatigueModified":400,
        "magickaBase":20,
        "healthModified":45,
        "healthBase":45,
        "healthCurrent":0,
        "magickaModified":20
      },
      "inventory":[{
          "refId":"ingred_racer_plumes_01",
          "count":1,
          "charge":-1,
          "enchantmentCharge":-1,
          "soul":""
        }],
      "deathState":38,
      "killer":{
        "playerName":"Fidgug"
      }
    },
    "325431-0":{
      "refId":"flora_kreshweed_01",
      "inventory":[{
          "refId":"ingred_kresh_fiber_01",
          "count":1,
          "charge":-1,
          "enchantmentCharge":-1,
          "soul":""
        }]
    },
    "325432-0":{
      "refId":"flora_kreshweed_03",
      "inventory":[{
          "refId":"ingred_kresh_fiber_01",
          "count":1,
          "charge":-1,
          "enchantmentCharge":-1,
          "soul":""
        }]
    },
    "325433-0":{
      "refId":"flora_kreshweed_01",
      "inventory":[{
          "refId":"ingred_kresh_fiber_01",
          "count":1,
          "charge":-1,
          "enchantmentCharge":-1,
          "soul":""
        }]
    },
    "325434-0":{
      "refId":"flora_kreshweed_02",
      "inventory":[]
    },
    "325435-0":{
      "refId":"flora_kreshweed_01",
      "inventory":[{
          "refId":"ingred_kresh_fiber_01",
          "count":1,
          "charge":-1,
          "enchantmentCharge":-1,
          "soul":""
        }]
    },
    "325436-0":{
      "refId":"flora_kreshweed_03",
      "inventory":[{
          "refId":"ingred_kresh_fiber_01",
          "count":1,
          "charge":-1,
          "enchantmentCharge":-1,
          "soul":""
        }]
    },
    "325437-0":{
      "refId":"flora_kreshweed_02",
      "inventory":[{
          "refId":"ingred_kresh_fiber_01",
          "count":1,
          "charge":-1,
          "enchantmentCharge":-1,
          "soul":""
        }]
    },
    "325438-0":{
      "refId":"flora_kreshweed_01",
      "inventory":[{
          "refId":"ingred_kresh_fiber_01",
          "count":1,
          "charge":-1,
          "enchantmentCharge":-1,
          "soul":""
        }]
    },
    "430873-0":{
      "refId":"kollop_01_pearl",
      "inventory":[{
          "refId":"ingred_pearl_01",
          "count":1,
          "charge":-1,
          "enchantmentCharge":-1,
          "soul":""
        }]
    },
    "430874-0":{
      "refId":"kollop_03_pearl",
      "inventory":[{
          "refId":"ingred_pearl_01",
          "count":1,
          "charge":-1,
          "enchantmentCharge":-1,
          "soul":""
        }]
    },
    "430875-0":{
      "refId":"kollop_03_pearl",
      "inventory":[{
          "refId":"ingred_pearl_01",
          "count":1,
          "charge":-1,
          "enchantmentCharge":-1,
          "soul":""
        }]
    },
    "430876-0":{
      "refId":"kollop_02_pearl",
      "inventory":[]
    },
    "430877-0":{
      "refId":"kollop_02_pearl",
      "inventory":[]
    }
  },
  "loadState":{
    "hasFullActorList":true,
    "hasFullContainerData":true
  }
}