{
  "packets":{
    "actorList":["0-816","0-817","0-815","355251-0","0-819","0-828","370962-0","355236-0"],
    "ai":[],
    "cellChangeFrom":["370962-0","355236-0"],
    "cellChangeTo":[],
    "container":["166689-0","166690-0","166692-0","166693-0","166694-0","166695-0","166697-0","166698-0","166699-0","166700-0","166702-0","166705-0","166707-0","166708-0","166709-0","166711-0","166712-0","166713-0","166714-0","166715-0","166716-0","166717-0","166718-0","166719-0","166720-0","166721-0","166722-0","166723-0","166724-0","166725-0","166726-0","166727-0","166728-0","166729-0","166730-0","166731-0","323445-0","323446-0","323451-0","323452-0","323454-0","431043-0","431050-0","431072-0","431073-0","431078-0","431082-0","431083-0","431087-0","355251-0","0-816","0-817","0-815","0-819","0-828","370962-0","355236-0"],
    "death":["0-815","0-816","355251-0","0-817","0-828","370962-0","355236-0","0-819"],
    "delete":[],
    "doorState":[],
    "equipment":[],
    "lock":[],
    "place":[],
    "position":["355251-0","0-815","0-816","0-817","0-819","0-828","370962-0","355236-0"],
    "scale":[],
    "spawn":["0-816","0-817","0-815","0-819","0-828"],
    "state":[],
    "statsDynamic":["355251-0","0-815","0-816","0-817","0-819","0-828","370962-0","355236-0"],
    "trap":[],
    "clientScriptLocal":[],
    "spellsActive":[],
    "miscellaneous":[]
  },
  "entry":{
    "creationTime":1717183081,
    "description":"-2, 21"
  },
  "lastVisit":{
    "Benoit":1724438789,
    "Fidgug":1724438787
  },
  "recordLinks":[],
  "objectData":{
    "355236-0":{
      "refId":"slaughterfish",
      "location":{
        "posY":179096.40625,
        "posZ":-132.69906616211,
        "rotX":0,
        "rotZ":0,
        "rotY":0,
        "posX":-8360.712890625
      },
      "stats":{
        "fatigueBase":400,
        "fatigueCurrent":400,
        "fatigueModified":400,
        "healthCurrent":0,
        "magickaBase":10,
        "healthBase":23,
        "healthModified":23,
        "magickaModified":10,
        "magickaCurrent":10
      },
      "cellChangeFrom":"-1, 21",
      "inventory":[{
          "refId":"ingred_scales_01",
          "count":2,
          "charge":-1,
          "enchantmentCharge":-1,
          "soul":""
        }],
      "deathState":38,
      "killer":{
        "playerName":"Fidgug"
      }
    },
    "166689-0":{
      "refId":"flora_black_anther_01",
      "inventory":[{
          "refId":"ingred_black_anther_01",
          "count":2,
          "charge":-1,
          "enchantmentCharge":-1,
          "soul":""
        }]
    },
    "166690-0":{
      "refId":"flora_gold_kanet_01",
      "inventory":[]
    },
    "166692-0":{
      "refId":"flora_black_anther_02",
      "inventory":[{
          "refId":"ingred_black_anther_01",
          "count":1,
          "charge":-1,
          "enchantmentCharge":-1,
          "soul":""
        }]
    },
    "166693-0":{
      "refId":"flora_gold_kanet_01",
      "inventory":[]
    },
    "166694-0":{
      "refId":"flora_willow_flower_01",
      "inventory":[{
          "refId":"ingred_willow_anther_01",
          "count":1,
          "charge":-1,
          "enchantmentCharge":-1,
          "soul":""
        }]
    },
    "166695-0":{
      "refId":"flora_stoneflower_01",
      "inventory":[]
    },
    "166697-0":{
      "refId":"flora_willow_flower_01",
      "inventory":[{
          "refId":"ingred_willow_anther_01",
          "count":1,
          "charge":-1,
          "enchantmentCharge":-1,
          "soul":""
        }]
    },
    "166698-0":{
      "refId":"flora_black_anther_02",
      "inventory":[{
          "refId":"ingred_black_anther_01",
          "count":1,
          "charge":-1,
          "enchantmentCharge":-1,
          "soul":""
        }]
    },
    "166699-0":{
      "refId":"flora_willow_flower_01",
      "inventory":[{
          "refId":"ingred_willow_anther_01",
          "count":1,
          "charge":-1,
          "enchantmentCharge":-1,
          "soul":""
        }]
    },
    "166700-0":{
      "refId":"flora_gold_kanet_01",
      "inventory":[]
    },
    "166702-0":{
      "refId":"flora_gold_kanet_01",
      "inventory":[]
    },
    "166705-0":{
      "refId":"flora_gold_kanet_01",
      "inventory":[{
          "refId":"ingred_gold_kanet_01",
          "count":1,
          "charge":-1,
          "enchantmentCharge":-1,
          "soul":""
        }]
    },
    "166707-0":{
      "refId":"flora_gold_kanet_01",
      "inventory":[{
          "refId":"ingred_gold_kanet_01",
          "count":1,
          "charge":-1,
          "enchantmentCharge":-1,
          "soul":""
        }]
    },
    "166708-0":{
      "refId":"flora_gold_kanet_01",
      "inventory":[]
    },
    "166709-0":{
      "refId":"flora_gold_kanet_01",
      "inventory":[]
    },
    "166711-0":{
      "refId":"flora_kreshweed_03",
      "inventory":[]
    },
    "166712-0":{
      "refId":"flora_kreshweed_03",
      "inventory":[{
          "refId":"ingred_kresh_fiber_01",
          "count":1,
          "charge":-1,
          "enchantmentCharge":-1,
          "soul":""
        }]
    },
    "166713-0":{
      "refId":"flora_kreshweed_03",
      "inventory":[]
    },
    "166714-0":{
      "refId":"flora_marshmerrow_02",
      "inventory":[]
    },
    "166715-0":{
      "refId":"flora_marshmerrow_03",
      "inventory":[]
    },
    "166716-0":{
      "refId":"flora_marshmerrow_01",
      "inventory":[]
    },
    "166717-0":{
      "refId":"flora_marshmerrow_02",
      "inventory":[]
    },
    "166718-0":{
      "refId":"flora_marshmerrow_03",
      "inventory":[]
    },
    "166719-0":{
      "refId":"flora_marshmerrow_01",
      "inventory":[]
    },
    "166720-0":{
      "refId":"flora_saltrice_01",
      "inventory":[]
    },
    "166721-0":{
      "refId":"flora_saltrice_02",
      "inventory":[]
    },
    "166722-0":{
      "refId":"flora_marshmerrow_02",
      "inventory":[]
    },
    "166723-0":{
      "refId":"flora_marshmerrow_03",
      "inventory":[]
    },
    "166724-0":{
      "refId":"flora_marshmerrow_01",
      "inventory":[]
    },
    "166725-0":{
      "refId":"flora_marshmerrow_02",
      "inventory":[]
    },
    "166726-0":{
      "refId":"flora_marshmerrow_03",
      "inventory":[]
    },
    "166727-0":{
      "refId":"flora_marshmerrow_01",
      "inventory":[]
    },
    "166728-0":{
      "refId":"flora_saltrice_01",
      "inventory":[{
          "refId":"ingred_saltrice_01",
          "count":1,
          "charge":-1,
          "enchantmentCharge":-1,
          "soul":""
        }]
    },
    "166729-0":{
      "refId":"flora_saltrice_02",
      "inventory":[]
    },
    "166730-0":{
      "refId":"flora_kreshweed_03",
      "inventory":[{
          "refId":"ingred_kresh_fiber_01",
          "count":1,
          "charge":-1,
          "enchantmentCharge":-1,
          "soul":""
        }]
    },
    "166731-0":{
      "refId":"flora_kreshweed_02",
      "inventory":[]
    },
    "323445-0":{
      "refId":"flora_kreshweed_02",
      "inventory":[]
    },
    "323446-0":{
      "refId":"flora_kreshweed_02",
      "inventory":[]
    },
    "323451-0":{
      "refId":"flora_stoneflower_01",
      "inventory":[]
    },
    "323452-0":{
      "refId":"flora_kreshweed_02",
      "inventory":[{
          "refId":"ingred_kresh_fiber_01",
          "count":1,
          "charge":-1,
          "enchantmentCharge":-1,
          "soul":""
        }]
    },
    "323454-0":{
      "refId":"flora_kreshweed_01",
      "inventory":[{
          "refId":"ingred_kresh_fiber_01",
          "count":1,
          "charge":-1,
          "enchantmentCharge":-1,
          "soul":""
        }]
    },
    "431043-0":{
      "refId":"kollop_03_pearl",
      "inventory":[]
    },
    "431050-0":{
      "refId":"kollop_01_pearl",
      "inventory":[{
          "refId":"ingred_pearl_01",
          "count":1,
          "charge":-1,
          "enchantmentCharge":-1,
          "soul":""
        }]
    },