{
  "packets":{
    "actorList":["0-1772","0-1773","0-1733"],
    "ai":[],
    "cellChangeFrom":[],
    "cellChangeTo":[],
    "container":["178004-0","178005-0","178006-0","297009-0","297016-0","297020-0","297021-0","297022-0","297023-0","297026-0","297027-0","297029-0","297030-0","297031-0","297036-0","297037-0","297038-0","0-1772","0-1773","0-1733"],
    "death":[],
    "delete":[],
    "doorState":[],
    "equipment":[],
    "lock":[],
    "place":[],
    "position":["0-1772","0-1773","0-1733"],
    "scale":[],
    "spawn":["0-1772","0-1773","0-1733"],
    "state":[],
    "statsDynamic":["0-1772","0-1773","0-1733"],
    "trap":[],
    "clientScriptLocal":[],
    "spellsActive":[],
    "miscellaneous":[]
  },
  "entry":{
    "description":"-2, 17",
    "creationTime":1717182650
  },
  "lastVisit":{
    "Benoit":1724438531,
    "Fidgug":1724438533
  },
  "recordLinks":[],
  "objectData":{
    "0-1772":{
      "refId":"netch_bull",
      "location":{
        "posY":144963.03125,
        "posZ":812.04614257813,
        "rotX":0.00063189491629601,
        "rotZ":-0.40273547172546,
        "rotY":0,
        "posX":-11134.767578125
      },
      "stats":{
        "fatigueBase":400,
        "fatigueCurrent":400,
        "fatigueModified":400,
        "healthCurrent":45,
        "magickaBase":100,
        "healthBase":45,
        "healthModified":45,
        "magickaModified":100,
        "magickaCurrent":100
      },
      "inventory":[{
          "refId":"ingred_netch_leather_01",
          "count":2,
          "charge":-1,
          "enchantmentCharge":-1,
          "soul":""
        }]
    },
    "0-1773":{
      "refId":"nix-hound",
      "location":{
        "posY":146131.546875,
        "posZ":416.95391845703,
        "rotX":-0.0062893042340875,
        "rotZ":-1.0429832935333,
        "rotY":0,
        "posX":-14633.952148438
      },
      "stats":{
        "fatigueBase":400,
        "fatigueCurrent":400,
        "fatigueModified":400,
        "healthCurrent":23,
        "magickaBase":10,
        "healthBase":23,
        "healthModified":23,
        "magickaModified":10,
        "magickaCurrent":10
      },
      "inventory":[{
          "refId":"ingred_hound_meat_01",
          "count":1,
          "charge":-1,
          "enchantmentCharge":-1,
          "soul":""
        }]
    },
    "0-1733":{
      "refId":"cliff racer",
      "location":{
        "posY":139443.96875,
        "posZ":2472.6147460938,
        "rotX":-0.006608878262341,
        "rotZ":-2.9508655071259,
        "rotY":0,
        "posX":-8921.8994140625
      },
      "stats":{
        "fatigueBase":400,
        "fatigueCurrent":400,
        "fatigueModified":400,
        "healthCurrent":45,
        "magickaBase":20,
        "healthBase":45,
        "healthModified":45,
        "magickaModified":20,
        "magickaCurrent":20
      },
      "inventory":[{
          "refId":"ingred_racer_plumes_01",
          "count":1,
          "charge":-1,
          "enchantmentCharge":-1,
          "soul":""
        }]
    },
    "178004-0":{
      "refId":"tramaroot_03",
      "inventory":[]
    },
    "178005-0":{
      "refId":"tramaroot_01",
      "inventory":[{
          "refId":"ingred_trama_root_01",
          "count":2,
          "charge":-1,
          "enchantmentCharge":-1,
          "soul":""
        }]
    },
    "178006-0":{
      "refId":"tramaroot_05",
      "inventory":[{
          "refId":"ingred_trama_root_01",
          "count":1,
          "charge":-1,
          "enchantmentCharge":-1,
          "soul":""
        }]
    },
    "297009-0":{
      "refId":"flora_rm_scathecraw_01",
      "inventory":[{
          "refId":"ingred_scathecraw_01",
          "count":1,
          "charge":-1,
          "enchantmentCharge":-1,
          "soul":""
        }]
    },
    "297016-0":{
      "refId":"flora_rm_scathecraw_01",
      "inventory":[{
          "refId":"ingred_scathecraw_01",
          "count":1,
          "charge":-1,
          "enchantmentCharge":-1,
          "soul":""
        }]
    },
    "297020-0":{
      "refId":"tramaroot_02",
      "inventory":[]
    },
    "297021-0":{
      "refId":"tramaroot_05",
      "inventory":[{
          "refId":"ingred_trama_root_01",
          "count":1,
          "charge":-1,
          "enchantmentCharge":-1,
          "soul":""
        }]
    },
    "297022-0":{
      "refId":"tramaroot_01",
      "inventory":[{
          "refId":"ingred_trama_root_01",
          "count":2,
          "charge":-1,
          "enchantmentCharge":-1,
          "soul":""
        }]
    },
    "297023-0":{
      "refId":"tramaroot_02",
      "inventory":[{
          "refId":"ingred_trama_root_01",
          "count":1,
          "charge":-1,
          "enchantmentCharge":-1,
          "soul":""
        }]
    },
    "297026-0":{
      "refId":"flora_rm_scathecraw_01",
      "inventory":[{
          "refId":"ingred_scathecraw_01",
          "count":1,
          "charge":-1,
          "enchantmentCharge":-1,
          "soul":""
        }]
    },
    "297027-0":{
      "refId":"flora_rm_scathecraw_01",
      "inventory":[{
          "refId":"ingred_scathecraw_01",
          "count":1,
          "charge":-1,
          "enchantmentCharge":-1,
          "soul":""
        }]
    },
    "297029-0":{
      "refId":"tramaroot_02",
      "inventory":[{
          "refId":"ingred_trama_root_01",
          "count":1,
          "charge":-1,
          "enchantmentCharge":-1,
          "soul":""
        }]
    },
    "297030-0":{
      "refId":"tramaroot_05",
      "inventory":[{
          "refId":"ingred_trama_root_01",
          "count":1,
          "charge":-1,
          "enchantmentCharge":-1,
          "soul":""
        }]
    },
    "297031-0":{
      "refId":"tramaroot_01",
      "inventory":[{
          "refId":"ingred_trama_root_01",
          "count":2,
          "charge":-1,
          "enchantmentCharge":-1,
          "soul":""
        }]
    },
    "297036-0":{
      "refId":"tramaroot_02",
      "inventory":[{
          "refId":"ingred_trama_root_01",
          "count":1,
          "charge":-1,
          "enchantmentCharge":-1,
          "soul":""
        }]
    },
    "297037-0":{
      "refId":"tramaroot_06",
      "inventory":[]
    },
    "297038-0":{
      "refId":"tramaroot_01",
      "inventory":[{
          "refId":"ingred_trama_root_01",
          "count":3,
          "charge":-1,
          "enchantmentCharge":-1,
          "soul":""
        }]
    }
  },
  "loadState":{
    "hasFullContainerData":true,
    "hasFullActorList":true
  }
}