{
  "packets":{
    "actorList":["0-787","0-785","426709-0","426710-0","0-1787","0-1783","0-812","0-780","0-786"],
    "ai":[],
    "cellChangeFrom":[],
    "cellChangeTo":[],
    "container":["426730-0","426745-0","426746-0","426747-0","426788-0","426789-0","426790-0","426791-0","426792-0","426793-0","426806-0","426807-0","426808-0","426844-0","426845-0","426846-0","426847-0","426848-0","426857-0","426858-0","426859-0","426709-0","426710-0","0-786","0-787","0-785","0-1787","0-1783","0-812","0-780"],
    "death":["0-1783","0-787","0-1787","0-785","426710-0","0-812"],
    "delete":[],
    "doorState":[],
    "equipment":[],
    "lock":[],
    "place":[],
    "position":["426709-0","426710-0","0-785","0-1787","0-787","0-1783","0-812","0-780","0-786"],
    "scale":[],
    "spawn":["0-787","0-785","0-1787","0-1783","0-812","0-780","0-786"],
    "state":[],
    "statsDynamic":["426709-0","426710-0","0-785","0-1787","0-787","0-1783","0-812","0-780","0-786"],
    "trap":[],
    "clientScriptLocal":[],
    "spellsActive":[],
    "miscellaneous":[]
  },
  "entry":{
    "description":"-3, 19",
    "creationTime":1717182575
  },
  "lastVisit":{
    "Benoit":1724438789,
    "Fidgug":1724438787
  },
  "recordLinks":[],
  "objectData":{
    "0-1783":{
      "refId":"slaughterfish",
      "location":{
        "posY":159984.765625,
        "posZ":-128.30094909668,
        "rotX":-0.11197655647993,
        "rotZ":-2.7204077243805,
        "rotY":0,
        "posX":-16572.259765625
      },
      "stats":{
        "fatigueBase":400,
        "fatigueCurrent":390.70559692383,
        "fatigueModified":400,
        "healthCurrent":0,
        "magickaBase":10,
        "healthBase":23,
        "healthModified":23,
        "magickaModified":10,
        "magickaCurrent":10
      },
      "inventory":[{
          "refId":"ingred_scales_01",
          "count":2,
          "charge":-1,
          "enchantmentCharge":-1,
          "soul":""
        }],
      "deathState":38,
      "killer":{
        "playerName":"Fidgug"
      }
    },
    "426730-0":{
      "refId":"kollop_03_pearl",
      "inventory":[]
    },
    "426745-0":{
      "refId":"kollop_01_pearl",
      "inventory":[]
    },
    "426746-0":{
      "refId":"kollop_02_pearl",
      "inventory":[{
          "refId":"ingred_pearl_01",
          "count":1,
          "charge":-1,
          "enchantmentCharge":-1,
          "soul":""
        }]
    },
    "426747-0":{
      "refId":"kollop_03_pearl",
      "inventory":[{
          "refId":"ingred_pearl_01",
          "count":1,
          "charge":-1,
          "enchantmentCharge":-1,
          "soul":""
        }]
    },
    "426788-0":{
      "refId":"kollop_01_pearl",
      "inventory":[]
    },
    "426789-0":{
      "refId":"kollop_03_pearl",
      "inventory":[{
          "refId":"ingred_pearl_01",
          "count":1,
          "charge":-1,
          "enchantmentCharge":-1,
          "soul":""
        }]
    },
    "426790-0":{
      "refId":"kollop_01_pearl",
      "inventory":[{
          "refId":"ingred_pearl_01",
          "count":1,
          "charge":-1,
          "enchantmentCharge":-1,
          "soul":""
        }]
    },
    "426791-0":{
      "refId":"kollop_03_pearl",
      "inventory":[{
          "refId":"ingred_pearl_01",
          "count":1,
          "charge":-1,
          "enchantmentCharge":-1,
          "soul":""
        }]
    },
    "426792-0":{
      "refId":"kollop_02_pearl",
      "inventory":[{
          "refId":"ingred_pearl_01",
          "count":1,
          "charge":-1,
          "enchantmentCharge":-1,
          "soul":""
        }]
    },
    "426793-0":{
      "refId":"kollop_02_pearl",
      "inventory":[{
          "refId":"ingred_pearl_01",
          "count":1,
          "charge":-1,
          "enchantmentCharge":-1,
          "soul":""
        }]
    },
    "426806-0":{
      "refId":"kollop_01_pearl",
      "inventory":[]
    },
    "426807-0":{
      "refId":"kollop_02_pearl",
      "inventory":[{
          "refId":"ingred_pearl_01",
          "count":1,
          "charge":-1,
          "enchantmentCharge":-1,
          "soul":""
        }]
    },
    "426808-0":{
      "refId":"kollop_03_pearl",
      "inventory":[]
    },
    "426844-0":{
      "refId":"kollop_01_pearl",
      "inventory":[{
          "refId":"ingred_pearl_01",
          "count":1,
          "charge":-1,
          "enchantmentCharge":-1,
          "soul":""
        }]
    },
    "426845-0":{
      "refId":"kollop_02_pearl",
      "inventory":[{
          "refId":"ingred_pearl_01",
          "count":1,
          "charge":-1,
          "enchantmentCharge":-1,
          "soul":""
        }]
    },
    "426846-0":{
      "refId":"kollop_03_pearl",
      "inventory":[{
          "refId":"ingred_pearl_01",
          "count":1,
          "charge":-1,
          "enchantmentCharge":-1,
          "soul":""
        }]
    },
    "426847-0":{
      "refId":"kollop_01_pearl",
      "inventory":[{
          "refId":"ingred_pearl_01",
          "count":1,
          "charge":-1,
          "enchantmentCharge":-1,
          "soul":""
        }]
    },
    "426848-0":{
      "refId":"kollop_02_pearl",
      "inventory":[{
          "refId":"ingred_pearl_01",
          "count":1,
          "charge":-1,
          "enchantmentCharge":-1,
          "soul":""
        }]
    },
    "426857-0":{
      "refId":"kollop_01_pearl",
      "inventory":[{
          "refId":"ingred_pearl_01",
          "count":1,
          "charge":-1,
          "enchantmentCharge":-1,
          "soul":""
        }]
    },
    "426858-0":{
      "refId":"kollop_02_pearl",
      "inventory":[]
    },
    "426859-0":{
      "refId":"kollop_03_pearl",
      "inventory":[]
    },
    "0-787":{
      "refId":"dreugh",
      "location":{
        "posY":159774.3125,
        "posZ":-139.42903137207,
        "rotX":0.12756572663784,
        "rotZ":0.90495085716248,
        "rotY":0,
        "posX":-16698.642578125
      },
      "stats":{
        "fatigueBase":400,
        "fatigueCurrent":398.96759033203,
        "fatigueModified":400,
        "healthCurrent":0,
        "magickaBase":75,
        "healthBase":60,
        "healthModified":60,
        "magickaModified":75,
        "magickaCurrent":75
      },
      "inventory":[{
          "refId":"ingred_dreugh_wax_01",
          "count":1,
          "charge":-1,
          "enchantmentCharge":-1,
          "soul":""
        }],
      "deathState":38,
      "killer":{
        "playerName":"Fidgug"
      }
    },
    "0-1787":{
      "refId":"dreugh",
      "location":{
        "posY":159944.328125,
        "posZ":-137.34255981445,
        "rotX":-0.29895055294037,
        "rotZ":0.8917715549469,
        "rotY":0,
        "posX":-16620.533203125
      },
      "stats":{
        "fatigueBase":400,
        "fatigueCurrent":378.35336303711,
        "fatigueModified":400,
        "healthCurrent":0,
        "magickaBase":75,
        "healthBase":60,
        "healthModified":60,
        "magickaModified":75,
        "magickaCurrent":75
      },
      "inventory":[{
          "refId":"ingred_dreugh_wax_01",
          "count":1,
          "charge":-1,
          "enchantmentCharge":-1,
          "soul":""
        }],
      "deathState":38,
      "killer":{
        "playerName":"Fidgug"
      }
    },
    "0-785":{
      "refId":"slaughterfish",
      "location":{
        "posY":160029.078125,
        "posZ":-161.79190063477,
        "rotX":-0.32656383514404,
        "rotZ":1.5928719043732,
        "rotY":0,
        "posX":-16736.515625
      },
      "stats":{
        "fatigueBase":400,
        "fatigueCurrent":383.14584350586,
        "fatigueModified":400,
        "healthCurrent":0,
        "magickaBase":10,
        "healthBase":23,
        "healthModified":23,
        "magickaModified":10,
        "magickaCurrent":10
      },
      "inventory":[],
      "deathState":38,
      "killer":{
        "playerName":"Fidgug"
      }
    },