{
  "packets":{
    "actorList":["0-825","0-826","0-822","0-823","0-824"],
    "ai":[],
    "cellChangeFrom":[],
    "cellChangeTo":[],
    "container":["323490-0","323497-0","323499-0","323500-0","323501-0","323502-0","323508-0","323515-0","323516-0","323520-0","323524-0","323525-0","323535-0","323536-0","323537-0","323538-0","323542-0","323543-0","323544-0","323545-0","323546-0","323547-0","323548-0","323549-0","323550-0","323551-0","323552-0","323555-0","0-825","0-826","0-822","0-823","0-824"],
    "death":[],
    "delete":[],
    "doorState":[],
    "equipment":[],
    "lock":[],
    "place":[],
    "position":["0-822","0-823","0-824","0-825","0-826"],
    "scale":[],
    "spawn":["0-825","0-826","0-822","0-823","0-824"],
    "state":[],
    "statsDynamic":["0-822","0-823","0-824","0-825","0-826"],
    "trap":[],
    "miscellaneous":[],
    "clientScriptLocal":[],
    "spellsActive":[]
  },
  "entry":{
    "description":"-3, 21",
    "creationTime":1717183081
  },
  "lastVisit":{
    "Benoit":1723750446,
    "Fidgug":1723750447
  },
  "recordLinks":[],
  "objectData":{
    "0-825":{
      "refId":"mudcrab-diseased",
      "location":{
        "posY":177379.8125,
        "posZ":315.14712524414,
        "rotX":0.19739751517773,
        "rotZ":0.82199931144714,
        "rotY":0,
        "posX":-20591.83203125
      },
      "stats":{
        "healthBase":15,
        "healthCurrent":15,
        "magickaBase":5,
        "magickaModified":5,
        "fatigueBase":29,
        "fatigueCurrent":29,
        "fatigueModified":29,
        "magickaCurrent":5,
        "healthModified":15
      },
      "inventory":[{
          "refId":"ingred_crab_meat_01",
          "count":2,
          "charge":-1,
          "enchantmentCharge":-1,
          "soul":""
        }]
    },
    "0-826":{
      "refId":"cliff racer_diseased",
      "location":{
        "posY":176510.625,
        "posZ":2018.8328857422,
        "rotX":0.002800403162837,
        "rotZ":-0.62737989425659,
        "rotY":0,
        "posX":-20213.76171875
      },
      "stats":{
        "healthBase":45,
        "healthCurrent":45,
        "magickaBase":20,
        "magickaModified":20,
        "fatigueBase":170,
        "fatigueCurrent":170,
        "fatigueModified":170,
        "magickaCurrent":20,
        "healthModified":45
      },
      "inventory":[{
          "refId":"ingred_racer_plumes_01",
          "count":1,
          "charge":-1,
          "enchantmentCharge":-1,
          "soul":""
        }]
    },
    "0-822":{
      "refId":"scrib",
      "location":{
        "posY":174412.1875,
        "posZ":413.02880859375,
        "rotX":-0.19137839972973,
        "rotZ":3.063056230545,
        "rotY":0,
        "posX":-19385.126953125
      },
      "stats":{
        "healthBase":8,
        "healthCurrent":8,
        "magickaBase":12,
        "magickaModified":12,
        "fatigueBase":300,
        "fatigueCurrent":300,
        "fatigueModified":300,
        "magickaCurrent":12,
        "healthModified":8
      },
      "inventory":[{
          "refId":"ingred_scrib_jelly_01",
          "count":1,
          "charge":-1,
          "enchantmentCharge":-1,
          "soul":""
        }]
    },
    "0-823":{
      "refId":"mudcrab",
      "location":{
        "posY":179948.65625,
        "posZ":242.44946289063,
        "rotX":0.33383098244667,
        "rotZ":1.5538403987885,
        "rotY":0,
        "posX":-20899.44140625
      },
      "stats":{
        "healthBase":15,
        "healthCurrent":15,
        "magickaBase":5,
        "magickaModified":5,
        "fatigueBase":400,
        "fatigueCurrent":400,
        "fatigueModified":400,
        "magickaCurrent":5,
        "healthModified":15
      },
      "inventory":[]
    },
    "0-824":{
      "refId":"mudcrab",
      "location":{
        "posY":178626.40625,
        "posZ":146.99520874023,
        "rotX":0.23289254307747,
        "rotZ":2.5575511455536,
        "rotY":0,
        "posX":-18395.623046875
      },
      "stats":{
        "healthBase":15,
        "healthCurrent":15,
        "magickaBase":5,
        "magickaModified":5,
        "fatigueBase":400,
        "fatigueCurrent":400,
        "fatigueModified":400,
        "magickaCurrent":5,
        "healthModified":15
      },
      "inventory":[{
          "refId":"ingred_crab_meat_01",
          "count":2,
          "charge":-1,
          "enchantmentCharge":-1,
          "soul":""
        }]
    },
    "323490-0":{
      "refId":"flora_kreshweed_01",
      "inventory":[{
          "refId":"ingred_kresh_fiber_01",
          "count":1,
          "charge":-1,
          "enchantmentCharge":-1,
          "soul":""
        }]
    },
    "323497-0":{
      "refId":"flora_kreshweed_02",
      "inventory":[]
    },
    "323499-0":{
      "refId":"flora_kreshweed_01",
      "inventory":[{
          "refId":"ingred_kresh_fiber_01",
          "count":1,
          "charge":-1,
          "enchantmentCharge":-1,
          "soul":""
        }]
    },
    "323500-0":{
      "refId":"flora_black_anther_01",
      "inventory":[{
          "refId":"ingred_black_anther_01",
          "count":2,
          "charge":-1,
          "enchantmentCharge":-1,
          "soul":""
        }]
    },
    "323501-0":{
      "refId":"flora_black_anther_02",
      "inventory":[{
          "refId":"ingred_black_anther_01",
          "count":1,
          "charge":-1,
          "enchantmentCharge":-1,
          "soul":""
        }]
    },
    "323502-0":{
      "refId":"flora_black_anther_01",
      "inventory":[{
          "refId":"ingred_black_anther_01",
          "count":2,
          "charge":-1,
          "enchantmentCharge":-1,
          "soul":""
        }]
    },
    "323508-0":{
      "refId":"flora_kreshweed_02",
      "inventory":[{
          "refId":"ingred_kresh_fiber_01",
          "count":1,
          "charge":-1,
          "enchantmentCharge":-1,
          "soul":""
        }]
    },
    "323515-0":{
      "refId":"flora_black_anther_01",
      "inventory":[{
          "refId":"ingred_black_anther_01",
          "count":2,
          "charge":-1,
          "enchantmentCharge":-1,
          "soul":""
        }]
    },
    "323516-0":{
      "refId":"flora_black_anther_01",
      "inventory":[{
          "refId":"ingred_black_anther_01",
          "count":2,
          "charge":-1,
          "enchantmentCharge":-1,
          "soul":""
        }]
    },
    "323520-0":{
      "refId":"flora_kreshweed_02",
      "inventory":[{
          "refId":"ingred_kresh_fiber_01",
          "count":1,
          "charge":-1,
          "enchantmentCharge":-1,
          "soul":""
        }]
    },
    "323524-0":{
      "refId":"flora_kreshweed_02",
      "inventory":[{
          "refId":"ingred_kresh_fiber_01",
          "count":1,
          "charge":-1,
          "enchantmentCharge":-1,
          "soul":""
        }]
    },
    "323525-0":{
      "refId":"flora_kreshweed_02",
      "inventory":[{
          "refId":"ingred_kresh_fiber_01",
          "count":1,
          "charge":-1,
          "enchantmentCharge":-1,
          "soul":""
        }]
    },
    "323535-0":{
      "refId":"flora_kreshweed_01",
      "inventory":[{
          "refId":"ingred_kresh_fiber_01",
          "count":1,
          "charge":-1,
          "enchantmentCharge":-1,
          "soul":""
        }]
    },
    "323536-0":{
      "refId":"flora_kreshweed_03",
      "inventory":[{
          "refId":"ingred_kresh_fiber_01",
          "count":1,
          "charge":-1,
          "enchantmentCharge":-1,
          "soul":""
        }]
    },
    "323537-0":{
      "refId":"flora_kreshweed_02",
      "inventory":[{
          "refId":"ingred_kresh_fiber_01",
          "count":1,
          "charge":-1,
          "enchantmentCharge":-1,
          "soul":""
        }]
    },
    "323538-0":{
      "refId":"flora_kreshweed_02",
      "inventory":[{
          "refId":"ingred_kresh_fiber_01",
          "count":1,
          "charge":-1,