{
  "packets":{
    "actorList":["0-808","0-809","0-810","0-811","355266-0","0-812"],
    "ai":[],
    "cellChangeFrom":[],
    "cellChangeTo":[],
    "container":["341844-0","341845-0","341850-0","431203-0","431204-0","355266-0","0-808","0-809","0-810","0-811","0-812"],
    "death":[],
    "delete":[],
    "doorState":[],
    "equipment":[],
    "lock":[],
    "place":[],
    "position":["355266-0","0-808","0-809","0-810","0-811","0-812"],
    "scale":[],
    "spawn":["0-808","0-809","0-810","0-811","0-812"],
    "state":[],
    "statsDynamic":["355266-0","0-808","0-809","0-810","0-811","0-812"],
    "trap":[],
    "clientScriptLocal":[],
    "spellsActive":[],
    "miscellaneous":[]
  },
  "entry":{
    "description":"-3, 20",
    "creationTime":1717182964
  },
  "lastVisit":{
    "Fidgug":1717184022,
    "Benoit":1717184095
  },
  "recordLinks":[],
  "objectData":{
    "0-809":{
      "refId":"kwama forager blighted",
      "location":{
        "posX":-17686.177734375,
        "posY":168479.390625,
        "posZ":540.19488525391,
        "rotX":-0.24890284240246,
        "rotZ":1.1631224155426,
        "rotY":0
      },
      "stats":{
        "magickaCurrent":100,
        "fatigueBase":400,
        "fatigueCurrent":400,
        "fatigueModified":400,
        "magickaBase":100,
        "healthModified":45,
        "healthBase":45,
        "healthCurrent":45,
        "magickaModified":100
      },
      "inventory":[{
          "refId":"ingred_kwama_cuttle_01",
          "count":1,
          "charge":-1,
          "enchantmentCharge":-1,
          "soul":""
        }]
    },
    "0-810":{
      "refId":"dreugh",
      "location":{
        "posX":-23281.34375,
        "posY":169119.328125,
        "posZ":-209.97268676758,
        "rotX":0.0010492298752069,
        "rotZ":-0.20426368713379,
        "rotY":0
      },
      "stats":{
        "magickaCurrent":75,
        "fatigueBase":400,
        "fatigueCurrent":400,
        "fatigueModified":400,
        "magickaBase":75,
        "healthModified":60,
        "healthBase":60,
        "healthCurrent":60,
        "magickaModified":75
      },
      "inventory":[]
    },
    "0-811":{
      "refId":"dreugh",
      "location":{
        "posX":-21920.828125,
        "posY":168084.84375,
        "posZ":-608.61505126953,
        "rotX":-0.012962597422302,
        "rotZ":-3.073668718338,
        "rotY":0
      },
      "stats":{
        "magickaCurrent":75,
        "fatigueBase":400,
        "fatigueCurrent":400,
        "fatigueModified":400,
        "magickaBase":75,
        "healthModified":60,
        "healthBase":60,
        "healthCurrent":60,
        "magickaModified":75
      },
      "inventory":[]
    },
    "355266-0":{
      "refId":"slaughterfish",
      "location":{
        "posX":-23018.248046875,
        "posY":167010.53125,
        "posZ":-431.35266113281,
        "rotX":0.00012859050184488,
        "rotZ":-2.1987822055817,
        "rotY":0
      },
      "stats":{
        "magickaCurrent":10,
        "fatigueBase":400,
        "fatigueCurrent":400,
        "fatigueModified":400,
        "magickaBase":10,
        "healthModified":23,
        "healthBase":23,
        "healthCurrent":23,
        "magickaModified":10
      },
      "inventory":[]
    },
    "0-812":{
      "refId":"slaughterfish_small",
      "location":{
        "posX":-18890.609375,
        "posY":163905,
        "posZ":-224.60134887695,
        "rotX":1.037959009409e-05,
        "rotZ":-2.964010477066,
        "rotY":0
      },
      "stats":{
        "magickaCurrent":10,
        "fatigueBase":300,
        "fatigueCurrent":300,
        "fatigueModified":300,
        "magickaBase":10,
        "healthModified":15,
        "healthBase":15,
        "healthCurrent":15,
        "magickaModified":10
      },
      "inventory":[{
          "refId":"ingred_scales_01",
          "count":1,
          "charge":-1,
          "enchantmentCharge":-1,
          "soul":""
        }]
    },
    "341844-0":{
      "refId":"flora_kreshweed_01",
      "inventory":[{
          "refId":"ingred_kresh_fiber_01",
          "count":1,
          "charge":-1,
          "enchantmentCharge":-1,
          "soul":""
        }]
    },
    "341845-0":{
      "refId":"flora_kreshweed_02",
      "inventory":[{
          "refId":"ingred_kresh_fiber_01",
          "count":1,
          "charge":-1,
          "enchantmentCharge":-1,
          "soul":""
        }]
    },
    "341850-0":{
      "refId":"flora_kreshweed_01",
      "inventory":[{
          "refId":"ingred_kresh_fiber_01",
          "count":1,
          "charge":-1,
          "enchantmentCharge":-1,
          "soul":""
        }]
    },
    "431203-0":{
      "refId":"kollop_01_pearl",
      "inventory":[{
          "refId":"ingred_pearl_01",
          "count":1,
          "charge":-1,
          "enchantmentCharge":-1,
          "soul":""
        }]
    },
    "431204-0":{
      "refId":"kollop_03_pearl",
      "inventory":[{
          "refId":"ingred_pearl_01",
          "count":1,
          "charge":-1,
          "enchantmentCharge":-1,
          "soul":""
        }]
    },
    "0-808":{
      "refId":"kwama forager",
      "location":{
        "posX":-17724.62890625,
        "posY":168313.59375,
        "posZ":456.80075073242,
        "rotX":-0.41088935732841,
        "rotZ":0.28492522239685,
        "rotY":0
      },
      "stats":{
        "magickaCurrent":15,
        "fatigueBase":300,
        "fatigueCurrent":300,
        "fatigueModified":300,
        "magickaBase":15,
        "healthModified":23,
        "healthBase":23,
        "healthCurrent":23,
        "magickaModified":15
      },
      "inventory":[]
    }
  },
  "loadState":{
    "hasFullActorList":true,
    "hasFullContainerData":true
  }
}