{
  "packets":{
    "actorList":["0-69","0-68","0-62"],
    "ai":[],
    "cellChangeFrom":[],
    "cellChangeTo":[],
    "container":["76761-0","76767-0","76768-0","76769-0","76777-0","76785-0","76786-0","76789-0","476347-0","476359-0","476360-0","476361-0","476362-0","476363-0","476364-0","476365-0","476366-0","476367-0","476368-0","476369-0","476370-0","476371-0","0-69","0-68","0-62"],
    "death":[],
    "delete":[],
    "doorState":[],
    "equipment":[],
    "lock":[],
    "place":[],
    "position":["0-68","0-69","0-62"],
    "scale":[],
    "spawn":["0-69","0-68","0-62"],
    "state":[],
    "statsDynamic":["0-68","0-69","0-62"],
    "trap":[],
    "clientScriptLocal":[],
    "spellsActive":[],
    "miscellaneous":[]
  },
  "entry":{
    "creationTime":1714759024,
    "description":"-3, -4"
  },
  "lastVisit":{
    "Benoit":1718736231,
    "Fidgug":1718736249
  },
  "recordLinks":[],
  "objectData":{
    "0-69":{
      "refId":"rat",
      "location":{
        "posX":-20970.7890625,
        "posY":-32253.86328125,
        "posZ":764.78619384766,
        "rotX":-0.030041228979826,
        "rotZ":2.0565702915192,
        "rotY":0
      },
      "stats":{
        "healthBase":23,
        "healthCurrent":23,
        "magickaBase":10,
        "healthModified":23,
        "magickaModified":10,
        "fatigueCurrent":300,
        "fatigueModified":300,
        "magickaCurrent":10,
        "fatigueBase":300
      },
      "inventory":[{
          "refId":"ingred_rat_meat_01",
          "count":1,
          "charge":-1,
          "enchantmentCharge":-1,
          "soul":""
        }]
    },
    "0-68":{
      "refId":"rat",
      "location":{
        "posX":-19533.07421875,
        "posY":-29015.453125,
        "posZ":232.14828491211,
        "rotX":-0.073188737034798,
        "rotZ":0.49146842956543,
        "rotY":0
      },
      "stats":{
        "healthBase":23,
        "healthCurrent":23,
        "magickaBase":10,
        "healthModified":23,
        "magickaModified":10,
        "fatigueCurrent":300,
        "fatigueModified":300,
        "magickaCurrent":10,
        "fatigueBase":300
      },
      "inventory":[]
    },
    "0-62":{
      "refId":"rat",
      "location":{
        "posX":-24473.150390625,
        "posY":-32660.91015625,
        "posZ":538.19268798828,
        "rotX":-0.18429310619831,
        "rotZ":-1.3221342563629,
        "rotY":0
      },
      "stats":{
        "healthBase":23,
        "healthCurrent":23,
        "magickaBase":10,
        "healthModified":23,
        "magickaModified":10,
        "fatigueCurrent":300,
        "fatigueModified":300,
        "magickaCurrent":10,
        "fatigueBase":300
      },
      "inventory":[]
    },
    "76761-0":{
      "refId":"flora_corkbulb",
      "inventory":[{
          "refId":"ingred_corkbulb_root_01",
          "count":1,
          "charge":-1,
          "enchantmentCharge":-1,
          "soul":""
        }]
    },
    "76767-0":{
      "refId":"flora_heather_01",
      "inventory":[{
          "refId":"ingred_heather_01",
          "count":2,
          "charge":-1,
          "enchantmentCharge":-1,
          "soul":""
        }]
    },
    "76768-0":{
      "refId":"flora_heather_01",
      "inventory":[{
          "refId":"ingred_heather_01",
          "count":2,
          "charge":-1,
          "enchantmentCharge":-1,
          "soul":""
        }]
    },
    "76769-0":{
      "refId":"flora_heather_01",
      "inventory":[{
          "refId":"ingred_heather_01",
          "count":2,
          "charge":-1,
          "enchantmentCharge":-1,
          "soul":""
        }]
    },
    "76777-0":{
      "refId":"flora_comberry_01",
      "inventory":[{
          "refId":"ingred_comberry_01",
          "count":1,
          "charge":-1,
          "enchantmentCharge":-1,
          "soul":""
        }]
    },
    "76785-0":{
      "refId":"flora_heather_01",
      "inventory":[{
          "refId":"ingred_heather_01",
          "count":2,
          "charge":-1,
          "enchantmentCharge":-1,
          "soul":""
        }]
    },
    "76786-0":{
      "refId":"flora_corkbulb",
      "inventory":[]
    },
    "76789-0":{
      "refId":"flora_corkbulb",
      "inventory":[{
          "refId":"ingred_corkbulb_root_01",
          "count":1,
          "charge":-1,
          "enchantmentCharge":-1,
          "soul":""
        }]
    },
    "476347-0":{
      "refId":"flora_heather_01",
      "inventory":[{
          "refId":"ingred_heather_01",
          "count":2,
          "charge":-1,
          "enchantmentCharge":-1,
          "soul":""
        }]
    },
    "476359-0":{
      "refId":"flora_willow_flower_01",
      "inventory":[{
          "refId":"ingred_willow_anther_01",
          "count":1,
          "charge":-1,
          "enchantmentCharge":-1,
          "soul":""
        }]
    },
    "476360-0":{
      "refId":"flora_willow_flower_02",
      "inventory":[]
    },
    "476361-0":{
      "refId":"flora_willow_flower_01",
      "inventory":[{
          "refId":"ingred_willow_anther_01",
          "count":1,
          "charge":-1,
          "enchantmentCharge":-1,
          "soul":""
        }]
    },
    "476362-0":{
      "refId":"flora_willow_flower_02",
      "inventory":[{
          "refId":"ingred_willow_anther_01",
          "count":1,
          "charge":-1,
          "enchantmentCharge":-1,
          "soul":""
        }]
    },
    "476363-0":{
      "refId":"flora_willow_flower_01",
      "inventory":[{
          "refId":"ingred_willow_anther_01",
          "count":1,
          "charge":-1,
          "enchantmentCharge":-1,
          "soul":""
        }]
    },
    "476364-0":{
      "refId":"flora_willow_flower_01",
      "inventory":[]
    },
    "476365-0":{
      "refId":"flora_willow_flower_02",
      "inventory":[]
    },
    "476366-0":{
      "refId":"flora_willow_flower_01",
      "inventory":[{
          "refId":"ingred_willow_anther_01",
          "count":1,
          "charge":-1,
          "enchantmentCharge":-1,
          "soul":""
        }]
    },
    "476367-0":{
      "refId":"flora_willow_flower_01",
      "inventory":[{
          "refId":"ingred_willow_anther_01",
          "count":1,
          "charge":-1,
          "enchantmentCharge":-1,
          "soul":""
        }]
    },
    "476368-0":{
      "refId":"flora_willow_flower_02",
      "inventory":[{
          "refId":"ingred_willow_anther_01",
          "count":1,
          "charge":-1,
          "enchantmentCharge":-1,
          "soul":""
        }]
    },
    "476369-0":{
      "refId":"flora_willow_flower_02",
      "inventory":[{
          "refId":"ingred_willow_anther_01",
          "count":1,
          "charge":-1,
          "enchantmentCharge":-1,
          "soul":""
        }]
    },
    "476370-0":{
      "refId":"flora_willow_flower_01",
      "inventory":[{
          "refId":"ingred_willow_anther_01",
          "count":1,
          "charge":-1,
          "enchantmentCharge":-1,
          "soul":""
        }]
    },
    "476371-0":{
      "refId":"flora_willow_flower_02",
      "inventory":[{
          "refId":"ingred_willow_anther_01",
          "count":1,
          "charge":-1,
          "enchantmentCharge":-1,
          "soul":""
        }]
    }
  },
  "loadState":{
    "hasFullContainerData":true,
    "hasFullActorList":true
  }
}