{
  "packets":{
    "actorList":["0-23","0-24","0-25","0-26","0-21"],
    "ai":[],
    "cellChangeFrom":[],
    "cellChangeTo":[],
    "container":["249099-0","249100-0","249102-0","249123-0","249124-0","249125-0","249127-0","249135-0","249136-0","249137-0","249138-0","249139-0","249141-0","249146-0","249147-0","249148-0","249149-0","249165-0","249166-0","249167-0","309522-0","309523-0","309524-0","309525-0","309526-0","309527-0","309528-0","309529-0","309530-0","309531-0","309544-0","309545-0","309546-0","309547-0","309548-0","309549-0","309550-0","463282-0","463288-0","0-23","0-24","0-25","0-26","0-21"],
    "death":[],
    "delete":[],
    "doorState":[],
    "equipment":[],
    "lock":[],
    "place":[],
    "position":["0-21","0-23","0-24","0-25","0-26"],
    "scale":[],
    "spawn":["0-23","0-24","0-25","0-26","0-21"],
    "state":[],
    "statsDynamic":["0-21","0-23","0-24","0-25","0-26"],
    "trap":[],
    "spellsActive":[],
    "miscellaneous":[],
    "clientScriptLocal":[]
  },
  "entry":{
    "description":"-3, -10",
    "creationTime":1713904313
  },
  "lastVisit":{
    "Fidgug":1713905453,
    "qwer":1713904731,
    "asdf":1713904733,
    "Benoit":1713905464
  },
  "recordLinks":[],
  "objectData":{
    "0-23":{
      "refId":"slaughterfish_small",
      "location":{
        "posX":-17966.533203125,
        "posY":-78231.25,
        "posZ":-922.8095703125,
        "rotX":0,
        "rotZ":2.2301571369171,
        "rotY":0
      },
      "stats":{
        "healthBase":15,
        "healthCurrent":15,
        "magickaBase":10,
        "magickaCurrent":10,
        "fatigueBase":300,
        "fatigueCurrent":300,
        "fatigueModified":300,
        "healthModified":15,
        "magickaModified":10
      },
      "inventory":[{
          "refId":"ingred_scales_01",
          "count":1,
          "charge":-1,
          "enchantmentCharge":-1,
          "soul":""
        }]
    },
    "0-24":{
      "refId":"slaughterfish_small",
      "location":{
        "posX":-19097.66015625,
        "posY":-75582.75,
        "posZ":-33.08158493042,
        "rotX":0,
        "rotZ":-2.9815275669098,
        "rotY":0
      },
      "stats":{
        "healthBase":15,
        "healthCurrent":15,
        "magickaBase":10,
        "magickaCurrent":10,
        "fatigueBase":300,
        "fatigueCurrent":300,
        "fatigueModified":300,
        "healthModified":15,
        "magickaModified":10
      },
      "inventory":[]
    },
    "0-25":{
      "refId":"slaughterfish",
      "location":{
        "posX":-21876.068359375,
        "posY":-78141.203125,
        "posZ":-982.52880859375,
        "rotX":0.0010611452162266,
        "rotZ":-2.2402012348175,
        "rotY":0
      },
      "stats":{
        "healthBase":23,
        "healthCurrent":23,
        "magickaBase":10,
        "magickaCurrent":10,
        "fatigueBase":400,
        "fatigueCurrent":400,
        "fatigueModified":400,
        "healthModified":23,
        "magickaModified":10
      },
      "inventory":[{
          "refId":"ingred_scales_01",
          "count":2,
          "charge":-1,
          "enchantmentCharge":-1,
          "soul":""
        }]
    },
    "0-26":{
      "refId":"slaughterfish",
      "location":{
        "posX":-17269.41796875,
        "posY":-81725.0390625,
        "posZ":-867.99694824219,
        "rotX":0,
        "rotZ":-3.0930550098419,
        "rotY":0
      },
      "stats":{
        "healthBase":23,
        "healthCurrent":23,
        "magickaBase":10,
        "magickaCurrent":10,
        "fatigueBase":400,
        "fatigueCurrent":400,
        "fatigueModified":400,
        "healthModified":23,
        "magickaModified":10
      },
      "inventory":[]
    },
    "0-21":{
      "refId":"slaughterfish_small",
      "location":{
        "posX":-22778.904296875,
        "posY":-80423.5546875,
        "posZ":-638.64105224609,
        "rotX":-0.00031722523272038,
        "rotZ":-2.3533833026886,
        "rotY":0
      },
      "stats":{
        "healthBase":15,
        "healthCurrent":15,
        "magickaBase":10,
        "magickaCurrent":10,
        "fatigueBase":300,
        "fatigueCurrent":300,
        "fatigueModified":300,
        "healthModified":15,
        "magickaModified":10
      },
      "inventory":[{
          "refId":"ingred_scales_01",
          "count":1,
          "charge":-1,
          "enchantmentCharge":-1,
          "soul":""
        }]
    },
    "249099-0":{
      "refId":"flora_bc_mushroom_02",
      "inventory":[{
          "refId":"ingred_russula_01",
          "count":2,
          "charge":-1,
          "enchantmentCharge":-1,
          "soul":""
        }]
    },
    "249100-0":{
      "refId":"flora_bc_mushroom_01",
      "inventory":[{
          "refId":"ingred_russula_01",
          "count":1,
          "charge":-1,
          "enchantmentCharge":-1,
          "soul":""
        }]
    },
    "249102-0":{
      "refId":"flora_bc_mushroom_08",
      "inventory":[{
          "refId":"ingred_coprinus_01",
          "count":1,
          "charge":-1,
          "enchantmentCharge":-1,
          "soul":""
        }]
    },
    "249123-0":{
      "refId":"flora_bc_mushroom_02",
      "inventory":[{
          "refId":"ingred_russula_01",
          "count":2,
          "charge":-1,
          "enchantmentCharge":-1,
          "soul":""
        }]
    },
    "249124-0":{
      "refId":"flora_bc_mushroom_05",
      "inventory":[{
          "refId":"ingred_russula_01",
          "count":1,
          "charge":-1,
          "enchantmentCharge":-1,
          "soul":""
        }]
    },
    "249125-0":{
      "refId":"flora_bc_mushroom_01",
      "inventory":[]
    },
    "249127-0":{
      "refId":"flora_bc_fern_01",
      "inventory":[{
          "refId":"ingred_bc_spore_pod",
          "count":3,
          "charge":-1,
          "enchantmentCharge":-1,
          "soul":""
        }]
    },
    "249135-0":{
      "refId":"flora_bc_mushroom_02",
      "inventory":[{
          "refId":"ingred_russula_01",
          "count":2,
          "charge":-1,
          "enchantmentCharge":-1,
          "soul":""
        }]
    },
    "249136-0":{
      "refId":"flora_bc_mushroom_03",
      "inventory":[{
          "refId":"ingred_russula_01",
          "count":1,
          "charge":-1,
          "enchantmentCharge":-1,
          "soul":""
        }]
    },
    "249137-0":{
      "refId":"flora_bc_mushroom_01",
      "inventory":[]
    },
    "249138-0":{
      "refId":"flora_bc_mushroom_04",
      "inventory":[{
          "refId":"ingred_russula_01",
          "count":2,
          "charge":-1,
          "enchantmentCharge":-1,
          "soul":""
        }]
    },
    "249139-0":{
      "refId":"flora_bc_mushroom_08",
      "inventory":[{
          "refId":"ingred_coprinus_01",
          "count":2,
          "charge":-1,
          "enchantmentCharge":-1,
          "soul":""
        }]
    },
    "249141-0":{
      "refId":"flora_bc_mushroom_08",
      "inventory":[{
          "refId":"ingred_coprinus_01",
          "count":2,
          "charge":-1,
          "enchantmentCharge":-1,
          "soul":""
        }]
    },
    "249146-0":{
      "refId":"flora_bc_shelffungus_01",
      "inventory":[{
          "refId":"ingred_bc_bungler's_bane",
          "count":1,
          "charge":-1,
          "enchantmentCharge":-1,
          "soul":""
        }]
    },
    "249147-0":{
      "refId":"flora_bc_shelffungus_01",
      "inventory":[{
          "refId":"ingred_bc_bungler's_bane",
          "count":1,
          "charge":-1,
          "enchantmentCharge":-1,
          "soul":""
        }]
    },
    "249148-0":{
      "refId":"flora_bc_shelffungus_01",
      "inventory":[{
          "refId":"ingred_bc_bungler's_bane",
          "count":1,
          "charge":-1,
          "enchantmentCharge":-1,
          "soul":""
        }]
    },
    "249149-0":{
      "refId":"flora_hackle-lo_01",
      "inventory":[]
    },
    "249165-0":{
      "refId":"flora_bc_mushroom_02",