{
  "packets":{
    "actorList":["0-473","261835-0","261833-0","261836-0","261832-0","0-474"],
    "ai":[],
    "cellChangeFrom":["261836-0"],
    "cellChangeTo":[],
    "container":["300341-0","300342-0","261835-0","0-473","261833-0","261836-0","261832-0","0-474"],
    "death":["261835-0","261833-0"],
    "delete":[],
    "doorState":[],
    "equipment":["261836-0","261832-0"],
    "lock":[],
    "place":[],
    "position":["0-473","261835-0","261833-0","261832-0","261836-0","0-474"],
    "scale":[],
    "spawn":["0-473","0-474"],
    "state":[],
    "statsDynamic":["0-473","261835-0","261833-0","261832-0","261836-0","0-474"],
    "trap":[],
    "clientScriptLocal":[],
    "spellsActive":[],
    "miscellaneous":["261836-0","261832-0"]
  },
  "entry":{
    "creationTime":1715977769,
    "description":"-3, 7"
  },
  "lastVisit":{
    "Fidgug":1717189943,
    "Benoit":1717189941
  },
  "recordLinks":[],
  "objectData":{
    "300342-0":{
      "refId":"flora_rm_scathecraw_02",
      "inventory":[]
    },
    "0-473":{
      "refId":"rat_diseased",
      "location":{
        "posX":-21876.529296875,
        "posY":60304.45703125,
        "posZ":2132.0244140625,
        "rotX":0.26000511646271,
        "rotZ":2.8116896152496,
        "rotY":0
      },
      "stats":{
        "magickaCurrent":10,
        "fatigueBase":120,
        "fatigueCurrent":120,
        "fatigueModified":120,
        "magickaBase":10,
        "healthModified":23,
        "healthBase":23,
        "healthCurrent":23,
        "magickaModified":10
      },
      "inventory":[{
          "refId":"ingred_rat_meat_01",
          "count":2,
          "charge":-1,
          "enchantmentCharge":-1,
          "soul":""
        }]
    },
    "261835-0":{
      "refId":"nix-hound",
      "location":{
        "posX":-23144.515625,
        "posY":58555.875,
        "posZ":1958.029296875,
        "rotX":0,
        "rotZ":0,
        "rotY":0
      },
      "stats":{
        "magickaCurrent":10,
        "fatigueBase":400,
        "fatigueCurrent":398.63195800781,
        "fatigueModified":400,
        "magickaBase":10,
        "healthModified":23,
        "healthBase":23,
        "healthCurrent":0,
        "magickaModified":10
      },
      "inventory":[],
      "killer":{
        "playerName":"Fidgug"
      },
      "deathState":38
    },
    "261833-0":{
      "refId":"nix-hound",
      "location":{
        "posX":-23529.97265625,
        "posY":58127.265625,
        "posZ":1523.3485107422,
        "rotX":0,
        "rotZ":3.8831877708435,
        "rotY":0
      },
      "stats":{
        "magickaCurrent":10,
        "fatigueBase":400,
        "fatigueCurrent":397.7873840332,
        "fatigueModified":400,
        "magickaBase":10,
        "healthModified":23,
        "healthBase":23,
        "healthCurrent":0,
        "magickaModified":10
      },
      "inventory":[],
      "killer":{
        "playerName":"Fidgug"
      },
      "deathState":38
    },
    "261836-0":{
      "refId":"drerel indaren",
      "location":{
        "posX":-20751.71875,
        "posY":57423.41015625,
        "posZ":1435.1379394531,
        "rotX":0,
        "rotZ":0.80000007152557,
        "rotY":0
      },
      "stats":{
        "magickaCurrent":94,
        "fatigueBase":195,
        "fatigueCurrent":195,
        "fatigueModified":195,
        "magickaBase":94,
        "healthModified":35,
        "healthBase":35,
        "healthCurrent":35,
        "magickaModified":94
      },
      "cellChangeFrom":"-4, 7",
      "equipment":{
        "7":{
          "refId":"common_shoes_02",
          "count":1,
          "charge":-1,
          "enchantmentCharge":-1
        },
        "8":{
          "refId":"common_shirt_02",
          "count":1,
          "charge":-1,
          "enchantmentCharge":-1
        },
        "16":{
          "refId":"steel dagger",
          "count":1,
          "charge":-1,
          "enchantmentCharge":-1
        },
        "9":{
          "refId":"common_pants_02",
          "count":1,
          "charge":-1,
          "enchantmentCharge":-1
        }
      },
      "inventory":[{
          "refId":"common_shirt_02",
          "count":1,
          "charge":-1,
          "enchantmentCharge":-1,
          "soul":""
        },{
          "refId":"common_shoes_02",
          "count":1,
          "charge":-1,
          "enchantmentCharge":-1,
          "soul":""
        },{
          "refId":"common_pants_02",
          "count":1,
          "charge":-1,
          "enchantmentCharge":-1,
          "soul":""
        },{
          "refId":"gold_001",
          "count":18,
          "charge":-1,
          "enchantmentCharge":-1,
          "soul":""
        },{
          "refId":"steel dagger",
          "count":1,
          "charge":-1,
          "enchantmentCharge":-1,
          "soul":""
        }],
      "lastGoldRestockHour":17.902391433716,
      "lastGoldRestockDay":15,
      "goldPool":0
    },
    "261832-0":{
      "refId":"falanu indaren",
      "location":{
        "posX":-18870.833984375,
        "posY":57750.66015625,
        "posZ":2597.7556152344,
        "rotX":-0.3764785528183,
        "rotZ":-0.088337182998657,
        "rotY":0
      },
      "stats":{
        "magickaCurrent":88,
        "fatigueBase":166,
        "fatigueCurrent":166,
        "fatigueModified":166,
        "magickaBase":88,
        "healthModified":63,
        "healthBase":63,
        "healthCurrent":63,
        "magickaModified":88
      },
      "equipment":{
        "7":{
          "refId":"common_shoes_02",
          "count":1,
          "charge":-1,
          "enchantmentCharge":-1
        },
        "8":{
          "refId":"common_shirt_02_r",
          "count":1,
          "charge":-1,
          "enchantmentCharge":-1
        },
        "10":{
          "refId":"common_skirt_02",
          "count":1,
          "charge":-1,
          "enchantmentCharge":-1
        },
        "12":{
          "refId":"common_ring_02",
          "count":1,
          "charge":-1,
          "enchantmentCharge":-1
        }
      },
      "inventory":[{
          "refId":"common_ring_02",
          "count":1,
          "charge":-1,
          "enchantmentCharge":-1,
          "soul":""
        },{
          "refId":"common_skirt_02",
          "count":1,
          "charge":-1,
          "enchantmentCharge":-1,
          "soul":""
        },{
          "refId":"common_shirt_02_r",
          "count":1,
          "charge":-1,
          "enchantmentCharge":-1,
          "soul":""
        },{
          "refId":"common_shoes_02",
          "count":1,
          "charge":-1,
          "enchantmentCharge":-1,
          "soul":""
        },{
          "refId":"gold_001",
          "count":13,
          "charge":-1,
          "enchantmentCharge":-1,
          "soul":""
        }],
      "goldPool":0,
      "lastGoldRestockHour":17.067415237427,
      "lastGoldRestockDay":15
    },
    "0-474":{
      "refId":"cliff racer_diseased",
      "location":{
        "posX":-24384.5234375,
        "posY":64108.7890625,
        "posZ":3407.8046875,
        "rotX":1.409649848938e-05,
        "rotZ":-2.8632338047028,
        "rotY":0
      },
      "stats":{
        "magickaCurrent":20,
        "fatigueBase":170,
        "fatigueCurrent":170,
        "fatigueModified":170,
        "magickaBase":20,
        "healthModified":45,
        "healthBase":45,
        "healthCurrent":45,
        "magickaModified":20
      },
      "inventory":[]
    },
    "300341-0":{
      "refId":"flora_rm_scathecraw_02",
      "inventory":[{
          "refId":"ingred_scathecraw_01",
          "count":1,
          "charge":-1,
          "enchantmentCharge":-1,
          "soul":""
        }]
    }
  },
  "loadState":{
    "hasFullActorList":true,
    "hasFullContainerData":true
  }
}