{
  "packets":{
    "actorList":["0-473","261835-0","261833-0","261836-0","261832-0"],
    "ai":[],
    "cellChangeFrom":["261836-0"],
    "cellChangeTo":[],
    "container":["300341-0","300342-0","261835-0","0-473","261833-0","261836-0","261832-0"],
    "death":["261835-0","261833-0"],
    "delete":[],
    "doorState":[],
    "equipment":["261836-0","261832-0"],
    "lock":[],
    "place":[],
    "position":["0-473","261835-0","261833-0","261832-0","261836-0"],
    "scale":[],
    "spawn":["0-473"],
    "state":[],
    "statsDynamic":["0-473","261835-0","261833-0","261832-0","261836-0"],
    "trap":[],
    "clientScriptLocal":[],
    "spellsActive":[],
    "miscellaneous":["261836-0","261832-0"]
  },
  "entry":{
    "description":"-3, 7",
    "creationTime":1715977769
  },
  "lastVisit":{
    "Benoit":1719598889,
    "Fidgug":1719594474
  },
  "recordLinks":[],
  "objectData":{
    "300342-0":{
      "refId":"flora_rm_scathecraw_02",
      "inventory":[]
    },
    "0-473":{
      "refId":"rat_diseased",
      "location":{
        "posX":-21100.65625,
        "posY":59674.16015625,
        "posZ":1926.0346679688,
        "rotX":0.19157263636589,
        "rotY":0,
        "rotZ":-2.5008795261383
      },
      "stats":{
        "magickaCurrent":10,
        "fatigueBase":102,
        "fatigueCurrent":102,
        "healthModified":23,
        "magickaModified":10,
        "fatigueModified":102,
        "healthBase":23,
        "healthCurrent":23,
        "magickaBase":10
      },
      "inventory":[{
          "refId":"ingred_rat_meat_01",
          "count":2,
          "charge":-1,
          "enchantmentCharge":-1,
          "soul":""
        }]
    },
    "261835-0":{
      "refId":"nix-hound",
      "location":{
        "posX":-23144.515625,
        "posY":58555.875,
        "posZ":1958.029296875,
        "rotX":0,
        "rotY":0,
        "rotZ":0
      },
      "stats":{
        "magickaCurrent":10,
        "fatigueBase":400,
        "fatigueCurrent":398.63195800781,
        "healthModified":23,
        "magickaModified":10,
        "fatigueModified":400,
        "healthBase":23,
        "healthCurrent":0,
        "magickaBase":10
      },
      "inventory":[],
      "killer":{
        "playerName":"Fidgug"
      },
      "deathState":38
    },
    "261833-0":{
      "refId":"nix-hound",
      "location":{
        "posX":-23529.97265625,
        "posY":58127.265625,
        "posZ":1523.3485107422,
        "rotX":0,
        "rotY":0,
        "rotZ":3.8831877708435
      },
      "stats":{
        "magickaCurrent":10,
        "fatigueBase":400,
        "fatigueCurrent":397.7873840332,
        "healthModified":23,
        "magickaModified":10,
        "fatigueModified":400,
        "healthBase":23,
        "healthCurrent":0,
        "magickaBase":10
      },
      "inventory":[],
      "killer":{
        "playerName":"Fidgug"
      },
      "deathState":38
    },
    "261836-0":{
      "refId":"drerel indaren",
      "location":{
        "posX":-20751.693359375,
        "posY":57423.390625,
        "posZ":1435.1317138672,
        "rotX":0,
        "rotY":0,
        "rotZ":0.80000007152557
      },
      "stats":{
        "magickaCurrent":94,
        "fatigueBase":195,
        "fatigueCurrent":195,
        "healthModified":35,
        "magickaModified":94,
        "fatigueModified":195,
        "healthBase":35,
        "healthCurrent":35,
        "magickaBase":94
      },
      "cellChangeFrom":"-4, 7",
      "equipment":{
        "7":{
          "refId":"common_shoes_02",
          "count":1,
          "charge":-1,
          "enchantmentCharge":-1
        },
        "8":{
          "refId":"common_shirt_02",
          "count":1,
          "charge":-1,
          "enchantmentCharge":-1
        },
        "16":{
          "refId":"steel dagger",
          "count":1,
          "charge":-1,
          "enchantmentCharge":-1
        },
        "9":{
          "refId":"common_pants_02",
          "count":1,
          "charge":-1,
          "enchantmentCharge":-1
        }
      },
      "inventory":[{
          "refId":"common_shirt_02",
          "count":1,
          "charge":-1,
          "enchantmentCharge":-1,
          "soul":""
        },{
          "refId":"common_shoes_02",
          "count":1,
          "charge":-1,
          "enchantmentCharge":-1,
          "soul":""
        },{
          "refId":"common_pants_02",
          "count":1,
          "charge":-1,
          "enchantmentCharge":-1,
          "soul":""
        },{
          "refId":"gold_001",
          "count":18,
          "charge":-1,
          "enchantmentCharge":-1,
          "soul":""
        },{
          "refId":"steel dagger",
          "count":1,
          "charge":-1,
          "enchantmentCharge":-1,
          "soul":""
        }],
      "goldPool":0,
      "lastGoldRestockHour":17.902391433716,
      "lastGoldRestockDay":15
    },
    "261832-0":{
      "refId":"falanu indaren",
      "location":{
        "posX":-19049.37109375,
        "posY":58100.46484375,
        "posZ":2699.8527832031,
        "rotX":0,
        "rotY":0,
        "rotZ":4.5831871032715
      },
      "stats":{
        "magickaCurrent":88,
        "fatigueBase":166,
        "fatigueCurrent":166,
        "healthModified":63,
        "magickaModified":88,
        "fatigueModified":166,
        "healthBase":63,
        "healthCurrent":63,
        "magickaBase":88
      },
      "equipment":{
        "7":{
          "refId":"common_shoes_02",
          "count":1,
          "charge":-1,
          "enchantmentCharge":-1
        },
        "8":{
          "refId":"common_shirt_02_r",
          "count":1,
          "charge":-1,
          "enchantmentCharge":-1
        },
        "10":{
          "refId":"common_skirt_02",
          "count":1,
          "charge":-1,
          "enchantmentCharge":-1
        },
        "12":{
          "refId":"common_ring_02",
          "count":1,
          "charge":-1,
          "enchantmentCharge":-1
        }
      },
      "inventory":[{
          "refId":"common_ring_02",
          "count":1,
          "charge":-1,
          "enchantmentCharge":-1,
          "soul":""
        },{
          "refId":"common_skirt_02",
          "count":1,
          "charge":-1,
          "enchantmentCharge":-1,
          "soul":""
        },{
          "refId":"common_shirt_02_r",
          "count":1,
          "charge":-1,
          "enchantmentCharge":-1,
          "soul":""
        },{
          "refId":"common_shoes_02",
          "count":1,
          "charge":-1,
          "enchantmentCharge":-1,
          "soul":""
        },{
          "refId":"gold_001",
          "count":13,
          "charge":-1,
          "enchantmentCharge":-1,
          "soul":""
        }],
      "goldPool":0,
      "lastGoldRestockHour":17.067415237427,
      "lastGoldRestockDay":15
    },
    "300341-0":{
      "refId":"flora_rm_scathecraw_02",
      "inventory":[{
          "refId":"ingred_scathecraw_01",
          "count":1,
          "charge":-1,
          "enchantmentCharge":-1,
          "soul":""
        }]
    }
  },
  "loadState":{
    "hasFullActorList":true,
    "hasFullContainerData":true
  }
}