{
  "packets":{
    "actorList":["0-567","0-568","0-569"],
    "ai":[],
    "cellChangeFrom":[],
    "cellChangeTo":[],
    "container":["300354-0","300355-0","300361-0","300362-0","300363-0","300365-0","300366-0","300368-0","300370-0","300373-0","0-567","0-568","0-569"],
    "death":["0-569"],
    "delete":[],
    "doorState":[],
    "equipment":[],
    "lock":[],
    "place":[],
    "position":["0-567","0-568","0-569"],
    "scale":[],
    "spawn":["0-567","0-568","0-569"],
    "state":[],
    "statsDynamic":["0-567","0-568","0-569"],
    "trap":[],
    "clientScriptLocal":[],
    "spellsActive":[],
    "miscellaneous":[]
  },
  "entry":{
    "description":"-4, 13",
    "creationTime":1716737402
  },
  "lastVisit":{
    "Benoit":1719599192,
    "Fidgug":1719599191
  },
  "recordLinks":[],
  "objectData":{
    "0-569":{
      "refId":"cliff racer",
      "location":{
        "posX":-32356.8046875,
        "posY":112272.3359375,
        "posZ":1058.5208740234,
        "rotX":1.4805201292038,
        "rotY":0,
        "rotZ":-2.4221699237823
      },
      "stats":{
        "magickaCurrent":20,
        "fatigueBase":400,
        "fatigueCurrent":400,
        "healthModified":45,
        "magickaModified":20,
        "fatigueModified":400,
        "healthBase":45,
        "healthCurrent":0,
        "magickaBase":20
      },
      "inventory":[],
      "killer":{
        "playerName":"Fidgug"
      },
      "deathState":38
    },
    "0-567":{
      "refId":"rat",
      "location":{
        "posX":-29777.951171875,
        "posY":110119.34375,
        "posZ":749.86773681641,
        "rotX":-0.044221706688404,
        "rotY":0,
        "rotZ":2.2862703800201
      },
      "stats":{
        "magickaCurrent":10,
        "fatigueBase":300,
        "fatigueCurrent":300,
        "healthModified":23,
        "magickaModified":10,
        "fatigueModified":300,
        "healthBase":23,
        "healthCurrent":23,
        "magickaBase":10
      },
      "inventory":[]
    },
    "0-568":{
      "refId":"rat",
      "location":{
        "posX":-30817.50390625,
        "posY":109460.5703125,
        "posZ":1006.2979125977,
        "rotX":0.028920132666826,
        "rotY":0,
        "rotZ":-2.1963617801666
      },
      "stats":{
        "magickaCurrent":10,
        "fatigueBase":300,
        "fatigueCurrent":300,
        "healthModified":23,
        "magickaModified":10,
        "fatigueModified":300,
        "healthBase":23,
        "healthCurrent":23,
        "magickaBase":10
      },
      "inventory":[{
          "refId":"ingred_rat_meat_01",
          "count":1,
          "charge":-1,
          "enchantmentCharge":-1,
          "soul":""
        }]
    },
    "300354-0":{
      "refId":"flora_rm_scathecraw_01",
      "inventory":[]
    },
    "300355-0":{
      "refId":"flora_rm_scathecraw_01",
      "inventory":[{
          "refId":"ingred_scathecraw_01",
          "count":1,
          "charge":-1,
          "enchantmentCharge":-1,
          "soul":""
        }]
    },
    "300361-0":{
      "refId":"flora_rm_scathecraw_01",
      "inventory":[{
          "refId":"ingred_scathecraw_01",
          "count":1,
          "charge":-1,
          "enchantmentCharge":-1,
          "soul":""
        }]
    },
    "300362-0":{
      "refId":"flora_rm_scathecraw_01",
      "inventory":[{
          "refId":"ingred_scathecraw_01",
          "count":1,
          "charge":-1,
          "enchantmentCharge":-1,
          "soul":""
        }]
    },
    "300363-0":{
      "refId":"flora_rm_scathecraw_01",
      "inventory":[{
          "refId":"ingred_scathecraw_01",
          "count":1,
          "charge":-1,
          "enchantmentCharge":-1,
          "soul":""
        }]
    },
    "300365-0":{
      "refId":"flora_rm_scathecraw_01",
      "inventory":[{
          "refId":"ingred_scathecraw_01",
          "count":1,
          "charge":-1,
          "enchantmentCharge":-1,
          "soul":""
        }]
    },
    "300366-0":{
      "refId":"flora_rm_scathecraw_02",
      "inventory":[{
          "refId":"ingred_scathecraw_01",
          "count":1,
          "charge":-1,
          "enchantmentCharge":-1,
          "soul":""
        }]
    },
    "300368-0":{
      "refId":"flora_rm_scathecraw_02",
      "inventory":[]
    },
    "300370-0":{
      "refId":"flora_rm_scathecraw_01",
      "inventory":[{
          "refId":"ingred_scathecraw_01",
          "count":1,
          "charge":-1,
          "enchantmentCharge":-1,
          "soul":""
        }]
    },
    "300373-0":{
      "refId":"flora_rm_scathecraw_01",
      "inventory":[{
          "refId":"ingred_scathecraw_01",
          "count":1,
          "charge":-1,
          "enchantmentCharge":-1,
          "soul":""
        }]
    }
  },
  "loadState":{
    "hasFullActorList":true,
    "hasFullContainerData":true
  }
}