{
  "packets":{
    "actorList":["0-212","0-213","43472-0","261700-0","308784-0","43470-0","43471-0"],
    "ai":[],
    "cellChangeFrom":[],
    "cellChangeTo":[],
    "container":["43464-0","43465-0","43466-0","43467-0","43485-0","43486-0","43487-0","43488-0","43489-0","43500-0","43501-0","43502-0","43503-0","43504-0","43505-0","43506-0","43507-0","43508-0","43509-0","43515-0","43516-0","43517-0","43518-0","43519-0","43528-0","43529-0","43530-0","43531-0","43532-0","49130-0","49107-0","49109-0","43437-0","43438-0","43440-0","43441-0","43439-0","475447-0","475449-0","43680-0","261700-0","308784-0","43470-0","43471-0","43472-0","0-212","0-213"],
    "death":[],
    "delete":[],
    "doorState":[],
    "equipment":["308784-0","261700-0"],
    "lock":[],
    "place":[],
    "position":["261700-0","308784-0","43470-0","43471-0","43472-0","0-212","0-213"],
    "scale":[],
    "spawn":["0-212","0-213"],
    "state":[],
    "statsDynamic":["261700-0","308784-0","43470-0","43471-0","43472-0","0-212","0-213"],
    "trap":[],
    "miscellaneous":[],
    "spellsActive":[],
    "clientScriptLocal":[]
  },
  "entry":{
    "creationTime":1714769599,
    "description":"-4, 3"
  },
  "lastVisit":{
    "Fidgug":1714770788,
    "Benoit":1714770791
  },
  "recordLinks":[],
  "objectData":{
    "0-212":{
      "refId":"rat",
      "location":{
        "rotY":0,
        "posX":-28032.6484375,
        "posY":26163.0234375,
        "posZ":1086.4312744141,
        "rotX":-0.060128711163998,
        "rotZ":1.8428027629852
      },
      "stats":{
        "healthBase":23,
        "healthCurrent":23,
        "magickaBase":10,
        "magickaCurrent":10,
        "fatigueBase":300,
        "fatigueCurrent":300,
        "healthModified":23,
        "magickaModified":10,
        "fatigueModified":300
      },
      "inventory":[{
          "refId":"ingred_rat_meat_01",
          "count":1,
          "charge":-1,
          "enchantmentCharge":-1,
          "soul":""
        }]
    },
    "0-213":{
      "refId":"rat",
      "location":{
        "rotY":0,
        "posX":-28475.341796875,
        "posY":26324.69921875,
        "posZ":1092.7398681641,
        "rotX":0.14089074730873,
        "rotZ":0.85346508026123
      },
      "stats":{
        "healthBase":23,
        "healthCurrent":23,
        "magickaBase":10,
        "magickaCurrent":10,
        "fatigueBase":300,
        "fatigueCurrent":300,
        "healthModified":23,
        "magickaModified":10,
        "fatigueModified":300
      },
      "inventory":[{
          "refId":"ingred_rat_meat_01",
          "count":1,
          "charge":-1,
          "enchantmentCharge":-1,
          "soul":""
        }]
    },
    "43472-0":{
      "refId":"rat",
      "location":{
        "rotY":0,
        "posX":-28251.244140625,
        "posY":26406.255859375,
        "posZ":1058.6481933594,
        "rotX":-0.080853566527367,
        "rotZ":-1.789377450943
      },
      "stats":{
        "healthBase":23,
        "healthCurrent":23,
        "magickaBase":10,
        "magickaCurrent":10,
        "fatigueBase":300,
        "fatigueCurrent":300,
        "healthModified":23,
        "magickaModified":10,
        "fatigueModified":300
      },
      "inventory":[{
          "refId":"ingred_rat_meat_01",
          "count":1,
          "charge":-1,
          "enchantmentCharge":-1,
          "soul":""
        }]
    },
    "261700-0":{
      "refId":"pemenie",
      "location":{
        "rotY":0,
        "posX":-32489.044921875,
        "posY":31812.291015625,
        "posZ":1293.9848632813,
        "rotX":0,
        "rotZ":-2.4561941623688
      },
      "stats":{
        "healthBase":116,
        "healthCurrent":116,
        "magickaBase":78,
        "magickaCurrent":78,
        "fatigueBase":223,
        "fatigueCurrent":223,
        "healthModified":116,
        "magickaModified":78,
        "fatigueModified":223
      },
      "equipment":{
        "7":{
          "refId":"boots of blinding speed[unique]",
          "count":1,
          "charge":-1,
          "enchantmentCharge":-1
        },
        "8":{
          "refId":"expensive_shirt_03",
          "count":1,
          "charge":-1,
          "enchantmentCharge":-1
        },
        "9":{
          "refId":"expensive_pants_03",
          "count":1,
          "charge":-1,
          "enchantmentCharge":-1
        },
        "15":{
          "refId":"expensive_belt_02",
          "count":1,
          "charge":-1,
          "enchantmentCharge":-1
        },
        "16":{
          "refId":"steel viperaxe",
          "count":1,
          "charge":-1,
          "enchantmentCharge":-1
        }
      },
      "inventory":[{
          "refId":"boots of blinding speed[unique]",
          "count":1,
          "charge":-1,
          "enchantmentCharge":-1,
          "soul":""
        },{
          "refId":"expensive_belt_02",
          "count":1,
          "charge":-1,
          "enchantmentCharge":-1,
          "soul":""
        },{
          "refId":"expensive_shirt_03",
          "count":1,
          "charge":-1,
          "enchantmentCharge":-1,
          "soul":""
        },{
          "refId":"expensive_pants_03",
          "count":1,
          "charge":-1,
          "enchantmentCharge":-1,
          "soul":""
        },{
          "refId":"gold_001",
          "count":24,
          "charge":-1,
          "enchantmentCharge":-1,
          "soul":""
        },{
          "refId":"steel viperaxe",
          "count":1,
          "charge":-1,
          "enchantmentCharge":-1,
          "soul":""
        }]
    },
    "308784-0":{
      "refId":"bugrol gro-bagul",
      "location":{
        "rotY":0,
        "posX":-25491.2578125,
        "posY":25999.068359375,
        "posZ":1536.9432373047,
        "rotX":0.094374977052212,
        "rotZ":2.605090379715
      },
      "stats":{
        "healthBase":79,
        "healthCurrent":79,
        "magickaBase":80,
        "magickaCurrent":80,
        "fatigueBase":226,
        "fatigueCurrent":226,
        "healthModified":79,
        "magickaModified":80,
        "fatigueModified":226
      },
      "equipment":{
        "1":{
          "refId":"netch_leather_cuirass",
          "count":1,
          "charge":-1,
          "enchantmentCharge":-1
        },
        "3":{
          "refId":"netch_leather_pauldron_left",
          "count":1,
          "charge":-1,
          "enchantmentCharge":-1
        },
        "4":{
          "refId":"netch_leather_pauldron_right",
          "count":1,
          "charge":-1,
          "enchantmentCharge":-1
        },
        "7":{
          "refId":"netch_leather_boots",
          "count":1,
          "charge":-1,
          "enchantmentCharge":-1
        },
        "8":{
          "refId":"common_shirt_01",
          "count":1,
          "charge":-1,
          "enchantmentCharge":-1
        },
        "9":{
          "refId":"common_pants_01",
          "count":1,
          "charge":-1,
          "enchantmentCharge":-1
        },
        "16":{
          "refId":"silver dagger",
          "count":1,
          "charge":-1,
          "enchantmentCharge":-1
        }
      },
      "inventory":[{
          "refId":"netch_leather_boots",
          "count":1,
          "charge":-1,
          "enchantmentCharge":-1,
          "soul":""
        },{
          "refId":"netch_leather_pauldron_right",
          "count":1,
          "charge":-1,
          "enchantmentCharge":-1,
          "soul":""
        },{
          "refId":"netch_leather_pauldron_left",
          "count":1,
          "charge":-1,
          "enchantmentCharge":-1,
          "soul":""
        },{
          "refId":"netch_leather_cuirass",
          "count":1,
          "charge":-1,
          "enchantmentCharge":-1,
          "soul":""
        },{
          "refId":"bk_notefrombugrol",
          "count":1,
          "charge":-1,
          "enchantmentCharge":-1,
          "soul":""
        },{
          "refId":"common_shirt_01",
          "count":1,