{
  "packets":{
    "actorList":["0-414","0-412","291167-0","291166-0","0-441"],
    "ai":[],
    "cellChangeFrom":["291166-0"],
    "cellChangeTo":[],
    "container":["43443-0","43447-0","43448-0","43449-0","43450-0","43451-0","43452-0","43453-0","43454-0","43455-0","43456-0","362913-0","43442-0","43444-0","43445-0","43446-0","475402-0","475406-0","476390-0","476391-0","476392-0","476393-0","476394-0","476395-0","291167-0","0-414","0-412","291166-0","0-441"],
    "death":["0-414","291166-0","291167-0","0-441"],
    "delete":[],
    "doorState":[],
    "equipment":["291167-0","291166-0"],
    "lock":[],
    "place":[],
    "position":["291167-0","0-412","0-414","0-441","291166-0"],
    "scale":[],
    "spawn":["0-414","0-412","0-441"],
    "state":[],
    "statsDynamic":["291167-0","0-412","0-414","0-441","291166-0"],
    "trap":[],
    "miscellaneous":["291166-0","291167-0"],
    "clientScriptLocal":[],
    "spellsActive":["291167-0"]
  },
  "entry":{
    "description":"-4, 4",
    "creationTime":1715976494
  },
  "lastVisit":{
    "Benoit":1715977469,
    "Fidgug":1715977471
  },
  "recordLinks":[],
  "objectData":{
    "476394-0":{
      "refId":"flora_stoneflower_01",
      "inventory":[{
          "refId":"ingred_stoneflower_petals_01",
          "count":1,
          "charge":-1,
          "enchantmentCharge":-1,
          "soul":""
        }]
    },
    "476395-0":{
      "refId":"flora_stoneflower_01",
      "inventory":[{
          "refId":"ingred_stoneflower_petals_01",
          "count":1,
          "charge":-1,
          "enchantmentCharge":-1,
          "soul":""
        }]
    },
    "291167-0":{
      "refId":"sosia caristiana",
      "location":{
        "posX":-28008.68359375,
        "posY":37309.83203125,
        "posZ":1882.1715087891,
        "rotX":0.018681213259697,
        "rotZ":-0.49631762504578,
        "rotY":0
      },
      "stats":{
        "healthBase":77,
        "healthCurrent":0,
        "magickaBase":157,
        "magickaCurrent":9,
        "fatigueBase":224,
        "fatigueCurrent":221.95431518555,
        "healthModified":77,
        "magickaModified":157,
        "fatigueModified":224
      },
      "equipment":{
        "7":{
          "refId":"common_shoes_03",
          "count":1,
          "charge":-1,
          "enchantmentCharge":-1
        },
        "11":{
          "refId":"common_robe_03",
          "count":1,
          "charge":-1,
          "enchantmentCharge":-1
        }
      },
      "inventory":[{
          "refId":"common_robe_03",
          "count":1,
          "charge":-1,
          "enchantmentCharge":-1,
          "soul":""
        },{
          "refId":"common_shoes_03",
          "count":1,
          "charge":-1,
          "enchantmentCharge":-1,
          "soul":""
        }],
      "lastGoldRestockHour":9.2854499816895,
      "lastGoldRestockDay":15,
      "goldPool":0,
      "spellsActive":{
        "$custom_spell_5":[{
            "effects":[{
                "arg":-1,
                "duration":15,
                "id":14,
                "timeLeft":15,
                "magnitude":4.969367980957
              }],
            "displayName":"Ignite",
            "stackingState":false,
            "startTime":1715977145,
            "caster":{
              "playerName":"Benoit"
            }
          }]
      },
      "deathState":38,
      "killer":{
        "playerName":"Benoit"
      }
    },
    "0-441":{
      "refId":"rat",
      "location":{
        "posX":-28334.16015625,
        "posY":37602.0703125,
        "posZ":1913.1414794922,
        "rotX":-0.068780392408371,
        "rotZ":-0.60236620903015,
        "rotY":0
      },
      "stats":{
        "healthBase":23,
        "healthCurrent":0,
        "magickaBase":10,
        "magickaCurrent":10,
        "fatigueBase":300,
        "fatigueCurrent":299.73184204102,
        "healthModified":23,
        "magickaModified":10,
        "fatigueModified":300
      },
      "inventory":[],
      "deathState":38,
      "killer":{
        "playerName":"Benoit"
      }
    },
    "0-412":{
      "refId":"nix-hound",
      "location":{
        "posX":-25521.416015625,
        "posY":38623.12109375,
        "posZ":2562.2709960938,
        "rotX":0.18575386703014,
        "rotZ":-2.4748914241791,
        "rotY":0
      },
      "stats":{
        "healthBase":23,
        "healthCurrent":23,
        "magickaBase":10,
        "magickaCurrent":10,
        "fatigueBase":400,
        "fatigueCurrent":400,
        "healthModified":23,
        "magickaModified":10,
        "fatigueModified":400
      },
      "inventory":[{
          "refId":"ingred_hound_meat_01",
          "count":1,
          "charge":-1,
          "enchantmentCharge":-1,
          "soul":""
        }]
    },
    "291166-0":{
      "refId":"hlormar wine-sot",
      "location":{
        "posX":-28790.083984375,
        "posY":39146.83984375,
        "posZ":2086.2897949219,
        "rotX":0.11642967909575,
        "rotZ":2.9032628536224,
        "rotY":0
      },
      "stats":{
        "healthBase":141,
        "healthCurrent":0,
        "magickaBase":0,
        "magickaCurrent":0,
        "fatigueBase":259,
        "fatigueCurrent":259,
        "healthModified":141,
        "magickaModified":0,
        "fatigueModified":259
      },
      "cellChangeFrom":"-3, 3",
      "equipment":[],
      "inventory":[],
      "lastGoldRestockHour":5.6308116912842,
      "lastGoldRestockDay":15,
      "goldPool":0,
      "deathState":41,
      "spellsActive":[],
      "killer":{
        "playerName":"Benoit"
      }
    },
    "0-414":{
      "refId":"rat",
      "location":{
        "posX":-30175.443359375,
        "posY":35393.60546875,
        "posZ":2357.3713378906,
        "rotX":-0.44045230746269,
        "rotZ":-0.044208288192749,
        "rotY":0
      },
      "stats":{
        "healthBase":23,
        "healthCurrent":0,
        "magickaBase":10,
        "magickaCurrent":10,
        "fatigueBase":300,
        "fatigueCurrent":300,
        "healthModified":23,
        "magickaModified":10,
        "fatigueModified":300
      },
      "inventory":[],
      "deathState":38,
      "killer":{
        "playerName":"Fidgug"
      }
    },
    "43443-0":{
      "refId":"flora_chokeweed_02",
      "inventory":[{
          "refId":"ingred_chokeweed_01",
          "count":1,
          "charge":-1,
          "enchantmentCharge":-1,
          "soul":""
        }]
    },
    "43447-0":{
      "refId":"flora_chokeweed_02",
      "inventory":[{
          "refId":"ingred_chokeweed_01",
          "count":1,
          "charge":-1,
          "enchantmentCharge":-1,
          "soul":""
        }]
    },
    "43448-0":{
      "refId":"flora_chokeweed_02",
      "inventory":[{
          "refId":"ingred_chokeweed_01",
          "count":1,
          "charge":-1,
          "enchantmentCharge":-1,
          "soul":""
        }]
    },
    "43449-0":{
      "refId":"flora_chokeweed_02",
      "inventory":[{
          "refId":"ingred_chokeweed_01",
          "count":1,
          "charge":-1,
          "enchantmentCharge":-1,
          "soul":""
        }]
    },
    "43450-0":{
      "refId":"flora_chokeweed_02",
      "inventory":[{
          "refId":"ingred_chokeweed_01",
          "count":1,
          "charge":-1,
          "enchantmentCharge":-1,
          "soul":""
        }]
    },
    "43451-0":{
      "refId":"flora_chokeweed_02",
      "inventory":[{
          "refId":"ingred_chokeweed_01",
          "count":1,
          "charge":-1,
          "enchantmentCharge":-1,
          "soul":""
        }]
    },
    "43452-0":{
      "refId":"flora_chokeweed_02",
      "inventory":[{
          "refId":"ingred_chokeweed_01",
          "count":1,
          "charge":-1,
          "enchantmentCharge":-1,
          "soul":""
        }]
    },
    "43453-0":{
      "refId":"flora_chokeweed_02",
      "inventory":[{
          "refId":"ingred_chokeweed_01",
          "count":1,
          "charge":-1,