{
  "packets":{
    "actorList":["0-1793","0-1794","0-1795","0-1796","371047-0"],
    "ai":[],
    "cellChangeFrom":[],
    "cellChangeTo":[],
    "container":["427226-0","427230-0","427231-0","427279-0","427280-0","427281-0","427282-0","427283-0","427294-0","427299-0","427314-0","427331-0","427332-0","427333-0","427342-0","427343-0","371047-0","0-1793","0-1794","0-1795","0-1796"],
    "death":[],
    "delete":[],
    "doorState":[],
    "equipment":[],
    "lock":[],
    "place":[],
    "position":["371047-0","0-1793","0-1794","0-1795","0-1796"],
    "scale":[],
    "spawn":["0-1793","0-1794","0-1795","0-1796"],
    "state":[],
    "statsDynamic":["371047-0","0-1793","0-1794","0-1795","0-1796"],
    "trap":[],
    "clientScriptLocal":[],
    "spellsActive":[],
    "miscellaneous":[]
  },
  "entry":{
    "description":"-4, 20",
    "creationTime":1724438527
  },
  "lastVisit":{
    "Benoit":1724438671,
    "Fidgug":1724438615
  },
  "recordLinks":[],
  "objectData":{
    "427280-0":{
      "refId":"kollop_03_pearl",
      "inventory":[]
    },
    "427281-0":{
      "refId":"kollop_03_pearl",
      "inventory":[]
    },
    "427282-0":{
      "refId":"kollop_02_pearl",
      "inventory":[]
    },
    "0-1793":{
      "refId":"cliff racer",
      "location":{
        "posY":169677.265625,
        "posZ":602.31188964844,
        "rotX":-0.0031360471621156,
        "rotZ":1.8337619304657,
        "rotY":0,
        "posX":-26345.1953125
      },
      "stats":{
        "fatigueBase":400,
        "fatigueCurrent":400,
        "fatigueModified":400,
        "healthCurrent":45,
        "magickaBase":20,
        "healthBase":45,
        "healthModified":45,
        "magickaModified":20,
        "magickaCurrent":20
      },
      "inventory":[{
          "refId":"ingred_racer_plumes_01",
          "count":1,
          "charge":-1,
          "enchantmentCharge":-1,
          "soul":""
        }]
    },
    "0-1794":{
      "refId":"slaughterfish",
      "location":{
        "posY":168160.71875,
        "posZ":-430.97131347656,
        "rotX":-3.7531368434429e-05,
        "rotZ":-2.7253625392914,
        "rotY":0,
        "posX":-26027.888671875
      },
      "stats":{
        "fatigueBase":400,
        "fatigueCurrent":400,
        "fatigueModified":400,
        "healthCurrent":23,
        "magickaBase":10,
        "healthBase":23,
        "healthModified":23,
        "magickaModified":10,
        "magickaCurrent":10
      },
      "inventory":[]
    },
    "0-1795":{
      "refId":"slaughterfish",
      "location":{
        "posY":168317.78125,
        "posZ":-187.6277923584,
        "rotX":-0.00069430097937584,
        "rotZ":0.97190880775452,
        "rotY":0,
        "posX":-27960.501953125
      },
      "stats":{
        "fatigueBase":400,
        "fatigueCurrent":400,
        "fatigueModified":400,
        "healthCurrent":23,
        "magickaBase":10,
        "healthBase":23,
        "healthModified":23,
        "magickaModified":10,
        "magickaCurrent":10
      },
      "inventory":[{
          "refId":"ingred_scales_01",
          "count":2,
          "charge":-1,
          "enchantmentCharge":-1,
          "soul":""
        }]
    },
    "0-1796":{
      "refId":"slaughterfish",
      "location":{
        "posY":164862.125,
        "posZ":-279.1650390625,
        "rotX":0.00018030405044556,
        "rotZ":-1.5605041980743,
        "rotY":0,
        "posX":-28072.435546875
      },
      "stats":{
        "fatigueBase":400,
        "fatigueCurrent":400,
        "fatigueModified":400,
        "healthCurrent":23,
        "magickaBase":10,
        "healthBase":23,
        "healthModified":23,
        "magickaModified":10,
        "magickaCurrent":10
      },
      "inventory":[{
          "refId":"ingred_scales_01",
          "count":2,
          "charge":-1,
          "enchantmentCharge":-1,
          "soul":""
        }]
    },
    "427283-0":{
      "refId":"kollop_02_pearl",
      "inventory":[{
          "refId":"ingred_pearl_01",
          "count":1,
          "charge":-1,
          "enchantmentCharge":-1,
          "soul":""
        }]
    },
    "427294-0":{
      "refId":"kollop_03_pearl",
      "inventory":[{
          "refId":"ingred_pearl_01",
          "count":1,
          "charge":-1,
          "enchantmentCharge":-1,
          "soul":""
        }]
    },
    "427299-0":{
      "refId":"kollop_02_pearl",
      "inventory":[]
    },
    "427314-0":{
      "refId":"kollop_01_pearl",
      "inventory":[]
    },
    "427331-0":{
      "refId":"kollop_01_pearl",
      "inventory":[{
          "refId":"ingred_pearl_01",
          "count":1,
          "charge":-1,
          "enchantmentCharge":-1,
          "soul":""
        }]
    },
    "427332-0":{
      "refId":"kollop_02_pearl",
      "inventory":[]
    },
    "427333-0":{
      "refId":"kollop_03_pearl",
      "inventory":[]
    },
    "427342-0":{
      "refId":"kollop_01_pearl",
      "inventory":[]
    },
    "427343-0":{
      "refId":"kollop_03_pearl",
      "inventory":[]
    },
    "371047-0":{
      "refId":"slaughterfish",
      "location":{
        "posY":167372.609375,
        "posZ":-293.05023193359,
        "rotX":0,
        "rotZ":-1.1143915653229,
        "rotY":0,
        "posX":-32570.447265625
      },
      "stats":{
        "fatigueBase":400,
        "fatigueCurrent":400,
        "fatigueModified":400,
        "healthCurrent":23,
        "magickaBase":10,
        "healthBase":23,
        "healthModified":23,
        "magickaModified":10,
        "magickaCurrent":10
      },
      "inventory":[]
    },
    "427231-0":{
      "refId":"kollop_02_pearl",
      "inventory":[]
    },
    "427226-0":{
      "refId":"kollop_03_pearl",
      "inventory":[{
          "refId":"ingred_pearl_01",
          "count":1,
          "charge":-1,
          "enchantmentCharge":-1,
          "soul":""
        }]
    },
    "427230-0":{
      "refId":"kollop_01_pearl",
      "inventory":[]
    },
    "427279-0":{
      "refId":"kollop_01_pearl",
      "inventory":[]
    }
  },
  "loadState":{
    "hasFullContainerData":true,
    "hasFullActorList":true
  }
}