{
  "packets":{
    "actorList":["129906-0","129907-0","129909-0","129905-0","129908-0"],
    "ai":[],
    "cellChangeFrom":[],
    "cellChangeTo":[],
    "container":["124386-0","124387-0","124392-0","124393-0","124394-0","124395-0","124396-0","124399-0","124400-0","124401-0","124402-0","124403-0","124404-0","124412-0","124413-0","124414-0","124415-0","124416-0","129926-0","129927-0","129928-0","129929-0","129934-0","129973-0","129974-0","129975-0","129976-0","129977-0","129978-0","129986-0","129987-0","129988-0","129907-0","129909-0","129908-0","129906-0","129905-0"],
    "death":[],
    "delete":[],
    "doorState":[],
    "equipment":["129909-0","129906-0","129908-0","129907-0"],
    "lock":[],
    "place":[],
    "position":["129905-0","129906-0","129907-0","129908-0","129909-0"],
    "scale":[],
    "spawn":[],
    "state":[],
    "statsDynamic":["129905-0","129906-0","129907-0","129908-0","129909-0"],
    "trap":[],
    "clientScriptLocal":[],
    "spellsActive":[],
    "miscellaneous":["129907-0","129906-0"]
  },
  "entry":{
    "creationTime":1717182378,
    "description":"-4, 18"
  },
  "lastVisit":{
    "Benoit":1724438572,
    "Fidgug":1724438615
  },
  "recordLinks":[],
  "objectData":{
    "129906-0":{
      "refId":"shallath-piremus",
      "location":{
        "posY":150703.46875,
        "posZ":705,
        "rotX":0.011471546255052,
        "rotZ":-1.4665634632111,
        "rotY":0,
        "posX":-26247.93359375
      },
      "stats":{
        "fatigueBase":207,
        "fatigueCurrent":207,
        "fatigueModified":207,
        "healthCurrent":77,
        "magickaBase":92,
        "healthBase":77,
        "healthModified":77,
        "magickaModified":92,
        "magickaCurrent":92
      },
      "equipment":{
        "16":{
          "refId":"chitin shortsword",
          "count":1,
          "charge":-1,
          "enchantmentCharge":-1
        },
        "8":{
          "refId":"common_shirt_02_t",
          "count":1,
          "charge":-1,
          "enchantmentCharge":-1
        },
        "9":{
          "refId":"common_pants_01_u",
          "count":1,
          "charge":-1,
          "enchantmentCharge":-1
        }
      },
      "inventory":[{
          "refId":"common_shirt_02_t",
          "count":1,
          "charge":-1,
          "enchantmentCharge":-1,
          "soul":""
        },{
          "refId":"common_pants_01_u",
          "count":1,
          "charge":-1,
          "enchantmentCharge":-1,
          "soul":""
        },{
          "refId":"chitin shortsword",
          "count":1,
          "charge":-1,
          "enchantmentCharge":-1,
          "soul":""
        }],
      "goldPool":0,
      "lastGoldRestockHour":10.685720443726,
      "lastGoldRestockDay":20
    },
    "129907-0":{
      "refId":"tussurradad",
      "location":{
        "posY":150317.0625,
        "posZ":703.96118164063,
        "rotX":0,
        "rotZ":4.699999332428,
        "rotY":0,
        "posX":-27573.28125
      },
      "stats":{
        "fatigueBase":238,
        "fatigueCurrent":238,
        "fatigueModified":238,
        "healthCurrent":98,
        "magickaBase":98,
        "healthBase":98,
        "healthModified":98,
        "magickaModified":98,
        "magickaCurrent":98
      },
      "equipment":{
        "16":{
          "refId":"chitin dagger",
          "count":1,
          "charge":-1,
          "enchantmentCharge":-1
        },
        "8":{
          "refId":"expensive_shirt_01_u",
          "count":1,
          "charge":-1,
          "enchantmentCharge":-1
        },
        "9":{
          "refId":"common_pants_01_u",
          "count":1,
          "charge":-1,
          "enchantmentCharge":-1
        }
      },
      "inventory":[{
          "refId":"expensive_shirt_01_u",
          "count":1,
          "charge":-1,
          "enchantmentCharge":-1,
          "soul":""
        },{
          "refId":"common_pants_01_u",
          "count":1,
          "charge":-1,
          "enchantmentCharge":-1,
          "soul":""
        },{
          "refId":"chitin dagger",
          "count":1,
          "charge":-1,
          "enchantmentCharge":-1,
          "soul":""
        }],
      "goldPool":0,
      "lastGoldRestockHour":10.658885955811,
      "lastGoldRestockDay":20
    },
    "129909-0":{
      "refId":"hainab",
      "location":{
        "posY":151131.203125,
        "posZ":687.46472167969,
        "rotX":-0.042396169155836,
        "rotZ":1.2675001621246,
        "rotY":0,
        "posX":-27490.552734375
      },
      "stats":{
        "fatigueBase":208,
        "fatigueCurrent":208,
        "fatigueModified":208,
        "healthCurrent":80,
        "magickaBase":90,
        "healthBase":80,
        "healthModified":80,
        "magickaModified":90,
        "magickaCurrent":90
      },
      "equipment":{
        "8":{
          "refId":"common_shirt_01_u",
          "count":1,
          "charge":-1,
          "enchantmentCharge":-1
        },
        "10":{
          "refId":"common_skirt_01",
          "count":1,
          "charge":-1,
          "enchantmentCharge":-1
        },
        "16":{
          "refId":"chitin spear",
          "count":1,
          "charge":-1,
          "enchantmentCharge":-1
        }
      },
      "inventory":[{
          "refId":"common_skirt_01",
          "count":1,
          "charge":-1,
          "enchantmentCharge":-1,
          "soul":""
        },{
          "refId":"common_shirt_01_u",
          "count":1,
          "charge":-1,
          "enchantmentCharge":-1,
          "soul":""
        },{
          "refId":"chitin spear",
          "count":1,
          "charge":-1,
          "enchantmentCharge":-1,
          "soul":""
        }]
    },
    "129905-0":{
      "refId":"shalk",
      "location":{
        "posY":153965.265625,
        "posZ":999.78369140625,
        "rotX":1.132799744606,
        "rotZ":0.89910674095154,
        "rotY":0,
        "posX":-28020.71484375
      },
      "stats":{
        "fatigueBase":400,
        "fatigueCurrent":400,
        "fatigueModified":400,
        "healthCurrent":38,
        "magickaBase":30,
        "healthBase":38,
        "healthModified":38,
        "magickaModified":30,
        "magickaCurrent":30
      },
      "inventory":[{
          "refId":"ingred_shalk_resin_01",
          "count":1,
          "charge":-1,
          "enchantmentCharge":-1,
          "soul":""
        }]
    },
    "129908-0":{
      "refId":"shabinbael",
      "location":{
        "posY":150520.78125,
        "posZ":691.22882080078,
        "rotX":0.042136747390032,
        "rotZ":-1.6267445087433,
        "rotY":0,
        "posX":-27641.810546875
      },
      "stats":{
        "fatigueBase":209,
        "fatigueCurrent":209,
        "fatigueModified":209,
        "healthCurrent":76,
        "magickaBase":92,
        "healthBase":76,
        "healthModified":76,
        "magickaModified":92,
        "magickaCurrent":92
      },
      "equipment":{
        "16":{
          "refId":"chitin shortsword",
          "count":1,
          "charge":-1,
          "enchantmentCharge":-1
        },
        "8":{
          "refId":"common_shirt_01_u",
          "count":1,
          "charge":-1,
          "enchantmentCharge":-1
        },
        "9":{
          "refId":"common_pants_01_u",
          "count":1,
          "charge":-1,
          "enchantmentCharge":-1
        }
      },
      "inventory":[{
          "refId":"common_shirt_01_u",
          "count":1,
          "charge":-1,
          "enchantmentCharge":-1,
          "soul":""
        },{
          "refId":"common_pants_01_u",
          "count":1,
          "charge":-1,
          "enchantmentCharge":-1,
          "soul":""
        },{
          "refId":"chitin shortsword",
          "count":1,
          "charge":-1,
          "enchantmentCharge":-1,
          "soul":""
        }]
    },
    "124386-0":{
      "refId":"barrel_01_cheapfood5",