{
  "packets":{
    "actorList":["0-776","371050-0","371051-0","371052-0","371053-0"],
    "ai":[],
    "cellChangeFrom":[],
    "cellChangeTo":[],
    "container":["427389-0","427390-0","427391-0","427392-0","427393-0","427394-0","427410-0","427411-0","427412-0","427453-0","427454-0","427455-0","427456-0","427457-0","427458-0","427471-0","427472-0","427473-0","427513-0","427514-0","427515-0","371050-0","371051-0","371053-0","0-776","371052-0"],
    "death":[],
    "delete":[],
    "doorState":[],
    "equipment":[],
    "lock":[],
    "place":[],
    "position":["371050-0","371051-0","0-776","371052-0","371053-0"],
    "scale":[],
    "spawn":["0-776"],
    "state":[],
    "statsDynamic":["371050-0","371051-0","0-776","371052-0","371053-0"],
    "trap":[],
    "clientScriptLocal":[],
    "spellsActive":[],
    "miscellaneous":[]
  },
  "entry":{
    "creationTime":1717182378,
    "description":"-4, 19"
  },
  "lastVisit":{
    "Benoit":1724438671,
    "Fidgug":1724438615
  },
  "recordLinks":[],
  "objectData":{
    "371053-0":{
      "refId":"slaughterfish",
      "location":{
        "posY":163727.46875,
        "posZ":-552.24096679688,
        "rotX":0,
        "rotZ":-1.3219096660614,
        "rotY":0,
        "posX":-32574.109375
      },
      "stats":{
        "fatigueBase":400,
        "fatigueCurrent":399.98529052734,
        "fatigueModified":400,
        "healthCurrent":23,
        "magickaBase":10,
        "healthBase":23,
        "healthModified":23,
        "magickaModified":10,
        "magickaCurrent":10
      },
      "inventory":[{
          "refId":"ingred_scales_01",
          "count":2,
          "charge":-1,
          "enchantmentCharge":-1,
          "soul":""
        }]
    },
    "427513-0":{
      "refId":"kollop_01_pearl",
      "inventory":[{
          "refId":"ingred_pearl_01",
          "count":1,
          "charge":-1,
          "enchantmentCharge":-1,
          "soul":""
        }]
    },
    "371051-0":{
      "refId":"slaughterfish",
      "location":{
        "posY":157538.34375,
        "posZ":-496.09222412109,
        "rotX":0,
        "rotZ":-1.7540810108185,
        "rotY":0,
        "posX":-31266.072265625
      },
      "stats":{
        "fatigueBase":400,
        "fatigueCurrent":400,
        "fatigueModified":400,
        "healthCurrent":23,
        "magickaBase":10,
        "healthBase":23,
        "healthModified":23,
        "magickaModified":10,
        "magickaCurrent":10
      },
      "inventory":[]
    },
    "371052-0":{
      "refId":"slaughterfish",
      "location":{
        "posY":163149.296875,
        "posZ":-584.384765625,
        "rotX":0,
        "rotZ":-1.1485593318939,
        "rotY":0,
        "posX":-32764.658203125
      },
      "stats":{
        "fatigueBase":400,
        "fatigueCurrent":400,
        "fatigueModified":400,
        "healthCurrent":23,
        "magickaBase":10,
        "healthBase":23,
        "healthModified":23,
        "magickaModified":10,
        "magickaCurrent":10
      },
      "inventory":[{
          "refId":"ingred_scales_01",
          "count":2,
          "charge":-1,
          "enchantmentCharge":-1,
          "soul":""
        }]
    },
    "427389-0":{
      "refId":"kollop_01_pearl",
      "inventory":[]
    },
    "427390-0":{
      "refId":"kollop_02_pearl",
      "inventory":[{
          "refId":"ingred_pearl_01",
          "count":1,
          "charge":-1,
          "enchantmentCharge":-1,
          "soul":""
        }]
    },
    "427391-0":{
      "refId":"kollop_03_pearl",
      "inventory":[{
          "refId":"ingred_pearl_01",
          "count":1,
          "charge":-1,
          "enchantmentCharge":-1,
          "soul":""
        }]
    },
    "427392-0":{
      "refId":"kollop_01_pearl",
      "inventory":[]
    },
    "427393-0":{
      "refId":"kollop_02_pearl",
      "inventory":[{
          "refId":"ingred_pearl_01",
          "count":1,
          "charge":-1,
          "enchantmentCharge":-1,
          "soul":""
        }]
    },
    "427394-0":{
      "refId":"kollop_03_pearl",
      "inventory":[{
          "refId":"ingred_pearl_01",
          "count":1,
          "charge":-1,
          "enchantmentCharge":-1,
          "soul":""
        }]
    },
    "427410-0":{
      "refId":"kollop_01_pearl",
      "inventory":[]
    },
    "427411-0":{
      "refId":"kollop_02_pearl",
      "inventory":[]
    },
    "427412-0":{
      "refId":"kollop_03_pearl",
      "inventory":[{
          "refId":"ingred_pearl_01",
          "count":1,
          "charge":-1,
          "enchantmentCharge":-1,
          "soul":""
        }]
    },
    "427453-0":{
      "refId":"kollop_01_pearl",
      "inventory":[]
    },
    "427454-0":{
      "refId":"kollop_03_pearl",
      "inventory":[]
    },
    "427455-0":{
      "refId":"kollop_01_pearl",
      "inventory":[]
    },
    "427456-0":{
      "refId":"kollop_03_pearl",
      "inventory":[]
    },
    "427457-0":{
      "refId":"kollop_02_pearl",
      "inventory":[{
          "refId":"ingred_pearl_01",
          "count":1,
          "charge":-1,
          "enchantmentCharge":-1,
          "soul":""
        }]
    },
    "427458-0":{
      "refId":"kollop_02_pearl",
      "inventory":[]
    },
    "427471-0":{
      "refId":"kollop_01_pearl",
      "inventory":[]
    },
    "427472-0":{
      "refId":"kollop_02_pearl",
      "inventory":[{
          "refId":"ingred_pearl_01",
          "count":1,
          "charge":-1,
          "enchantmentCharge":-1,
          "soul":""
        }]
    },
    "427473-0":{
      "refId":"kollop_03_pearl",
      "inventory":[]
    },
    "0-776":{
      "refId":"slaughterfish_small",
      "location":{
        "posY":158516.25,
        "posZ":-410.33349609375,
        "rotX":0,
        "rotZ":-2.3757827281952,
        "rotY":0,
        "posX":-26940.404296875
      },
      "stats":{
        "fatigueBase":300,
        "fatigueCurrent":300,
        "fatigueModified":300,
        "healthCurrent":15,
        "magickaBase":10,
        "healthBase":15,
        "healthModified":15,
        "magickaModified":10,
        "magickaCurrent":10
      },
      "inventory":[{
          "refId":"ingred_scales_01",
          "count":1,
          "charge":-1,
          "enchantmentCharge":-1,
          "soul":""
        }]
    },
    "427514-0":{
      "refId":"kollop_02_pearl",
      "inventory":[{
          "refId":"ingred_pearl_01",
          "count":1,
          "charge":-1,
          "enchantmentCharge":-1,
          "soul":""
        }]
    },
    "427515-0":{
      "refId":"kollop_03_pearl",
      "inventory":[{
          "refId":"ingred_pearl_01",
          "count":1,
          "charge":-1,
          "enchantmentCharge":-1,
          "soul":""
        }]
    },
    "371050-0":{
      "refId":"slaughterfish",
      "location":{
        "posY":157076.875,
        "posZ":-531.62866210938,
        "rotX":0,
        "rotZ":-0.76309871673584,
        "rotY":0,
        "posX":-31878.4765625
      },
      "stats":{
        "fatigueBase":400,
        "fatigueCurrent":400,
        "fatigueModified":400,
        "healthCurrent":23,
        "magickaBase":10,
        "healthBase":23,
        "healthModified":23,
        "magickaModified":10,
        "magickaCurrent":10
      },
      "inventory":[]
    }
  },
  "loadState":{
    "hasFullContainerData":true,
    "hasFullActorList":true
  }
}