{
  "packets":{
    "actorList":["129906-0","129907-0","129909-0","129905-0","129908-0"],
    "ai":[],
    "cellChangeFrom":[],
    "cellChangeTo":[],
    "container":["124386-0","124387-0","124392-0","124393-0","124394-0","124395-0","124396-0","124399-0","124400-0","124401-0","124402-0","124403-0","124404-0","124412-0","124413-0","124414-0","124415-0","124416-0","129926-0","129927-0","129928-0","129929-0","129934-0","129973-0","129974-0","129975-0","129976-0","129977-0","129978-0","129986-0","129987-0","129988-0","129907-0","129909-0","129908-0","129906-0","129905-0"],
    "death":[],
    "delete":[],
    "doorState":[],
    "equipment":["129909-0","129906-0","129908-0","129907-0"],
    "lock":[],
    "place":[],
    "position":["129905-0","129906-0","129907-0","129908-0","129909-0"],
    "scale":[],
    "spawn":[],
    "state":[],
    "statsDynamic":["129905-0","129906-0","129907-0","129908-0","129909-0"],
    "trap":[],
    "clientScriptLocal":[],
    "spellsActive":[],
    "miscellaneous":["129907-0","129906-0"]
  },
  "entry":{
    "description":"-4, 18",
    "creationTime":1717182378
  },
  "lastVisit":{
    "Fidgug":1717182945,
    "Benoit":1717182947
  },
  "recordLinks":[],
  "objectData":{
    "129906-0":{
      "refId":"shallath-piremus",
      "location":{
        "posX":-26256.359375,
        "posY":150834.109375,
        "posZ":705,
        "rotX":-0.079839833080769,
        "rotZ":-2.7343957424164,
        "rotY":0
      },
      "stats":{
        "magickaCurrent":92,
        "fatigueBase":207,
        "fatigueCurrent":207,
        "fatigueModified":207,
        "magickaBase":92,
        "healthModified":77,
        "healthBase":77,
        "healthCurrent":77,
        "magickaModified":92
      },
      "equipment":{
        "16":{
          "refId":"chitin shortsword",
          "count":1,
          "charge":-1,
          "enchantmentCharge":-1
        },
        "8":{
          "refId":"common_shirt_02_t",
          "count":1,
          "charge":-1,
          "enchantmentCharge":-1
        },
        "9":{
          "refId":"common_pants_01_u",
          "count":1,
          "charge":-1,
          "enchantmentCharge":-1
        }
      },
      "inventory":[{
          "refId":"common_shirt_02_t",
          "count":1,
          "charge":-1,
          "enchantmentCharge":-1,
          "soul":""
        },{
          "refId":"common_pants_01_u",
          "count":1,
          "charge":-1,
          "enchantmentCharge":-1,
          "soul":""
        },{
          "refId":"chitin shortsword",
          "count":1,
          "charge":-1,
          "enchantmentCharge":-1,
          "soul":""
        }],
      "goldPool":0,
      "lastGoldRestockHour":10.685720443726,
      "lastGoldRestockDay":20
    },
    "129905-0":{
      "refId":"shalk",
      "location":{
        "posX":-29023.896484375,
        "posY":152514.0625,
        "posZ":1464.9997558594,
        "rotX":-0.12849850952625,
        "rotZ":-0.54590773582458,
        "rotY":0
      },
      "stats":{
        "magickaCurrent":30,
        "fatigueBase":400,
        "fatigueCurrent":400,
        "fatigueModified":400,
        "magickaBase":30,
        "healthModified":38,
        "healthBase":38,
        "healthCurrent":38,
        "magickaModified":30
      },
      "inventory":[{
          "refId":"ingred_shalk_resin_01",
          "count":1,
          "charge":-1,
          "enchantmentCharge":-1,
          "soul":""
        }]
    },
    "124400-0":{
      "refId":"urn_05_food",
      "inventory":[{
          "refId":"food_kwama_egg_02",
          "count":2,
          "charge":-1,
          "enchantmentCharge":-1,
          "soul":""
        },{
          "refId":"ingred_scuttle_01",
          "count":2,
          "charge":-1,
          "enchantmentCharge":-1,
          "soul":""
        }]
    },
    "124401-0":{
      "refId":"com_basket_01_empty",
      "inventory":[]
    },
    "124402-0":{
      "refId":"com_sack_01_chpfood5",
      "inventory":[{
          "refId":"ingred_saltrice_01",
          "count":5,
          "charge":-1,
          "enchantmentCharge":-1,
          "soul":""
        }]
    },
    "124403-0":{
      "refId":"com_sack_01_chpfood5",
      "inventory":[{
          "refId":"ingred_saltrice_01",
          "count":5,
          "charge":-1,
          "enchantmentCharge":-1,
          "soul":""
        }]
    },
    "124396-0":{
      "refId":"com_basket_01_chpfood5",
      "inventory":[{
          "refId":"ingred_saltrice_01",
          "count":5,
          "charge":-1,
          "enchantmentCharge":-1,
          "soul":""
        }]
    },
    "124404-0":{
      "refId":"com_sack_02_saltrice_10",
      "inventory":[{
          "refId":"ingred_saltrice_01",
          "count":10,
          "charge":-1,
          "enchantmentCharge":-1,
          "soul":""
        }]
    },
    "129927-0":{
      "refId":"tramaroot_03",
      "inventory":[{
          "refId":"ingred_trama_root_01",
          "count":1,
          "charge":-1,
          "enchantmentCharge":-1,
          "soul":""
        }]
    },
    "124412-0":{
      "refId":"urn_01_food",
      "inventory":[{
          "refId":"food_kwama_egg_01",
          "count":3,
          "charge":-1,
          "enchantmentCharge":-1,
          "soul":""
        }]
    },
    "124386-0":{
      "refId":"barrel_01_cheapfood5",
      "inventory":[{
          "refId":"ingred_saltrice_01",
          "count":5,
          "charge":-1,
          "enchantmentCharge":-1,
          "soul":""
        }]
    },
    "124413-0":{
      "refId":"urn_02",
      "inventory":[]
    },
    "124387-0":{
      "refId":"com_basket_01_chpfood5",
      "inventory":[{
          "refId":"ingred_scuttle_01",
          "count":5,
          "charge":-1,
          "enchantmentCharge":-1,
          "soul":""
        }]
    },
    "124414-0":{
      "refId":"com_sack_03_chpfood5",
      "inventory":[{
          "refId":"ingred_hackle-lo_leaf_01",
          "count":5,
          "charge":-1,
          "enchantmentCharge":-1,
          "soul":""
        }]
    },
    "124392-0":{
      "refId":"com_sack_03_ingredients",
      "inventory":[{
          "refId":"ingred_heather_01",
          "count":1,
          "charge":-1,
          "enchantmentCharge":-1,
          "soul":""
        },{
          "refId":"ingred_racer_plumes_01",
          "count":1,
          "charge":-1,
          "enchantmentCharge":-1,
          "soul":""
        },{
          "refId":"ingred_gravedust_01",
          "count":1,
          "charge":-1,
          "enchantmentCharge":-1,
          "soul":""
        },{
          "refId":"ingred_muck_01",
          "count":1,
          "charge":-1,
          "enchantmentCharge":-1,
          "soul":""
        }]
    },
    "124393-0":{
      "refId":"com_sack_03_ingredients",
      "inventory":[{
          "refId":"ingred_marshmerrow_01",
          "count":1,
          "charge":-1,
          "enchantmentCharge":-1,
          "soul":""
        },{
          "refId":"ingred_black_lichen_01",
          "count":1,
          "charge":-1,
          "enchantmentCharge":-1,
          "soul":""
        },{
          "refId":"food_kwama_egg_01",
          "count":1,
          "charge":-1,
          "enchantmentCharge":-1,
          "soul":""
        }]
    },
    "124416-0":{
      "refId":"barrel_01_random_pos",
      "inventory":[{
          "refId":"misc_com_plate_01",
          "count":1,
          "charge":-1,
          "enchantmentCharge":-1,
          "soul":""
        },{
          "refId":"misc_com_wood_cup_01",
          "count":1,
          "charge":-1,
          "enchantmentCharge":-1,
          "soul":""
        },{
          "refId":"misc_com_metal_goblet_01",
          "count":1,
          "charge":-1,
          "enchantmentCharge":-1,
          "soul":""
        },{
          "refId":"misc_com_bottle_15",
          "count":2,
          "charge":-1,
          "enchantmentCharge":-1,