{
  "packets":{
    "actorList":["480590-0","0-119","0-109"],
    "ai":[],
    "cellChangeFrom":[],
    "cellChangeTo":[],
    "container":["67301-0","67304-0","67314-0","252170-0","252171-0","252200-0","252212-0","252213-0","252218-0","252219-0","252220-0","252222-0","252223-0","252224-0","252225-0","34121-0","476456-0","476461-0","476463-0","476468-0","476473-0","476474-0","476475-0","476476-0","476477-0","480590-0","0-119","0-109"],
    "death":["480590-0"],
    "delete":[],
    "doorState":[],
    "equipment":["0-119"],
    "lock":[],
    "place":[],
    "position":["480590-0","0-119","0-109"],
    "scale":[],
    "spawn":["0-119","0-109"],
    "state":[],
    "statsDynamic":["480590-0","0-119","0-109"],
    "trap":[],
    "clientScriptLocal":[],
    "spellsActive":[],
    "miscellaneous":["0-119"]
  },
  "entry":{
    "creationTime":1714761404,
    "description":"-4, -3"
  },
  "lastVisit":{
    "Benoit":1719595452,
    "Fidgug":1719594202
  },
  "recordLinks":[],
  "objectData":{
    "252220-0":{
      "refId":"flora_bc_mushroom_06",
      "inventory":[{
          "refId":"ingred_coprinus_01",
          "count":1,
          "charge":-1,
          "enchantmentCharge":-1,
          "soul":""
        }]
    },
    "252223-0":{
      "refId":"flora_bc_shelffungus_02",
      "inventory":[{
          "refId":"ingred_bc_bungler's_bane",
          "count":1,
          "charge":-1,
          "enchantmentCharge":-1,
          "soul":""
        }]
    },
    "480590-0":{
      "refId":"scrib",
      "location":{
        "rotY":0,
        "posX":-28197.939453125,
        "posY":-23446.65625,
        "posZ":705.77502441406,
        "rotX":0,
        "rotZ":0
      },
      "stats":{
        "healthModified":8,
        "magickaModified":12,
        "fatigueModified":300,
        "healthBase":8,
        "healthCurrent":0,
        "magickaBase":12,
        "magickaCurrent":0,
        "fatigueBase":300,
        "fatigueCurrent":298.66925048828
      },
      "inventory":[],
      "killer":{
        "playerName":"Fidgug"
      },
      "deathState":38
    },
    "34121-0":{
      "refId":"com_basket_01_empty",
      "inventory":[]
    },
    "0-109":{
      "refId":"kwama forager",
      "location":{
        "rotY":0,
        "posX":-30616.87890625,
        "posY":-17279.84765625,
        "posZ":730.51446533203,
        "rotX":-0.015310199931264,
        "rotZ":1.2791492938995
      },
      "stats":{
        "healthModified":23,
        "magickaModified":15,
        "fatigueModified":300,
        "healthBase":23,
        "healthCurrent":23,
        "magickaBase":15,
        "magickaCurrent":15,
        "fatigueBase":300,
        "fatigueCurrent":300
      },
      "inventory":[{
          "refId":"ingred_kwama_cuttle_01",
          "count":1,
          "charge":-1,
          "enchantmentCharge":-1,
          "soul":""
        }]
    },
    "67301-0":{
      "refId":"flora_corkbulb",
      "inventory":[]
    },
    "476463-0":{
      "refId":"flora_heather_01",
      "inventory":[]
    },
    "476468-0":{
      "refId":"flora_heather_01",
      "inventory":[]
    },
    "252170-0":{
      "refId":"flora_hackle-lo_01",
      "inventory":[{
          "refId":"ingred_hackle-lo_leaf_01",
          "count":1,
          "charge":-1,
          "enchantmentCharge":-1,
          "soul":""
        }]
    },
    "252171-0":{
      "refId":"flora_bc_mushroom_04",
      "inventory":[{
          "refId":"ingred_russula_01",
          "count":1,
          "charge":-1,
          "enchantmentCharge":-1,
          "soul":""
        }]
    },
    "252200-0":{
      "refId":"flora_bc_fern_01",
      "inventory":[{
          "refId":"ingred_bc_spore_pod",
          "count":3,
          "charge":-1,
          "enchantmentCharge":-1,
          "soul":""
        }]
    },
    "252212-0":{
      "refId":"flora_bc_shelffungus_03",
      "inventory":[{
          "refId":"ingred_bc_hypha_facia",
          "count":1,
          "charge":-1,
          "enchantmentCharge":-1,
          "soul":""
        }]
    },
    "252218-0":{
      "refId":"flora_bc_mushroom_06",
      "inventory":[{
          "refId":"ingred_coprinus_01",
          "count":1,
          "charge":-1,
          "enchantmentCharge":-1,
          "soul":""
        }]
    },
    "252222-0":{
      "refId":"flora_bc_shelffungus_01",
      "inventory":[{
          "refId":"ingred_bc_bungler's_bane",
          "count":1,
          "charge":-1,
          "enchantmentCharge":-1,
          "soul":""
        }]
    },
    "252224-0":{
      "refId":"flora_bc_shelffungus_02",
      "inventory":[{
          "refId":"ingred_bc_bungler's_bane",
          "count":1,
          "charge":-1,
          "enchantmentCharge":-1,
          "soul":""
        }]
    },
    "252225-0":{
      "refId":"flora_bc_shelffungus_03",
      "inventory":[{
          "refId":"ingred_bc_hypha_facia",
          "count":1,
          "charge":-1,
          "enchantmentCharge":-1,
          "soul":""
        }]
    },
    "476456-0":{
      "refId":"flora_heather_01",
      "inventory":[]
    },
    "476461-0":{
      "refId":"flora_comberry_01",
      "inventory":[]
    },
    "476473-0":{
      "refId":"flora_heather_01",
      "inventory":[]
    },
    "476474-0":{
      "refId":"flora_gold_kanet_01",
      "inventory":[]
    },
    "476475-0":{
      "refId":"flora_gold_kanet_02",
      "inventory":[]
    },
    "476476-0":{
      "refId":"flora_willow_flower_01",
      "inventory":[]
    },
    "476477-0":{
      "refId":"flora_willow_flower_02",
      "inventory":[]
    },
    "0-119":{
      "refId":"db_assassin1b",
      "location":{
        "rotY":0,
        "posX":-27634.3515625,
        "posY":-21844.984375,
        "posZ":876.70202636719,
        "rotX":0.38567870855331,
        "rotZ":2.7424895763397
      },
      "stats":{
        "healthModified":40,
        "magickaModified":100,
        "fatigueModified":150,
        "healthBase":40,
        "healthCurrent":40,
        "magickaBase":100,
        "magickaCurrent":100,
        "fatigueBase":150,
        "fatigueCurrent":150
      },
      "equipment":[],
      "inventory":[],
      "goldPool":0,
      "killer":{
        "playerName":"Fidgug"
      },
      "deathState":42,
      "lastGoldRestockHour":17.381175994873,
      "lastGoldRestockDay":4
    },
    "67314-0":{
      "refId":"flora_heather_01",
      "inventory":[]
    },
    "252213-0":{
      "refId":"flora_bc_shelffungus_04",
      "inventory":[{
          "refId":"ingred_bc_hypha_facia",
          "count":1,
          "charge":-1,
          "enchantmentCharge":-1,
          "soul":""
        }]
    },
    "67304-0":{
      "refId":"flora_corkbulb",
      "inventory":[]
    },
    "252219-0":{
      "refId":"flora_bc_mushroom_08",
      "inventory":[{
          "refId":"ingred_coprinus_01",
          "count":2,
          "charge":-1,
          "enchantmentCharge":-1,
          "soul":""
        }]
    }
  },
  "loadState":{
    "hasFullContainerData":true,
    "hasFullActorList":true
  }
}