{
  "packets":{
    "actorList":["0-750","0-751","0-752","0-753","0-754","0-755","0-756","0-757","0-758","0-777","0-778","0-779"],
    "ai":[],
    "cellChangeFrom":[],
    "cellChangeTo":[],
    "container":["297266-0","297267-0","297268-0","297269-0","297270-0","297273-0","297276-0","297277-0","297278-0","297279-0","0-750","0-751","0-752","0-753","0-754","0-755","0-756","0-757","0-758","0-777","0-778","0-779"],
    "death":["0-754","0-755","0-753","0-750","0-756","0-757","0-778","0-777","0-779"],
    "delete":[],
    "doorState":[],
    "equipment":["0-778"],
    "lock":[],
    "place":[],
    "position":["0-750","0-751","0-752","0-753","0-754","0-755","0-756","0-757","0-758","0-777","0-778","0-779"],
    "scale":[],
    "spawn":["0-750","0-751","0-752","0-753","0-754","0-755","0-756","0-757","0-758","0-777","0-778","0-779"],
    "state":[],
    "statsDynamic":["0-750","0-751","0-752","0-753","0-754","0-755","0-756","0-757","0-758","0-777","0-778","0-779"],
    "trap":[],
    "clientScriptLocal":[],
    "spellsActive":[],
    "miscellaneous":[]
  },
  "entry":{
    "creationTime":1716741429,
    "description":"-5, 18"
  },
  "lastVisit":{
    "Benoit":1724438467,
    "Fidgug":1724438457
  },
  "recordLinks":[],
  "objectData":{
    "0-752":{
      "refId":"scamp",
      "location":{
        "posY":149225.953125,
        "posZ":697,
        "rotX":0.053911797702312,
        "rotZ":2.619621515274,
        "rotY":0,
        "posX":-33600.46875
      },
      "stats":{
        "fatigueBase":400,
        "fatigueCurrent":400,
        "fatigueModified":400,
        "healthCurrent":45,
        "magickaBase":100,
        "healthBase":45,
        "healthModified":45,
        "magickaModified":100,
        "magickaCurrent":100
      },
      "inventory":[{
          "refId":"ingred_scamp_skin_01",
          "count":1,
          "charge":-1,
          "enchantmentCharge":-1,
          "soul":""
        }]
    },
    "0-753":{
      "refId":"scamp",
      "location":{
        "posY":152004.625,
        "posZ":829.50177001953,
        "rotX":0.042777694761753,
        "rotZ":-1.8541882038116,
        "rotY":0,
        "posX":-38146.265625
      },
      "stats":{
        "fatigueBase":400,
        "fatigueCurrent":393.72827148438,
        "fatigueModified":400,
        "healthCurrent":0,
        "magickaBase":100,
        "healthBase":45,
        "healthModified":45,
        "magickaModified":100,
        "magickaCurrent":100
      },
      "inventory":[],
      "deathState":38,
      "spellsActive":{
      },
      "killer":{
        "playerName":"Fidgug"
      }
    },
    "0-754":{
      "refId":"clannfear",
      "location":{
        "posY":150369.25,
        "posZ":705.00067138672,
        "rotX":0.001000814139843,
        "rotZ":-2.3351442813873,
        "rotY":0,
        "posX":-40356.125
      },
      "stats":{
        "fatigueBase":500,
        "fatigueCurrent":498.20263671875,
        "fatigueModified":500,
        "healthCurrent":0,
        "magickaBase":100,
        "healthBase":113,
        "healthModified":113,
        "magickaModified":100,
        "magickaCurrent":100
      },
      "inventory":[],
      "deathState":38,
      "killer":{
        "playerName":"Fidgug"
      }
    },
    "0-755":{
      "refId":"clannfear",
      "location":{
        "posY":150263.875,
        "posZ":689.00067138672,
        "rotX":0.011928432621062,
        "rotZ":1.725964307785,
        "rotY":0,
        "posX":-40805.3984375
      },
      "stats":{
        "fatigueBase":500,
        "fatigueCurrent":498.73455810547,
        "fatigueModified":500,
        "healthCurrent":0,
        "magickaBase":100,
        "healthBase":113,
        "healthModified":113,
        "magickaModified":100,
        "magickaCurrent":100
      },
      "inventory":[],
      "deathState":38,
      "killer":{
        "playerName":"Fidgug"
      }
    },
    "0-756":{
      "refId":"nix-hound blighted",
      "location":{
        "posY":152330.46875,
        "posZ":727.20916748047,
        "rotX":0.12424778938293,
        "rotZ":-1.6068012714386,
        "rotY":0,
        "posX":-35515.80078125
      },
      "stats":{
        "fatigueBase":190,
        "fatigueCurrent":190,
        "fatigueModified":190,
        "healthCurrent":0,
        "magickaBase":10,
        "healthBase":68,
        "healthModified":68,
        "magickaModified":10,
        "magickaCurrent":10
      },
      "inventory":[{
          "refId":"ingred_hound_meat_01",
          "count":2,
          "charge":-1,
          "enchantmentCharge":-1,
          "soul":""
        }],
      "deathState":38,
      "spellsActive":[],
      "killer":{
        "playerName":"Fidgug"
      }
    },
    "0-757":{
      "refId":"nix-hound",
      "location":{
        "posY":152448.984375,
        "posZ":746.51501464844,
        "rotX":0.18791487812996,
        "rotZ":-1.8218948841095,
        "rotY":0,
        "posX":-35177.23828125
      },
      "stats":{
        "fatigueBase":400,
        "fatigueCurrent":395.92391967773,
        "fatigueModified":400,
        "healthCurrent":0,
        "magickaBase":10,
        "healthBase":23,
        "healthModified":23,
        "magickaModified":10,
        "magickaCurrent":10
      },
      "inventory":[{
          "refId":"ingred_hound_meat_01",
          "count":1,
          "charge":-1,
          "enchantmentCharge":-1,
          "soul":""
        }],
      "deathState":38,
      "killer":{
        "playerName":"Fidgug"
      }
    },
    "0-758":{
      "refId":"scamp",
      "location":{
        "posY":149142.390625,
        "posZ":1206.4288330078,
        "rotX":0.026981417089701,
        "rotZ":2.8996918201447,
        "rotY":0,
        "posX":-36687.7734375
      },
      "stats":{
        "fatigueBase":400,
        "fatigueCurrent":400,
        "fatigueModified":400,
        "healthCurrent":45,
        "magickaBase":100,
        "healthBase":45,
        "healthModified":45,
        "magickaModified":100,
        "magickaCurrent":100
      },
      "inventory":[{
          "refId":"ingred_scamp_skin_01",
          "count":1,
          "charge":-1,
          "enchantmentCharge":-1,
          "soul":""
        }]
    },
    "0-777":{
      "refId":"rat",
      "location":{
        "posY":152401.078125,
        "posZ":828.66198730469,
        "rotX":0.18877094984055,
        "rotZ":-0.91516757011414,
        "rotY":0,
        "posX":-34892.41796875
      },
      "stats":{
        "fatigueBase":300,
        "fatigueCurrent":298.48101806641,
        "fatigueModified":300,
        "healthCurrent":0,
        "magickaBase":10,
        "healthBase":23,
        "healthModified":23,
        "magickaModified":10,
        "magickaCurrent":10
      },
      "inventory":[{
          "refId":"ingred_rat_meat_01",
          "count":1,
          "charge":-1,
          "enchantmentCharge":-1,
          "soul":""
        }],
      "deathState":38,
      "killer":{
        "playerName":"Fidgug"
      }
    },
    "0-778":{
      "refId":"db_assassin1",
      "location":{
        "posY":152587.84375,
        "posZ":726.21148681641,
        "rotX":0.33896633982658,
        "rotZ":0.6849148273468,
        "rotY":0,
        "posX":-34691.1015625
      },
      "stats":{
        "fatigueBase":164,
        "fatigueCurrent":164,
        "fatigueModified":164,
        "healthCurrent":0,
        "magickaBase":106,
        "healthBase":50,
        "healthModified":50,
        "magickaModified":106,
        "magickaCurrent":106
      },
      "equipment":[],
      "inventory":[],
      "deathState":46,
      "killer":{
        "playerName":"Fidgug"
      }
    },
    "0-779":{
      "refId":"rat",
      "location":{
        "posY":152823.75,
        "posZ":573.67041015625,
        "rotX":-0.52817302942276,
        "rotZ":-2.9957821369171,
        "rotY":0,
        "posX":-34501.90234375
      },
      "stats":{
        "fatigueBase":300,
        "fatigueCurrent":300,
        "fatigueModified":300,