{
  "packets":{
    "actorList":["0-750","0-751","0-752","0-753","0-754","0-755","0-756","0-757","0-758","0-777","0-778","0-779"],
    "ai":[],
    "cellChangeFrom":[],
    "cellChangeTo":[],
    "container":["297266-0","297267-0","297268-0","297269-0","297270-0","297273-0","297276-0","297277-0","297278-0","297279-0","0-750","0-751","0-752","0-753","0-754","0-755","0-756","0-757","0-758","0-777","0-778","0-779"],
    "death":["0-754","0-755","0-753","0-750","0-756","0-757","0-778","0-777","0-779"],
    "delete":[],
    "doorState":[],
    "equipment":["0-778"],
    "lock":[],
    "place":[],
    "position":["0-750","0-751","0-752","0-753","0-754","0-755","0-756","0-757","0-758","0-777","0-778","0-779"],
    "scale":[],
    "spawn":["0-750","0-751","0-752","0-753","0-754","0-755","0-756","0-757","0-758","0-777","0-778","0-779"],
    "state":[],
    "statsDynamic":["0-750","0-751","0-752","0-753","0-754","0-755","0-756","0-757","0-758","0-777","0-778","0-779"],
    "trap":[],
    "clientScriptLocal":[],
    "spellsActive":["0-753","0-750"],
    "miscellaneous":[]
  },
  "entry":{
    "creationTime":1716741429,
    "description":"-5, 18"
  },
  "lastVisit":{
    "Fidgug":1717182877,
    "Benoit":1717182875
  },
  "recordLinks":[],
  "objectData":{
    "0-777":{
      "refId":"rat",
      "location":{
        "posX":-34892.41796875,
        "posY":152401.078125,
        "posZ":828.66198730469,
        "rotX":0.18877094984055,
        "rotZ":-0.91516757011414,
        "rotY":0
      },
      "stats":{
        "magickaCurrent":10,
        "fatigueBase":300,
        "fatigueCurrent":298.48101806641,
        "fatigueModified":300,
        "magickaBase":10,
        "healthModified":23,
        "healthBase":23,
        "healthCurrent":0,
        "magickaModified":10
      },
      "inventory":[{
          "refId":"ingred_rat_meat_01",
          "count":1,
          "charge":-1,
          "enchantmentCharge":-1,
          "soul":""
        }],
      "deathState":38,
      "killer":{
        "playerName":"Fidgug"
      }
    },
    "0-750":{
      "refId":"scamp",
      "location":{
        "posX":-35955.96484375,
        "posY":152301.015625,
        "posZ":658.69079589844,
        "rotX":-0.31605204939842,
        "rotZ":-2.0264842510223,
        "rotY":0
      },
      "stats":{
        "magickaCurrent":100,
        "fatigueBase":400,
        "fatigueCurrent":392.38491821289,
        "fatigueModified":400,
        "magickaBase":100,
        "healthModified":45,
        "healthBase":45,
        "healthCurrent":0,
        "magickaModified":100
      },
      "inventory":[],
      "spellsActive":{
        "cloudcleaver_unique":[{
            "displayName":"Cloudcleaver",
            "stackingState":false,
            "startTime":1717182459,
            "caster":{
              "playerName":"Fidgug"
            },
            "effects":[{
                "arg":-1,
                "duration":1,
                "id":15,
                "timeLeft":1,
                "magnitude":10
              }]
          }]
      },
      "deathState":38,
      "killer":{
        "playerName":"Fidgug"
      }
    },
    "0-751":{
      "refId":"scamp",
      "location":{
        "posX":-33730.734375,
        "posY":148437.09375,
        "posZ":597.53076171875,
        "rotX":0.093602865934372,
        "rotZ":-1.4339482784271,
        "rotY":0
      },
      "stats":{
        "magickaCurrent":100,
        "fatigueBase":400,
        "fatigueCurrent":400,
        "fatigueModified":400,
        "magickaBase":100,
        "healthModified":45,
        "healthBase":45,
        "healthCurrent":45,
        "magickaModified":100
      },
      "inventory":[{
          "refId":"ingred_scamp_skin_01",
          "count":1,
          "charge":-1,
          "enchantmentCharge":-1,
          "soul":""
        }]
    },
    "0-752":{
      "refId":"scamp",
      "location":{
        "posX":-33404.265625,
        "posY":149033.921875,
        "posZ":694.12359619141,
        "rotX":0.15850646793842,
        "rotZ":-2.410787820816,
        "rotY":0
      },
      "stats":{
        "magickaCurrent":100,
        "fatigueBase":400,
        "fatigueCurrent":400,
        "fatigueModified":400,
        "magickaBase":100,
        "healthModified":45,
        "healthBase":45,
        "healthCurrent":45,
        "magickaModified":100
      },
      "inventory":[{
          "refId":"ingred_scamp_skin_01",
          "count":1,
          "charge":-1,
          "enchantmentCharge":-1,
          "soul":""
        }]
    },
    "0-753":{
      "refId":"scamp",
      "location":{
        "posX":-38146.265625,
        "posY":152004.625,
        "posZ":829.50177001953,
        "rotX":0.042777694761753,
        "rotZ":-1.8541882038116,
        "rotY":0
      },
      "stats":{
        "magickaCurrent":100,
        "fatigueBase":400,
        "fatigueCurrent":393.72827148438,
        "fatigueModified":400,
        "magickaBase":100,
        "healthModified":45,
        "healthBase":45,
        "healthCurrent":0,
        "magickaModified":100
      },
      "inventory":[],
      "spellsActive":{
        "cloudcleaver_unique":[{
            "caster":{
              "playerName":"Fidgug"
            },
            "stackingState":false,
            "displayName":"Cloudcleaver",
            "startTime":1717182437,
            "effects":[{
                "arg":-1,
                "duration":1,
                "id":15,
                "timeLeft":1,
                "magnitude":1.5
              }]
          }]
      },
      "deathState":38,
      "killer":{
        "playerName":"Fidgug"
      }
    },
    "0-754":{
      "refId":"clannfear",
      "location":{
        "posX":-40356.125,
        "posY":150369.25,
        "posZ":705.00067138672,
        "rotX":0.001000814139843,
        "rotZ":-2.3351442813873,
        "rotY":0
      },
      "stats":{
        "magickaCurrent":100,
        "fatigueBase":500,
        "fatigueCurrent":498.20263671875,
        "fatigueModified":500,
        "magickaBase":100,
        "healthModified":113,
        "healthBase":113,
        "healthCurrent":0,
        "magickaModified":100
      },
      "inventory":[],
      "killer":{
        "playerName":"Fidgug"
      },
      "deathState":38
    },
    "0-755":{
      "refId":"clannfear",
      "location":{
        "posX":-40805.3984375,
        "posY":150263.875,
        "posZ":689.00067138672,
        "rotX":0.011928432621062,
        "rotZ":1.725964307785,
        "rotY":0
      },
      "stats":{
        "magickaCurrent":100,
        "fatigueBase":500,
        "fatigueCurrent":498.73455810547,
        "fatigueModified":500,
        "magickaBase":100,
        "healthModified":113,
        "healthBase":113,
        "healthCurrent":0,
        "magickaModified":100
      },
      "inventory":[],
      "killer":{
        "playerName":"Fidgug"
      },
      "deathState":38
    },
    "0-756":{
      "refId":"nix-hound blighted",
      "location":{
        "posX":-35515.80078125,
        "posY":152330.46875,
        "posZ":727.20916748047,
        "rotX":0.12424778938293,
        "rotZ":-1.6068012714386,
        "rotY":0
      },
      "stats":{
        "magickaCurrent":10,
        "fatigueBase":190,
        "fatigueCurrent":190,
        "fatigueModified":190,
        "magickaBase":10,
        "healthModified":68,
        "healthBase":68,
        "healthCurrent":0,
        "magickaModified":10
      },
      "inventory":[{
          "refId":"ingred_hound_meat_01",
          "count":2,
          "charge":-1,
          "enchantmentCharge":-1,
          "soul":""
        }],
      "spellsActive":[],
      "deathState":38,
      "killer":{
        "playerName":"Fidgug"
      }
    },
    "0-757":{
      "refId":"nix-hound",
      "location":{
        "posX":-35177.23828125,
        "posY":152448.984375,
        "posZ":746.51501464844,
        "rotX":0.18791487812996,
        "rotZ":-1.8218948841095,
        "rotY":0
      },