{
  "packets":{
    "actorList":["0-446","261837-0","0-445","0-447"],
    "ai":[],
    "cellChangeFrom":[],
    "cellChangeTo":[],
    "container":["183415-0","183424-0","183425-0","183426-0","183430-0","183434-0","183435-0","183460-0","183461-0","183462-0","183463-0","183464-0","183465-0","183466-0","183467-0","183468-0","261837-0","0-446","0-445","0-447"],
    "death":["0-446","0-445"],
    "delete":[],
    "doorState":[],
    "equipment":["261837-0"],
    "lock":[],
    "place":[],
    "position":["261837-0","0-446","0-445","0-447"],
    "scale":[],
    "spawn":["0-446","0-445","0-447"],
    "state":[],
    "statsDynamic":["261837-0","0-446","0-445","0-447"],
    "trap":[],
    "miscellaneous":["261837-0"],
    "clientScriptLocal":[],
    "spellsActive":[]
  },
  "entry":{
    "description":"-5, 6",
    "creationTime":1715977329
  },
  "lastVisit":{
    "Fidgug":1715978972,
    "Benoit":1715978976
  },
  "recordLinks":[],
  "objectData":{
    "0-446":{
      "refId":"rat_blighted",
      "location":{
        "posX":-38221.06640625,
        "posY":49605.76953125,
        "posZ":2797.8127441406,
        "rotX":-0.26835536956787,
        "rotZ":2.2646353244781,
        "rotY":0
      },
      "stats":{
        "healthBase":45,
        "healthCurrent":0,
        "magickaBase":10,
        "magickaCurrent":10,
        "fatigueBase":125,
        "fatigueCurrent":121.75521850586,
        "healthModified":45,
        "magickaModified":10,
        "fatigueModified":125
      },
      "inventory":[],
      "spellsActive":[],
      "deathState":38,
      "killer":{
        "playerName":"Fidgug"
      }
    },
    "261837-0":{
      "refId":"hisin deep-raed",
      "location":{
        "posX":-37748.8828125,
        "posY":53020.8515625,
        "posZ":2281,
        "rotX":-0.033333331346512,
        "rotZ":0.86666655540466,
        "rotY":0
      },
      "stats":{
        "healthBase":112,
        "healthCurrent":112,
        "magickaBase":76,
        "magickaCurrent":76,
        "fatigueBase":249,
        "fatigueCurrent":249,
        "healthModified":112,
        "magickaModified":76,
        "fatigueModified":249
      },
      "equipment":{
        "5":{
          "refId":"fur_gauntlet_left",
          "count":1,
          "charge":-1,
          "enchantmentCharge":-1
        },
        "6":{
          "refId":"fur_gauntlet_right",
          "count":1,
          "charge":-1,
          "enchantmentCharge":-1
        },
        "7":{
          "refId":"fur_boots",
          "count":1,
          "charge":-1,
          "enchantmentCharge":-1
        },
        "16":{
          "refId":"nordic battle axe",
          "count":1,
          "charge":-1,
          "enchantmentCharge":-1
        }
      },
      "inventory":[{
          "refId":"fur_gauntlet_right",
          "count":1,
          "charge":-1,
          "enchantmentCharge":-1,
          "soul":""
        },{
          "refId":"fur_gauntlet_left",
          "count":1,
          "charge":-1,
          "enchantmentCharge":-1,
          "soul":""
        },{
          "refId":"fur_boots",
          "count":1,
          "charge":-1,
          "enchantmentCharge":-1,
          "soul":""
        },{
          "refId":"gold_001",
          "count":28,
          "charge":-1,
          "enchantmentCharge":-1,
          "soul":""
        },{
          "refId":"nordic battle axe",
          "count":1,
          "charge":-1,
          "enchantmentCharge":-1,
          "soul":""
        }],
      "lastGoldRestockHour":13.661205291748,
      "lastGoldRestockDay":15,
      "goldPool":0
    },
    "0-445":{
      "refId":"nix-hound",
      "location":{
        "posX":-40253.47265625,
        "posY":56862.84765625,
        "posZ":3108.9479980469,
        "rotX":0.93222665786743,
        "rotZ":2.0561068058014,
        "rotY":0
      },
      "stats":{
        "healthBase":23,
        "healthCurrent":0,
        "magickaBase":10,
        "magickaCurrent":10,
        "fatigueBase":400,
        "fatigueCurrent":398.83120727539,
        "healthModified":23,
        "magickaModified":10,
        "fatigueModified":400
      },
      "inventory":[],
      "spellsActive":[],
      "deathState":38,
      "killer":{
        "playerName":"Benoit"
      }
    },
    "0-447":{
      "refId":"kwama forager",
      "location":{
        "posX":-36261.19140625,
        "posY":56544.5625,
        "posZ":3355.1535644531,
        "rotX":0.80270010232925,
        "rotZ":-1.9380004405975,
        "rotY":0
      },
      "stats":{
        "healthBase":23,
        "healthCurrent":23,
        "magickaBase":15,
        "magickaCurrent":15,
        "fatigueBase":300,
        "fatigueCurrent":300,
        "healthModified":23,
        "magickaModified":15,
        "fatigueModified":300
      },
      "inventory":[{
          "refId":"ingred_kwama_cuttle_01",
          "count":1,
          "charge":-1,
          "enchantmentCharge":-1,
          "soul":""
        }]
    },
    "183415-0":{
      "refId":"contain_trama_shrub_02",
      "inventory":[{
          "refId":"ingred_trama_root_01",
          "count":3,
          "charge":-1,
          "enchantmentCharge":-1,
          "soul":""
        }]
    },
    "183424-0":{
      "refId":"flora_fire_fern_01",
      "inventory":[{
          "refId":"ingred_fire_petal_01",
          "count":1,
          "charge":-1,
          "enchantmentCharge":-1,
          "soul":""
        }]
    },
    "183425-0":{
      "refId":"flora_red_lichen_01",
      "inventory":[{
          "refId":"ingred_red_lichen_01",
          "count":1,
          "charge":-1,
          "enchantmentCharge":-1,
          "soul":""
        }]
    },
    "183426-0":{
      "refId":"flora_red_lichen_02",
      "inventory":[{
          "refId":"ingred_red_lichen_01",
          "count":1,
          "charge":-1,
          "enchantmentCharge":-1,
          "soul":""
        }]
    },
    "183430-0":{
      "refId":"contain_trama_shrub_05",
      "inventory":[{
          "refId":"ingred_trama_root_01",
          "count":2,
          "charge":-1,
          "enchantmentCharge":-1,
          "soul":""
        }]
    },
    "183434-0":{
      "refId":"contain_trama_shrub_02",
      "inventory":[{
          "refId":"ingred_trama_root_01",
          "count":3,
          "charge":-1,
          "enchantmentCharge":-1,
          "soul":""
        }]
    },
    "183435-0":{
      "refId":"contain_trama_shrub_06",
      "inventory":[{
          "refId":"ingred_trama_root_01",
          "count":2,
          "charge":-1,
          "enchantmentCharge":-1,
          "soul":""
        }]
    },
    "183460-0":{
      "refId":"tramaroot_03",
      "inventory":[{
          "refId":"ingred_trama_root_01",
          "count":1,
          "charge":-1,
          "enchantmentCharge":-1,
          "soul":""
        }]
    },
    "183461-0":{
      "refId":"tramaroot_01",
      "inventory":[{
          "refId":"ingred_trama_root_01",
          "count":2,
          "charge":-1,
          "enchantmentCharge":-1,
          "soul":""
        }]
    },
    "183462-0":{
      "refId":"tramaroot_06",
      "inventory":[]
    },
    "183463-0":{
      "refId":"tramaroot_02",
      "inventory":[{
          "refId":"ingred_trama_root_01",
          "count":1,
          "charge":-1,
          "enchantmentCharge":-1,
          "soul":""
        }]
    },
    "183464-0":{
      "refId":"tramaroot_01",
      "inventory":[{
          "refId":"ingred_trama_root_01",
          "count":2,
          "charge":-1,
          "enchantmentCharge":-1,
          "soul":""
        }]
    },
    "183465-0":{
      "refId":"tramaroot_03",
      "inventory":[{
          "refId":"ingred_trama_root_01",
          "count":1,
          "charge":-1,
          "enchantmentCharge":-1,
          "soul":""
        }]
    },
    "183466-0":{
      "refId":"tramaroot_06",
      "inventory":[]
    },
    "183467-0":{
      "refId":"flora_rm_scathecraw_01",