{
  "packets":{
    "actorList":["0-750","0-751","0-752","0-753","0-754","0-755","0-756","0-757","0-758","0-777","0-778","0-779"],
    "ai":[],
    "cellChangeFrom":[],
    "cellChangeTo":[],
    "container":["297266-0","297267-0","297268-0","297269-0","297270-0","297273-0","297276-0","297277-0","297278-0","297279-0","0-750","0-751","0-752","0-753","0-754","0-755","0-756","0-757","0-758","0-777","0-778","0-779"],
    "death":["0-754","0-755","0-753","0-750","0-756","0-757","0-778","0-777","0-779"],
    "delete":[],
    "doorState":[],
    "equipment":["0-778"],
    "lock":[],
    "place":[],
    "position":["0-750","0-751","0-752","0-753","0-754","0-755","0-756","0-757","0-758","0-777","0-778","0-779"],
    "scale":[],
    "spawn":["0-750","0-751","0-752","0-753","0-754","0-755","0-756","0-757","0-758","0-777","0-778","0-779"],
    "state":[],
    "statsDynamic":["0-750","0-751","0-752","0-753","0-754","0-755","0-756","0-757","0-758","0-777","0-778","0-779"],
    "trap":[],
    "clientScriptLocal":[],
    "spellsActive":[],
    "miscellaneous":[]
  },
  "entry":{
    "description":"-5, 18",
    "creationTime":1716741429
  },
  "lastVisit":{
    "Benoit":1719601117,
    "Fidgug":1719601119
  },
  "recordLinks":[],
  "objectData":{
    "0-756":{
      "refId":"nix-hound blighted",
      "location":{
        "posX":-35515.80078125,
        "posY":152330.46875,
        "posZ":727.20916748047,
        "rotX":0.12424778938293,
        "rotY":0,
        "rotZ":-1.6068012714386
      },
      "stats":{
        "magickaCurrent":10,
        "fatigueBase":190,
        "fatigueCurrent":190,
        "healthModified":68,
        "magickaModified":10,
        "fatigueModified":190,
        "healthBase":68,
        "healthCurrent":0,
        "magickaBase":10
      },
      "inventory":[{
          "refId":"ingred_hound_meat_01",
          "count":2,
          "charge":-1,
          "enchantmentCharge":-1,
          "soul":""
        }],
      "killer":{
        "playerName":"Fidgug"
      },
      "spellsActive":[],
      "deathState":38
    },
    "0-757":{
      "refId":"nix-hound",
      "location":{
        "posX":-35177.23828125,
        "posY":152448.984375,
        "posZ":746.51501464844,
        "rotX":0.18791487812996,
        "rotY":0,
        "rotZ":-1.8218948841095
      },
      "stats":{
        "magickaCurrent":10,
        "fatigueBase":400,
        "fatigueCurrent":395.92391967773,
        "healthModified":23,
        "magickaModified":10,
        "fatigueModified":400,
        "healthBase":23,
        "healthCurrent":0,
        "magickaBase":10
      },
      "inventory":[{
          "refId":"ingred_hound_meat_01",
          "count":1,
          "charge":-1,
          "enchantmentCharge":-1,
          "soul":""
        }],
      "killer":{
        "playerName":"Fidgug"
      },
      "deathState":38
    },
    "0-758":{
      "refId":"scamp",
      "location":{
        "posX":-36685.18359375,
        "posY":149142.140625,
        "posZ":1206.4288330078,
        "rotX":0.062852755188942,
        "rotY":0,
        "rotZ":2.9964330196381
      },
      "stats":{
        "magickaCurrent":100,
        "fatigueBase":400,
        "fatigueCurrent":400,
        "healthModified":45,
        "magickaModified":100,
        "fatigueModified":400,
        "healthBase":45,
        "healthCurrent":45,
        "magickaBase":100
      },
      "inventory":[{
          "refId":"ingred_scamp_skin_01",
          "count":1,
          "charge":-1,
          "enchantmentCharge":-1,
          "soul":""
        }]
    },
    "0-777":{
      "refId":"rat",
      "location":{
        "posX":-34892.41796875,
        "posY":152401.078125,
        "posZ":828.66198730469,
        "rotX":0.18877094984055,
        "rotY":0,
        "rotZ":-0.91516757011414
      },
      "stats":{
        "magickaCurrent":10,
        "fatigueBase":300,
        "fatigueCurrent":298.48101806641,
        "healthModified":23,
        "magickaModified":10,
        "fatigueModified":300,
        "healthBase":23,
        "healthCurrent":0,
        "magickaBase":10
      },
      "inventory":[{
          "refId":"ingred_rat_meat_01",
          "count":1,
          "charge":-1,
          "enchantmentCharge":-1,
          "soul":""
        }],
      "killer":{
        "playerName":"Fidgug"
      },
      "deathState":38
    },
    "0-778":{
      "refId":"db_assassin1",
      "location":{
        "posX":-34691.1015625,
        "posY":152587.84375,
        "posZ":726.21148681641,
        "rotX":0.33896633982658,
        "rotY":0,
        "rotZ":0.6849148273468
      },
      "stats":{
        "magickaCurrent":106,
        "fatigueBase":164,
        "fatigueCurrent":164,
        "healthModified":50,
        "magickaModified":106,
        "fatigueModified":164,
        "healthBase":50,
        "healthCurrent":0,
        "magickaBase":106
      },
      "equipment":[],
      "inventory":[],
      "killer":{
        "playerName":"Fidgug"
      },
      "deathState":46
    },
    "0-779":{
      "refId":"rat",
      "location":{
        "posX":-34501.90234375,
        "posY":152823.75,
        "posZ":573.67041015625,
        "rotX":-0.52817302942276,
        "rotY":0,
        "rotZ":-2.9957821369171
      },
      "stats":{
        "magickaCurrent":10,
        "fatigueBase":300,
        "fatigueCurrent":300,
        "healthModified":23,
        "magickaModified":10,
        "fatigueModified":300,
        "healthBase":23,
        "healthCurrent":0,
        "magickaBase":10
      },
      "inventory":[],
      "killer":{
        "playerName":"Fidgug"
      },
      "deathState":38
    },
    "297266-0":{
      "refId":"flora_rm_scathecraw_01",
      "inventory":[{
          "refId":"ingred_scathecraw_01",
          "count":1,
          "charge":-1,
          "enchantmentCharge":-1,
          "soul":""
        }]
    },
    "297267-0":{
      "refId":"tramaroot_02",
      "inventory":[{
          "refId":"ingred_trama_root_01",
          "count":1,
          "charge":-1,
          "enchantmentCharge":-1,
          "soul":""
        }]
    },
    "297268-0":{
      "refId":"tramaroot_05",
      "inventory":[]
    },
    "297269-0":{
      "refId":"tramaroot_06",
      "inventory":[]
    },
    "297270-0":{
      "refId":"flora_fire_fern_01",
      "inventory":[{
          "refId":"ingred_fire_petal_01",
          "count":1,
          "charge":-1,
          "enchantmentCharge":-1,
          "soul":""
        }]
    },
    "297273-0":{
      "refId":"flora_rm_scathecraw_01",
      "inventory":[{
          "refId":"ingred_scathecraw_01",
          "count":1,
          "charge":-1,
          "enchantmentCharge":-1,
          "soul":""
        }]
    },
    "297276-0":{
      "refId":"tramaroot_02",
      "inventory":[]
    },
    "297277-0":{
      "refId":"tramaroot_05",
      "inventory":[{
          "refId":"ingred_trama_root_01",
          "count":1,
          "charge":-1,
          "enchantmentCharge":-1,
          "soul":""
        }]
    },
    "297278-0":{
      "refId":"tramaroot_03",
      "inventory":[{
          "refId":"ingred_trama_root_01",
          "count":1,
          "charge":-1,
          "enchantmentCharge":-1,
          "soul":""
        }]
    },
    "297279-0":{
      "refId":"tramaroot_02",
      "inventory":[{
          "refId":"ingred_trama_root_01",
          "count":1,
          "charge":-1,
          "enchantmentCharge":-1,
          "soul":""
        }]
    },
    "0-752":{
      "refId":"scamp",
      "location":{
        "posX":-33623.25,
        "posY":149888.546875,
        "posZ":705,
        "rotX":0.0025799311697483,
        "rotY":0,
        "rotZ":2.3997957706451
      },
      "stats":{
        "magickaCurrent":100,
        "fatigueBase":400,
        "fatigueCurrent":400,
        "healthModified":45,
        "magickaModified":100,
        "fatigueModified":400,
        "healthBase":45,
        "healthCurrent":45,
        "magickaBase":100
      },