{
  "packets":{
    "actorList":["0-553","0-552","0-578","0-579","0-580","0-581","0-583","0-584"],
    "ai":[],
    "cellChangeFrom":[],
    "cellChangeTo":["295111-0"],
    "container":["300511-0","300512-0","300513-0","0-553","0-552","0-578","0-579","0-580","0-581","0-583","0-584"],
    "death":["0-553","0-578","0-552","0-579","0-580","0-581","0-583","0-584"],
    "delete":[],
    "doorState":[],
    "equipment":["0-579","0-581","0-583","0-584"],
    "lock":[],
    "place":["0-582"],
    "position":["0-552","0-553","0-578","0-579","0-580","0-581","0-583","0-584"],
    "scale":[],
    "spawn":["0-553","0-552","0-578","0-579","0-580","0-581","0-583","0-584"],
    "state":[],
    "statsDynamic":["0-552","0-553","0-578","0-579","0-580","0-581","0-583","0-584"],
    "trap":[],
    "miscellaneous":[],
    "clientScriptLocal":[],
    "spellsActive":[]
  },
  "entry":{
    "description":"-5, 12",
    "creationTime":1716737263
  },
  "lastVisit":{
    "Benoit":1716737918,
    "Fidgug":1716737919
  },
  "recordLinks":[],
  "objectData":{
    "295111-0":{
      "cellChangeTo":"-6, 16"
    },
    "300511-0":{
      "refId":"flora_rm_scathecraw_01",
      "inventory":[{
          "refId":"ingred_scathecraw_01",
          "count":1,
          "charge":-1,
          "enchantmentCharge":-1,
          "soul":""
        }]
    },
    "300512-0":{
      "refId":"flora_rm_scathecraw_02",
      "inventory":[{
          "refId":"ingred_scathecraw_01",
          "count":1,
          "charge":-1,
          "enchantmentCharge":-1,
          "soul":""
        }]
    },
    "0-553":{
      "refId":"cliff racer_diseased",
      "location":{
        "rotZ":-2.3123128414154,
        "posY":103715.375,
        "posX":-35730.91015625,
        "rotY":0,
        "posZ":2897.8798828125,
        "rotX":1.2916392087936
      },
      "stats":{
        "healthModified":45,
        "magickaModified":20,
        "fatigueModified":180,
        "healthBase":45,
        "healthCurrent":0,
        "magickaBase":20,
        "magickaCurrent":20,
        "fatigueBase":180,
        "fatigueCurrent":180
      },
      "inventory":[],
      "deathState":38,
      "killer":{
        "playerName":"Fidgug"
      },
      "spellsActive":[]
    },
    "0-552":{
      "refId":"alit_diseased",
      "location":{
        "rotZ":2.9484798908234,
        "posY":104590.4140625,
        "posX":-35501.390625,
        "rotY":0,
        "posZ":2451.5415039063,
        "rotX":-0.31076607108116
      },
      "stats":{
        "healthModified":30,
        "magickaModified":75,
        "fatigueModified":190,
        "healthBase":30,
        "healthCurrent":0,
        "magickaBase":75,
        "magickaCurrent":72,
        "fatigueBase":190,
        "fatigueCurrent":183.88119506836
      },
      "inventory":[{
          "refId":"ingred_alit_hide_01",
          "count":1,
          "charge":-1,
          "enchantmentCharge":-1,
          "soul":""
        }],
      "deathState":38,
      "killer":{
        "playerName":"Fidgug"
      }
    },
    "0-578":{
      "refId":"kagouti",
      "location":{
        "rotZ":3.0919706821442,
        "posY":104545.609375,
        "posX":-35419.2734375,
        "rotY":0,
        "posZ":2452.7678222656,
        "rotX":-0.081936568021774
      },
      "stats":{
        "healthModified":45,
        "magickaModified":10,
        "fatigueModified":400,
        "healthBase":45,
        "healthCurrent":0,
        "magickaBase":10,
        "magickaCurrent":10,
        "fatigueBase":400,
        "fatigueCurrent":399.29772949219
      },
      "inventory":[{
          "refId":"ingred_kagouti_hide_01",
          "count":1,
          "charge":-1,
          "enchantmentCharge":-1,
          "soul":""
        }],
      "deathState":38,
      "killer":{
        "playerName":"Fidgug"
      }
    },
    "0-582":{
      "refId":"steel flameaxe",
      "location":{
        "rotZ":3.0319812297821,
        "posY":103032.4375,
        "posX":-36117.9609375,
        "rotY":0,
        "posZ":2809.2316894531,
        "rotX":0
      }
    },
    "0-580":{
      "refId":"alit_diseased",
      "location":{
        "rotZ":-2.894912481308,
        "posY":103370.265625,
        "posX":-35292.15625,
        "rotY":0,
        "posZ":2797.0444335938,
        "rotX":0.28002509474754
      },
      "stats":{
        "healthModified":30,
        "magickaModified":75,
        "fatigueModified":190,
        "healthBase":30,
        "healthCurrent":0,
        "magickaBase":75,
        "magickaCurrent":66,
        "fatigueBase":190,
        "fatigueCurrent":189.32829284668
      },
      "inventory":[{
          "refId":"ingred_alit_hide_01",
          "count":1,
          "charge":-1,
          "enchantmentCharge":-1,
          "soul":""
        }],
      "deathState":38,
      "killer":{
        "playerName":"Fidgug"
      }
    },
    "0-581":{
      "refId":"db_assassin1",
      "location":{
        "rotZ":0.6067259311676,
        "posY":103129.484375,
        "posX":-36233.87890625,
        "rotY":0,
        "posZ":2832.3479003906,
        "rotX":-0.14482954144478
      },
      "stats":{
        "healthModified":50,
        "magickaModified":106,
        "fatigueModified":164,
        "healthBase":50,
        "healthCurrent":0,
        "magickaBase":106,
        "magickaCurrent":106,
        "fatigueBase":164,
        "fatigueCurrent":163.9517364502
      },
      "equipment":[],
      "inventory":[],
      "deathState":38,
      "killer":{
        "playerName":"Fidgug"
      }
    },
    "0-583":{
      "refId":"db_assassin1",
      "location":{
        "rotZ":2.096283197403,
        "posY":103410.765625,
        "posX":-35723.16015625,
        "rotY":0,
        "posZ":2860.8251953125,
        "rotX":0.1719069480896
      },
      "stats":{
        "healthModified":50,
        "magickaModified":106,
        "fatigueModified":164,
        "healthBase":50,
        "healthCurrent":0,
        "magickaBase":106,
        "magickaCurrent":106,
        "fatigueBase":164,
        "fatigueCurrent":163.88220214844
      },
      "equipment":[],
      "inventory":[],
      "deathState":41,
      "killer":{
        "playerName":"Fidgug"
      }
    },
    "0-584":{
      "refId":"db_assassin1",
      "location":{
        "rotZ":0.98142457008362,
        "posY":103405.3671875,
        "posX":-35694.75,
        "rotY":0,
        "posZ":2859.4519042969,
        "rotX":-0.065769612789154
      },
      "stats":{
        "healthModified":50,
        "magickaModified":106,
        "fatigueModified":164,
        "healthBase":50,
        "healthCurrent":0,
        "magickaBase":106,
        "magickaCurrent":106,
        "fatigueBase":164,
        "fatigueCurrent":164
      },
      "equipment":{
        "16":{
          "refId":"iron spider dagger",
          "count":1,
          "charge":-1,
          "enchantmentCharge":-1
        }
      },
      "inventory":[{
          "refId":"iron spider dagger",
          "count":1,
          "charge":499,
          "enchantmentCharge":36,
          "soul":""
        }],
      "deathState":46,
      "killer":{
        "playerName":"Fidgug"
      }
    },
    "300513-0":{
      "refId":"flora_rm_scathecraw_01",
      "inventory":[{
          "refId":"ingred_scathecraw_01",
          "count":1,
          "charge":-1,
          "enchantmentCharge":-1,
          "soul":""
        }]
    },
    "0-579":{
      "refId":"db_assassin1",
      "location":{
        "rotZ":1.93279337883,
        "posY":103272.453125,
        "posX":-35940.39453125,
        "rotY":0,
        "posZ":2810.8374023438,
        "rotX":0.051407866179943
      },
      "stats":{
        "healthModified":50,
        "magickaModified":106,
        "fatigueModified":164,
        "healthBase":50,
        "healthCurrent":0,
        "magickaBase":106,
        "magickaCurrent":106,
        "fatigueBase":164,
        "fatigueCurrent":142.42567443848
      },
      "equipment":{
        "16":{
          "refId":"iron spider dagger",