{
  "packets":{
    "actorList":["0-431","0-434","0-435","0-436","0-433"],
    "ai":[],
    "cellChangeFrom":[],
    "cellChangeTo":[],
    "container":["43569-0","43570-0","475477-0","475478-0","475508-0","475509-0","475510-0","475511-0","475512-0","475517-0","475518-0","475519-0","475520-0","475521-0","475522-0","475523-0","475524-0","475525-0","475526-0","475527-0","475528-0","475529-0","475530-0","475531-0","475532-0","475533-0","475534-0","475535-0","475536-0","475537-0","475538-0","475539-0","475540-0","0-431","0-433","0-434","0-435","0-436"],
    "death":[],
    "delete":[],
    "doorState":[],
    "equipment":[],
    "lock":[],
    "place":[],
    "position":["0-431","0-434","0-435","0-436","0-433"],
    "scale":[],
    "spawn":["0-431","0-434","0-435","0-436","0-433"],
    "state":[],
    "statsDynamic":["0-431","0-434","0-435","0-436","0-433"],
    "trap":[],
    "miscellaneous":[],
    "clientScriptLocal":[],
    "spellsActive":[]
  },
  "entry":{
    "description":"-5, 5",
    "creationTime":1715976815
  },
  "lastVisit":{
    "Benoit":1715978975,
    "Fidgug":1715978972
  },
  "recordLinks":[],
  "objectData":{
    "0-431":{
      "refId":"scrib",
      "location":{
        "posX":-34973.94140625,
        "posY":45528.125,
        "posZ":2345,
        "rotX":-0.014154724776745,
        "rotZ":-0.82634377479553,
        "rotY":0
      },
      "stats":{
        "healthBase":8,
        "healthCurrent":8,
        "magickaBase":12,
        "magickaCurrent":12,
        "fatigueBase":300,
        "fatigueCurrent":300,
        "healthModified":8,
        "magickaModified":12,
        "fatigueModified":300
      },
      "inventory":[{
          "refId":"ingred_scrib_jelly_01",
          "count":1,
          "charge":-1,
          "enchantmentCharge":-1,
          "soul":""
        }]
    },
    "0-434":{
      "refId":"scrib",
      "location":{
        "posX":-36849.6953125,
        "posY":41944.234375,
        "posZ":1728.3685302734,
        "rotX":-0.16089099645615,
        "rotZ":2.4132297039032,
        "rotY":0
      },
      "stats":{
        "healthBase":8,
        "healthCurrent":8,
        "magickaBase":12,
        "magickaCurrent":12,
        "fatigueBase":300,
        "fatigueCurrent":300,
        "healthModified":8,
        "magickaModified":12,
        "fatigueModified":300
      },
      "inventory":[{
          "refId":"ingred_scrib_jelly_01",
          "count":1,
          "charge":-1,
          "enchantmentCharge":-1,
          "soul":""
        }]
    },
    "0-435":{
      "refId":"scrib diseased",
      "location":{
        "posX":-36764.55078125,
        "posY":47059.53125,
        "posZ":2267.0744628906,
        "rotX":-0.081126540899277,
        "rotZ":0.38417649269104,
        "rotY":0
      },
      "stats":{
        "healthBase":8,
        "healthCurrent":8,
        "magickaBase":12,
        "magickaCurrent":12,
        "fatigueBase":72,
        "fatigueCurrent":72,
        "healthModified":8,
        "magickaModified":12,
        "fatigueModified":72
      },
      "inventory":[]
    },
    "0-436":{
      "refId":"scrib",
      "location":{
        "posX":-33943.61328125,
        "posY":45348.46875,
        "posZ":2265.2573242188,
        "rotX":-0.015720166265965,
        "rotZ":-3.1162431240082,
        "rotY":0
      },
      "stats":{
        "healthBase":8,
        "healthCurrent":8,
        "magickaBase":12,
        "magickaCurrent":12,
        "fatigueBase":300,
        "fatigueCurrent":300,
        "healthModified":8,
        "magickaModified":12,
        "fatigueModified":300
      },
      "inventory":[]
    },
    "0-433":{
      "refId":"rat",
      "location":{
        "posX":-40247.1171875,
        "posY":41297.30859375,
        "posZ":1817.4084472656,
        "rotX":-0.03442670404911,
        "rotZ":2.5332772731781,
        "rotY":0
      },
      "stats":{
        "healthBase":23,
        "healthCurrent":23,
        "magickaBase":10,
        "magickaCurrent":10,
        "fatigueBase":300,
        "fatigueCurrent":300,
        "healthModified":23,
        "magickaModified":10,
        "fatigueModified":300
      },
      "inventory":[]
    },
    "43569-0":{
      "refId":"flora_chokeweed_02",
      "inventory":[{
          "refId":"ingred_chokeweed_01",
          "count":1,
          "charge":-1,
          "enchantmentCharge":-1,
          "soul":""
        }]
    },
    "43570-0":{
      "refId":"flora_chokeweed_02",
      "inventory":[{
          "refId":"ingred_chokeweed_01",
          "count":1,
          "charge":-1,
          "enchantmentCharge":-1,
          "soul":""
        }]
    },
    "475477-0":{
      "refId":"flora_kreshweed_02",
      "inventory":[{
          "refId":"ingred_kresh_fiber_01",
          "count":1,
          "charge":-1,
          "enchantmentCharge":-1,
          "soul":""
        }]
    },
    "475478-0":{
      "refId":"flora_kreshweed_01",
      "inventory":[]
    },
    "475508-0":{
      "refId":"flora_kreshweed_01",
      "inventory":[{
          "refId":"ingred_kresh_fiber_01",
          "count":1,
          "charge":-1,
          "enchantmentCharge":-1,
          "soul":""
        }]
    },
    "475509-0":{
      "refId":"flora_kreshweed_02",
      "inventory":[{
          "refId":"ingred_kresh_fiber_01",
          "count":1,
          "charge":-1,
          "enchantmentCharge":-1,
          "soul":""
        }]
    },
    "475510-0":{
      "refId":"flora_kreshweed_03",
      "inventory":[{
          "refId":"ingred_kresh_fiber_01",
          "count":1,
          "charge":-1,
          "enchantmentCharge":-1,
          "soul":""
        }]
    },
    "475511-0":{
      "refId":"flora_kreshweed_01",
      "inventory":[]
    },
    "475512-0":{
      "refId":"flora_chokeweed_02",
      "inventory":[{
          "refId":"ingred_chokeweed_01",
          "count":1,
          "charge":-1,
          "enchantmentCharge":-1,
          "soul":""
        }]
    },
    "475517-0":{
      "refId":"flora_kreshweed_03",
      "inventory":[{
          "refId":"ingred_kresh_fiber_01",
          "count":1,
          "charge":-1,
          "enchantmentCharge":-1,
          "soul":""
        }]
    },
    "475518-0":{
      "refId":"flora_roobrush_02",
      "inventory":[{
          "refId":"ingred_roobrush_01",
          "count":1,
          "charge":-1,
          "enchantmentCharge":-1,
          "soul":""
        }]
    },
    "475519-0":{
      "refId":"flora_kreshweed_02",
      "inventory":[{
          "refId":"ingred_kresh_fiber_01",
          "count":1,
          "charge":-1,
          "enchantmentCharge":-1,
          "soul":""
        }]
    },
    "475520-0":{
      "refId":"flora_chokeweed_02",
      "inventory":[{
          "refId":"ingred_chokeweed_01",
          "count":1,
          "charge":-1,
          "enchantmentCharge":-1,
          "soul":""
        }]
    },
    "475521-0":{
      "refId":"flora_chokeweed_02",
      "inventory":[{
          "refId":"ingred_chokeweed_01",
          "count":1,
          "charge":-1,
          "enchantmentCharge":-1,
          "soul":""
        }]
    },
    "475522-0":{
      "refId":"flora_chokeweed_02",
      "inventory":[{
          "refId":"ingred_chokeweed_01",
          "count":1,
          "charge":-1,
          "enchantmentCharge":-1,
          "soul":""
        }]
    },
    "475523-0":{
      "refId":"flora_kreshweed_03",
      "inventory":[{
          "refId":"ingred_kresh_fiber_01",
          "count":1,
          "charge":-1,
          "enchantmentCharge":-1,
          "soul":""
        }]
    },
    "475524-0":{
      "refId":"flora_kreshweed_02",
      "inventory":[{
          "refId":"ingred_kresh_fiber_01",
          "count":1,
          "charge":-1,
          "enchantmentCharge":-1,
          "soul":""
        }]
    },
    "475525-0":{
      "refId":"flora_chokeweed_02",
      "inventory":[]
    },
    "475526-0":{
      "refId":"flora_kreshweed_01",