{
  "packets":{
    "actorList":["0-604","0-603","0-601"],
    "ai":[],
    "cellChangeFrom":[],
    "cellChangeTo":[],
    "container":["178803-0","178804-0","178805-0","178806-0","178807-0","178808-0","178810-0","178811-0","194541-0","194545-0","194546-0","194547-0","194548-0","194551-0","194552-0","297330-0","297333-0","297334-0","297335-0","297336-0","0-604","0-603","0-601"],
    "death":["0-603"],
    "delete":[],
    "doorState":[],
    "equipment":[],
    "lock":[],
    "place":[],
    "position":["0-604","0-603","0-601"],
    "scale":[],
    "spawn":["0-604","0-603","0-601"],
    "state":[],
    "statsDynamic":["0-604","0-603","0-601"],
    "trap":[],
    "clientScriptLocal":[],
    "spellsActive":[],
    "miscellaneous":[]
  },
  "entry":{
    "description":"-6, 17",
    "creationTime":1716738214
  },
  "lastVisit":{
    "Benoit":1719601117,
    "Fidgug":1719601119
  },
  "recordLinks":[],
  "objectData":{
    "0-604":{
      "refId":"scrib",
      "location":{
        "posX":-41558.8046875,
        "posY":144670.84375,
        "posZ":1010.9966430664,
        "rotX":-0.0021315608173609,
        "rotY":0,
        "rotZ":2.1941730976105
      },
      "stats":{
        "magickaCurrent":12,
        "fatigueBase":300,
        "fatigueCurrent":300,
        "healthModified":8,
        "magickaModified":12,
        "fatigueModified":300,
        "healthBase":8,
        "healthCurrent":8,
        "magickaBase":12
      },
      "inventory":[]
    },
    "0-603":{
      "refId":"cliff racer",
      "location":{
        "posX":-44958.87109375,
        "posY":141794.640625,
        "posZ":1106.0910644531,
        "rotX":1.3663247823715,
        "rotY":0,
        "rotZ":-3.1022713184357
      },
      "stats":{
        "magickaCurrent":20,
        "fatigueBase":400,
        "fatigueCurrent":400,
        "healthModified":45,
        "magickaModified":20,
        "fatigueModified":400,
        "healthBase":45,
        "healthCurrent":0,
        "magickaBase":20
      },
      "inventory":[],
      "killer":{
        "playerName":"Fidgug"
      },
      "deathState":38
    },
    "178803-0":{
      "refId":"tramaroot_06",
      "inventory":[]
    },
    "178804-0":{
      "refId":"tramaroot_01",
      "inventory":[{
          "refId":"ingred_trama_root_01",
          "count":3,
          "charge":-1,
          "enchantmentCharge":-1,
          "soul":""
        }]
    },
    "178805-0":{
      "refId":"tramaroot_03",
      "inventory":[{
          "refId":"ingred_trama_root_01",
          "count":1,
          "charge":-1,
          "enchantmentCharge":-1,
          "soul":""
        }]
    },
    "178806-0":{
      "refId":"tramaroot_04",
      "inventory":[{
          "refId":"ingred_trama_root_01",
          "count":1,
          "charge":-1,
          "enchantmentCharge":-1,
          "soul":""
        }]
    },
    "178807-0":{
      "refId":"tramaroot_05",
      "inventory":[{
          "refId":"ingred_trama_root_01",
          "count":1,
          "charge":-1,
          "enchantmentCharge":-1,
          "soul":""
        }]
    },
    "178808-0":{
      "refId":"flora_fire_fern_01",
      "inventory":[{
          "refId":"ingred_fire_petal_01",
          "count":1,
          "charge":-1,
          "enchantmentCharge":-1,
          "soul":""
        }]
    },
    "178810-0":{
      "refId":"tramaroot_05",
      "inventory":[{
          "refId":"ingred_trama_root_01",
          "count":1,
          "charge":-1,
          "enchantmentCharge":-1,
          "soul":""
        }]
    },
    "178811-0":{
      "refId":"tramaroot_06",
      "inventory":[]
    },
    "194541-0":{
      "refId":"tramaroot_03",
      "inventory":[{
          "refId":"ingred_trama_root_01",
          "count":1,
          "charge":-1,
          "enchantmentCharge":-1,
          "soul":""
        }]
    },
    "194545-0":{
      "refId":"tramaroot_06",
      "inventory":[]
    },
    "194546-0":{
      "refId":"tramaroot_01",
      "inventory":[{
          "refId":"ingred_trama_root_01",
          "count":3,
          "charge":-1,
          "enchantmentCharge":-1,
          "soul":""
        }]
    },
    "194547-0":{
      "refId":"tramaroot_03",
      "inventory":[{
          "refId":"ingred_trama_root_01",
          "count":1,
          "charge":-1,
          "enchantmentCharge":-1,
          "soul":""
        }]
    },
    "194548-0":{
      "refId":"tramaroot_04",
      "inventory":[{
          "refId":"ingred_trama_root_01",
          "count":1,
          "charge":-1,
          "enchantmentCharge":-1,
          "soul":""
        }]
    },
    "194551-0":{
      "refId":"tramaroot_06",
      "inventory":[]
    },
    "194552-0":{
      "refId":"tramaroot_01",
      "inventory":[{
          "refId":"ingred_trama_root_01",
          "count":3,
          "charge":-1,
          "enchantmentCharge":-1,
          "soul":""
        }]
    },
    "0-601":{
      "refId":"cliff racer",
      "location":{
        "posX":-43111.359375,
        "posY":139401.890625,
        "posZ":3342.052734375,
        "rotX":-0.0080699753016233,
        "rotY":0,
        "rotZ":0.25938820838928
      },
      "stats":{
        "magickaCurrent":20,
        "fatigueBase":400,
        "fatigueCurrent":400,
        "healthModified":45,
        "magickaModified":20,
        "fatigueModified":400,
        "healthBase":45,
        "healthCurrent":45,
        "magickaBase":20
      },
      "inventory":[]
    },
    "297330-0":{
      "refId":"flora_rm_scathecraw_01",
      "inventory":[{
          "refId":"ingred_scathecraw_01",
          "count":1,
          "charge":-1,
          "enchantmentCharge":-1,
          "soul":""
        }]
    },
    "297333-0":{
      "refId":"flora_rm_scathecraw_01",
      "inventory":[{
          "refId":"ingred_scathecraw_01",
          "count":1,
          "charge":-1,
          "enchantmentCharge":-1,
          "soul":""
        }]
    },
    "297334-0":{
      "refId":"flora_rm_scathecraw_02",
      "inventory":[{
          "refId":"ingred_scathecraw_01",
          "count":1,
          "charge":-1,
          "enchantmentCharge":-1,
          "soul":""
        }]
    },
    "297336-0":{
      "refId":"flora_rm_scathecraw_02",
      "inventory":[{
          "refId":"ingred_scathecraw_01",
          "count":1,
          "charge":-1,
          "enchantmentCharge":-1,
          "soul":""
        }]
    },
    "297335-0":{
      "refId":"flora_rm_scathecraw_01",
      "inventory":[{
          "refId":"ingred_scathecraw_01",
          "count":1,
          "charge":-1,
          "enchantmentCharge":-1,
          "soul":""
        }]
    }
  },
  "loadState":{
    "hasFullActorList":true,
    "hasFullContainerData":true
  }
}