{
  "packets":{
    "actorList":["0-743","0-745","0-746","371086-0","0-744"],
    "ai":[],
    "cellChangeFrom":[],
    "cellChangeTo":[],
    "container":["178699-0","178700-0","178701-0","178706-0","178707-0","178709-0","178710-0","178720-0","178721-0","178722-0","178723-0","178724-0","178725-0","178726-0","178727-0","178728-0","178733-0","178734-0","178736-0","178758-0","178759-0","178760-0","178762-0","178763-0","178764-0","178765-0","178766-0","178767-0","297309-0","418766-0","418790-0","418791-0","418792-0","418793-0","371086-0","0-743","0-745","0-746","0-744"],
    "death":["0-746","0-745","0-744"],
    "delete":[],
    "doorState":[],
    "equipment":[],
    "lock":[],
    "place":[],
    "position":["371086-0","0-743","0-745","0-746","0-744"],
    "scale":[],
    "spawn":["0-743","0-745","0-746","0-744"],
    "state":[],
    "statsDynamic":["371086-0","0-743","0-745","0-746","0-744"],
    "trap":[],
    "clientScriptLocal":[],
    "spellsActive":[],
    "miscellaneous":[]
  },
  "entry":{
    "creationTime":1716741264,
    "description":"-6, 18"
  },
  "lastVisit":{
    "Benoit":1724438144,
    "Fidgug":1724438098
  },
  "recordLinks":[],
  "objectData":{
    "418791-0":{
      "refId":"kollop_03_pearl",
      "inventory":[{
          "refId":"ingred_pearl_01",
          "count":1,
          "charge":-1,
          "enchantmentCharge":-1,
          "soul":""
        }]
    },
    "418792-0":{
      "refId":"kollop_02_pearl",
      "inventory":[]
    },
    "418793-0":{
      "refId":"kollop_02_pearl",
      "inventory":[]
    },
    "0-743":{
      "refId":"rat_blighted",
      "location":{
        "posY":150730.65625,
        "posZ":545.70562744141,
        "rotX":-0.17417715489864,
        "rotZ":-1.7930076122284,
        "rotY":0,
        "posX":-45459.6328125
      },
      "stats":{
        "fatigueBase":80,
        "fatigueCurrent":80,
        "fatigueModified":80,
        "healthCurrent":45,
        "magickaBase":10,
        "healthBase":45,
        "healthModified":45,
        "magickaModified":10,
        "magickaCurrent":10
      },
      "inventory":[{
          "refId":"ingred_rat_meat_01",
          "count":2,
          "charge":-1,
          "enchantmentCharge":-1,
          "soul":""
        }]
    },
    "0-745":{
      "refId":"dreugh",
      "location":{
        "posY":152370.390625,
        "posZ":-78.426910400391,
        "rotX":-0.41581469774246,
        "rotZ":-2.9610874652863,
        "rotY":0,
        "posX":-44632.6953125
      },
      "stats":{
        "fatigueBase":400,
        "fatigueCurrent":400,
        "fatigueModified":400,
        "healthCurrent":0,
        "magickaBase":75,
        "healthBase":60,
        "healthModified":60,
        "magickaModified":75,
        "magickaCurrent":75
      },
      "inventory":[],
      "deathState":38,
      "killer":{
        "playerName":"Fidgug"
      }
    },
    "0-746":{
      "refId":"rat",
      "location":{
        "posY":147711.9375,
        "posZ":546.33892822266,
        "rotX":-0.69577372074127,
        "rotZ":-1.6274688243866,
        "rotY":0,
        "posX":-43700.125
      },
      "stats":{
        "fatigueBase":300,
        "fatigueCurrent":300,
        "fatigueModified":300,
        "healthCurrent":0,
        "magickaBase":10,
        "healthBase":23,
        "healthModified":23,
        "magickaModified":10,
        "magickaCurrent":10
      },
      "inventory":[{
          "refId":"ingred_rat_meat_01",
          "count":1,
          "charge":-1,
          "enchantmentCharge":-1,
          "soul":""
        }],
      "deathState":38,
      "killer":{
        "playerName":"Fidgug"
      }
    },
    "371086-0":{
      "refId":"slaughterfish",
      "location":{
        "posY":152734.015625,
        "posZ":-166.86280822754,
        "rotX":-0.17685404419899,
        "rotZ":-0.89928841590881,
        "rotY":0,
        "posX":-42227.76953125
      },
      "stats":{
        "fatigueBase":400,
        "fatigueCurrent":400,
        "fatigueModified":400,
        "healthCurrent":23,
        "magickaBase":10,
        "healthBase":23,
        "healthModified":23,
        "magickaModified":10,
        "magickaCurrent":10
      },
      "inventory":[]
    },
    "0-744":{
      "refId":"slaughterfish",
      "location":{
        "posY":152987.9375,
        "posZ":-37.362579345703,
        "rotX":-0.33953312039375,
        "rotZ":2.8456213474274,
        "rotY":0,
        "posX":-44892.2109375
      },
      "stats":{
        "fatigueBase":400,
        "fatigueCurrent":380.76196289063,
        "fatigueModified":400,
        "healthCurrent":0,
        "magickaBase":10,
        "healthBase":23,
        "healthModified":23,
        "magickaModified":10,
        "magickaCurrent":10
      },
      "inventory":[{
          "refId":"ingred_scales_01",
          "count":2,
          "charge":-1,
          "enchantmentCharge":-1,
          "soul":""
        }],
      "deathState":38,
      "killer":{
        "playerName":"Fidgug"
      }
    },
    "178699-0":{
      "refId":"tramaroot_01",
      "inventory":[{
          "refId":"ingred_trama_root_01",
          "count":2,
          "charge":-1,
          "enchantmentCharge":-1,
          "soul":""
        }]
    },
    "178700-0":{
      "refId":"tramaroot_02",
      "inventory":[{
          "refId":"ingred_trama_root_01",
          "count":1,
          "charge":-1,
          "enchantmentCharge":-1,
          "soul":""
        }]
    },
    "178701-0":{
      "refId":"tramaroot_06",
      "inventory":[]
    },
    "178706-0":{
      "refId":"tramaroot_04",
      "inventory":[]
    },
    "178707-0":{
      "refId":"tramaroot_03",
      "inventory":[]
    },
    "178709-0":{
      "refId":"tramaroot_05",
      "inventory":[]
    },
    "178710-0":{
      "refId":"tramaroot_02",
      "inventory":[{
          "refId":"ingred_trama_root_01",
          "count":1,
          "charge":-1,
          "enchantmentCharge":-1,
          "soul":""
        }]
    },
    "178720-0":{
      "refId":"tramaroot_06",
      "inventory":[]
    },
    "178721-0":{
      "refId":"tramaroot_02",
      "inventory":[{
          "refId":"ingred_trama_root_01",
          "count":1,
          "charge":-1,
          "enchantmentCharge":-1,
          "soul":""
        }]
    },
    "178722-0":{
      "refId":"tramaroot_04",
      "inventory":[]
    },
    "178723-0":{
      "refId":"tramaroot_02",
      "inventory":[{
          "refId":"ingred_trama_root_01",
          "count":1,
          "charge":-1,
          "enchantmentCharge":-1,
          "soul":""
        }]
    },
    "178724-0":{
      "refId":"tramaroot_01",
      "inventory":[{
          "refId":"ingred_trama_root_01",
          "count":3,
          "charge":-1,
          "enchantmentCharge":-1,
          "soul":""
        }]
    },
    "178725-0":{
      "refId":"tramaroot_02",
      "inventory":[{
          "refId":"ingred_trama_root_01",
          "count":1,
          "charge":-1,
          "enchantmentCharge":-1,
          "soul":""
        }]
    },
    "178726-0":{
      "refId":"tramaroot_03",
      "inventory":[]
    },
    "178727-0":{
      "refId":"tramaroot_05",
      "inventory":[]
    },
    "178728-0":{
      "refId":"tramaroot_06",
      "inventory":[]
    },
    "178733-0":{
      "refId":"tramaroot_04",
      "inventory":[{
          "refId":"ingred_trama_root_01",
          "count":1,
          "charge":-1,
          "enchantmentCharge":-1,
          "soul":""
        }]
    },
    "178734-0":{
      "refId":"tramaroot_02",
      "inventory":[{
          "refId":"ingred_trama_root_01",
          "count":1,
          "charge":-1,
          "enchantmentCharge":-1,
          "soul":""
        }]
    },
    "178736-0":{
      "refId":"tramaroot_02",
      "inventory":[]
    },
    "178758-0":{
      "refId":"tramaroot_02",
      "inventory":[{
          "refId":"ingred_trama_root_01",
          "count":1,
          "charge":-1,
          "enchantmentCharge":-1,