{
  "packets":{
    "actorList":["0-450","0-448","43799-0","43798-0","0-449"],
    "ai":[],
    "cellChangeFrom":[],
    "cellChangeTo":[],
    "container":["43820-0","43821-0","43822-0","43823-0","43824-0","43825-0","43826-0","43827-0","43828-0","43829-0","43830-0","43831-0","43832-0","43833-0","43834-0","362958-0","362959-0","362960-0","362961-0","362962-0","362963-0","362964-0","362965-0","362966-0","475590-0","475591-0","475592-0","475593-0","475594-0","475602-0","475603-0","475604-0","475605-0","475606-0","475607-0","43798-0","43799-0","0-450","0-448","0-449"],
    "death":[],
    "delete":[],
    "doorState":[],
    "equipment":[],
    "lock":[],
    "place":[],
    "position":["43798-0","43799-0","0-448","0-450","0-449"],
    "scale":[],
    "spawn":["0-450","0-448","0-449"],
    "state":[],
    "statsDynamic":["43798-0","43799-0","0-448","0-450","0-449"],
    "trap":[],
    "miscellaneous":[],
    "clientScriptLocal":[],
    "spellsActive":[]
  },
  "entry":{
    "description":"-6, 6",
    "creationTime":1715977364
  },
  "lastVisit":{
    "Benoit":1715978975,
    "Fidgug":1715978972
  },
  "recordLinks":[],
  "objectData":{
    "0-449":{
      "refId":"nix-hound",
      "location":{
        "posX":-47725.39453125,
        "posY":49498.640625,
        "posZ":1469.8637695313,
        "rotX":-0.04112396389246,
        "rotZ":-1.6046850681305,
        "rotY":0
      },
      "stats":{
        "healthBase":23,
        "healthCurrent":23,
        "magickaBase":10,
        "magickaCurrent":10,
        "fatigueBase":400,
        "fatigueCurrent":400,
        "healthModified":23,
        "magickaModified":10,
        "fatigueModified":400
      },
      "inventory":[{
          "refId":"ingred_hound_meat_01",
          "count":1,
          "charge":-1,
          "enchantmentCharge":-1,
          "soul":""
        }]
    },
    "0-450":{
      "refId":"rat",
      "location":{
        "posX":-45172.37890625,
        "posY":51974.05859375,
        "posZ":1876.8194580078,
        "rotX":0.54750382900238,
        "rotZ":-2.0370228290558,
        "rotY":0
      },
      "stats":{
        "healthBase":23,
        "healthCurrent":23,
        "magickaBase":10,
        "magickaCurrent":10,
        "fatigueBase":300,
        "fatigueCurrent":300,
        "healthModified":23,
        "magickaModified":10,
        "fatigueModified":300
      },
      "inventory":[]
    },
    "0-448":{
      "refId":"nix-hound",
      "location":{
        "posX":-43296.15625,
        "posY":53499.5078125,
        "posZ":1979.3717041016,
        "rotX":0.32654696702957,
        "rotZ":-1.1299669742584,
        "rotY":0
      },
      "stats":{
        "healthBase":23,
        "healthCurrent":23,
        "magickaBase":10,
        "magickaCurrent":10,
        "fatigueBase":400,
        "fatigueCurrent":400,
        "healthModified":23,
        "magickaModified":10,
        "fatigueModified":400
      },
      "inventory":[{
          "refId":"ingred_hound_meat_01",
          "count":1,
          "charge":-1,
          "enchantmentCharge":-1,
          "soul":""
        }]
    },
    "43799-0":{
      "refId":"nix-hound",
      "location":{
        "posX":-44518.05859375,
        "posY":54225.64453125,
        "posZ":1866.1947021484,
        "rotX":0.1616133004427,
        "rotZ":2.7426359653473,
        "rotY":0
      },
      "stats":{
        "healthBase":23,
        "healthCurrent":23,
        "magickaBase":10,
        "magickaCurrent":10,
        "fatigueBase":400,
        "fatigueCurrent":400,
        "healthModified":23,
        "magickaModified":10,
        "fatigueModified":400
      },
      "inventory":[{
          "refId":"ingred_hound_meat_01",
          "count":1,
          "charge":-1,
          "enchantmentCharge":-1,
          "soul":""
        }]
    },
    "43798-0":{
      "refId":"nix-hound",
      "location":{
        "posX":-44494.89453125,
        "posY":53973.72265625,
        "posZ":1912.8432617188,
        "rotX":0.32244363427162,
        "rotZ":1.6326706409454,
        "rotY":0
      },
      "stats":{
        "healthBase":23,
        "healthCurrent":23,
        "magickaBase":10,
        "magickaCurrent":10,
        "fatigueBase":400,
        "fatigueCurrent":400,
        "healthModified":23,
        "magickaModified":10,
        "fatigueModified":400
      },
      "inventory":[{
          "refId":"ingred_hound_meat_01",
          "count":1,
          "charge":-1,
          "enchantmentCharge":-1,
          "soul":""
        }]
    },
    "43820-0":{
      "refId":"flora_chokeweed_02",
      "inventory":[{
          "refId":"ingred_chokeweed_01",
          "count":1,
          "charge":-1,
          "enchantmentCharge":-1,
          "soul":""
        }]
    },
    "43821-0":{
      "refId":"flora_chokeweed_02",
      "inventory":[{
          "refId":"ingred_chokeweed_01",
          "count":1,
          "charge":-1,
          "enchantmentCharge":-1,
          "soul":""
        }]
    },
    "43822-0":{
      "refId":"flora_chokeweed_02",
      "inventory":[{
          "refId":"ingred_chokeweed_01",
          "count":1,
          "charge":-1,
          "enchantmentCharge":-1,
          "soul":""
        }]
    },
    "43823-0":{
      "refId":"flora_chokeweed_02",
      "inventory":[]
    },
    "43824-0":{
      "refId":"flora_chokeweed_02",
      "inventory":[{
          "refId":"ingred_chokeweed_01",
          "count":1,
          "charge":-1,
          "enchantmentCharge":-1,
          "soul":""
        }]
    },
    "43825-0":{
      "refId":"flora_chokeweed_02",
      "inventory":[]
    },
    "43826-0":{
      "refId":"flora_chokeweed_02",
      "inventory":[]
    },
    "43827-0":{
      "refId":"flora_chokeweed_02",
      "inventory":[{
          "refId":"ingred_chokeweed_01",
          "count":1,
          "charge":-1,
          "enchantmentCharge":-1,
          "soul":""
        }]
    },
    "43828-0":{
      "refId":"flora_chokeweed_02",
      "inventory":[{
          "refId":"ingred_chokeweed_01",
          "count":1,
          "charge":-1,
          "enchantmentCharge":-1,
          "soul":""
        }]
    },
    "43829-0":{
      "refId":"flora_chokeweed_02",
      "inventory":[{
          "refId":"ingred_chokeweed_01",
          "count":1,
          "charge":-1,
          "enchantmentCharge":-1,
          "soul":""
        }]
    },
    "43830-0":{
      "refId":"flora_chokeweed_02",
      "inventory":[{
          "refId":"ingred_chokeweed_01",
          "count":1,
          "charge":-1,
          "enchantmentCharge":-1,
          "soul":""
        }]
    },
    "43831-0":{
      "refId":"flora_chokeweed_02",
      "inventory":[]
    },
    "43832-0":{
      "refId":"flora_chokeweed_02",
      "inventory":[{
          "refId":"ingred_chokeweed_01",
          "count":1,
          "charge":-1,
          "enchantmentCharge":-1,
          "soul":""
        }]
    },
    "43833-0":{
      "refId":"flora_chokeweed_02",
      "inventory":[{
          "refId":"ingred_chokeweed_01",
          "count":1,
          "charge":-1,
          "enchantmentCharge":-1,
          "soul":""
        }]
    },
    "43834-0":{
      "refId":"flora_chokeweed_02",
      "inventory":[{
          "refId":"ingred_chokeweed_01",
          "count":1,
          "charge":-1,
          "enchantmentCharge":-1,
          "soul":""
        }]
    },
    "362958-0":{
      "refId":"flora_kreshweed_02",
      "inventory":[]
    },
    "362959-0":{
      "refId":"flora_kreshweed_01",
      "inventory":[{
          "refId":"ingred_kresh_fiber_01",
          "count":1,
          "charge":-1,
          "enchantmentCharge":-1,
          "soul":""
        }]
    },
    "362960-0":{
      "refId":"flora_kreshweed_01",
      "inventory":[{
          "refId":"ingred_kresh_fiber_01",
          "count":1,
          "charge":-1,
          "enchantmentCharge":-1,
          "soul":""
        }]
    },
    "362961-0":{
      "refId":"flora_kreshweed_02",