{
  "packets":{
    "actorList":["0-439","0-438","261701-0"],
    "ai":[],
    "cellChangeFrom":[],
    "cellChangeTo":[],
    "container":["43916-0","43917-0","43918-0","43919-0","43920-0","43921-0","43925-0","43926-0","43927-0","43928-0","43929-0","43930-0","43931-0","43935-0","43936-0","43937-0","43939-0","43940-0","43941-0","43942-0","43943-0","43944-0","43945-0","43946-0","43947-0","43948-0","43949-0","43950-0","43953-0","43954-0","43955-0","43956-0","43957-0","43958-0","43963-0","43964-0","43965-0","43966-0","43967-0","362974-0","362975-0","362976-0","475620-0","475621-0","475622-0","261701-0","0-439","0-438"],
    "death":[],
    "delete":[],
    "doorState":[],
    "equipment":["261701-0"],
    "lock":[],
    "place":[],
    "position":["261701-0","0-438","0-439"],
    "scale":[],
    "spawn":["0-439","0-438"],
    "state":[],
    "statsDynamic":["261701-0","0-438","0-439"],
    "trap":[],
    "miscellaneous":[],
    "clientScriptLocal":[],
    "spellsActive":[]
  },
  "entry":{
    "description":"-6, 5",
    "creationTime":1715976815
  },
  "lastVisit":{
    "Fidgug":1715978972,
    "Benoit":1715978975
  },
  "recordLinks":[],
  "objectData":{
    "0-439":{
      "refId":"nix-hound",
      "location":{
        "posX":-44036.14453125,
        "posY":46410.78125,
        "posZ":1702.4835205078,
        "rotX":-0.013946232385933,
        "rotZ":-0.0018758773803711,
        "rotY":0
      },
      "stats":{
        "healthBase":23,
        "healthCurrent":23,
        "magickaBase":10,
        "magickaCurrent":10,
        "fatigueBase":400,
        "fatigueCurrent":400,
        "healthModified":23,
        "magickaModified":10,
        "fatigueModified":400
      },
      "inventory":[{
          "refId":"ingred_hound_meat_01",
          "count":1,
          "charge":-1,
          "enchantmentCharge":-1,
          "soul":""
        }]
    },
    "0-438":{
      "refId":"kwama forager",
      "location":{
        "posX":-47507.1640625,
        "posY":45529.34765625,
        "posZ":1240.4039306641,
        "rotX":0.050745829939842,
        "rotZ":-1.9197475910187,
        "rotY":0
      },
      "stats":{
        "healthBase":23,
        "healthCurrent":23,
        "magickaBase":15,
        "magickaCurrent":15,
        "fatigueBase":300,
        "fatigueCurrent":300,
        "healthModified":23,
        "magickaModified":15,
        "fatigueModified":300
      },
      "inventory":[]
    },
    "261701-0":{
      "refId":"rasha",
      "location":{
        "posX":-42038.40625,
        "posY":48056.25,
        "posZ":1455.4270019531,
        "rotX":-0.14976248145103,
        "rotZ":0.072191953659058,
        "rotY":0
      },
      "stats":{
        "healthBase":93,
        "healthCurrent":93,
        "magickaBase":102,
        "magickaCurrent":102,
        "fatigueBase":219,
        "fatigueCurrent":219,
        "healthModified":93,
        "magickaModified":102,
        "fatigueModified":219
      },
      "equipment":{
        "8":{
          "refId":"exquisite_shirt_01_rasha",
          "count":1,
          "charge":-1,
          "enchantmentCharge":-1
        },
        "15":{
          "refId":"exquisite_belt_01",
          "count":1,
          "charge":-1,
          "enchantmentCharge":-1
        },
        "9":{
          "refId":"common_pants_03_c",
          "count":1,
          "charge":-1,
          "enchantmentCharge":-1
        }
      },
      "inventory":[{
          "refId":"exquisite_belt_01",
          "count":1,
          "charge":-1,
          "enchantmentCharge":-1,
          "soul":""
        },{
          "refId":"exquisite_shirt_01_rasha",
          "count":1,
          "charge":-1,
          "enchantmentCharge":-1,
          "soul":""
        },{
          "refId":"common_pants_03_c",
          "count":1,
          "charge":-1,
          "enchantmentCharge":-1,
          "soul":""
        },{
          "refId":"gold_001",
          "count":29,
          "charge":-1,
          "enchantmentCharge":-1,
          "soul":""
        }]
    },
    "43916-0":{
      "refId":"flora_chokeweed_02",
      "inventory":[{
          "refId":"ingred_chokeweed_01",
          "count":1,
          "charge":-1,
          "enchantmentCharge":-1,
          "soul":""
        }]
    },
    "43917-0":{
      "refId":"flora_chokeweed_02",
      "inventory":[{
          "refId":"ingred_chokeweed_01",
          "count":1,
          "charge":-1,
          "enchantmentCharge":-1,
          "soul":""
        }]
    },
    "43918-0":{
      "refId":"flora_chokeweed_02",
      "inventory":[]
    },
    "43919-0":{
      "refId":"flora_chokeweed_02",
      "inventory":[{
          "refId":"ingred_chokeweed_01",
          "count":1,
          "charge":-1,
          "enchantmentCharge":-1,
          "soul":""
        }]
    },
    "43920-0":{
      "refId":"flora_chokeweed_02",
      "inventory":[{
          "refId":"ingred_chokeweed_01",
          "count":1,
          "charge":-1,
          "enchantmentCharge":-1,
          "soul":""
        }]
    },
    "43921-0":{
      "refId":"flora_chokeweed_02",
      "inventory":[{
          "refId":"ingred_chokeweed_01",
          "count":1,
          "charge":-1,
          "enchantmentCharge":-1,
          "soul":""
        }]
    },
    "43925-0":{
      "refId":"flora_chokeweed_02",
      "inventory":[{
          "refId":"ingred_chokeweed_01",
          "count":1,
          "charge":-1,
          "enchantmentCharge":-1,
          "soul":""
        }]
    },
    "43926-0":{
      "refId":"flora_chokeweed_02",
      "inventory":[{
          "refId":"ingred_chokeweed_01",
          "count":1,
          "charge":-1,
          "enchantmentCharge":-1,
          "soul":""
        }]
    },
    "43927-0":{
      "refId":"flora_chokeweed_02",
      "inventory":[{
          "refId":"ingred_chokeweed_01",
          "count":1,
          "charge":-1,
          "enchantmentCharge":-1,
          "soul":""
        }]
    },
    "43928-0":{
      "refId":"flora_chokeweed_02",
      "inventory":[{
          "refId":"ingred_chokeweed_01",
          "count":1,
          "charge":-1,
          "enchantmentCharge":-1,
          "soul":""
        }]
    },
    "43929-0":{
      "refId":"flora_chokeweed_02",
      "inventory":[]
    },
    "43930-0":{
      "refId":"flora_chokeweed_02",
      "inventory":[{
          "refId":"ingred_chokeweed_01",
          "count":1,
          "charge":-1,
          "enchantmentCharge":-1,
          "soul":""
        }]
    },
    "43931-0":{
      "refId":"flora_chokeweed_02",
      "inventory":[{
          "refId":"ingred_chokeweed_01",
          "count":1,
          "charge":-1,
          "enchantmentCharge":-1,
          "soul":""
        }]
    },
    "43935-0":{
      "refId":"flora_chokeweed_02",
      "inventory":[{
          "refId":"ingred_chokeweed_01",
          "count":1,
          "charge":-1,
          "enchantmentCharge":-1,
          "soul":""
        }]
    },
    "43936-0":{
      "refId":"flora_chokeweed_02",
      "inventory":[{
          "refId":"ingred_chokeweed_01",
          "count":1,
          "charge":-1,
          "enchantmentCharge":-1,
          "soul":""
        }]
    },
    "43937-0":{
      "refId":"flora_chokeweed_02",
      "inventory":[{
          "refId":"ingred_chokeweed_01",
          "count":1,
          "charge":-1,
          "enchantmentCharge":-1,
          "soul":""
        }]
    },
    "43939-0":{
      "refId":"flora_chokeweed_02",
      "inventory":[{
          "refId":"ingred_chokeweed_01",
          "count":1,
          "charge":-1,
          "enchantmentCharge":-1,
          "soul":""
        }]
    },
    "43940-0":{
      "refId":"flora_chokeweed_02",
      "inventory":[{
          "refId":"ingred_chokeweed_01",
          "count":1,
          "charge":-1,
          "enchantmentCharge":-1,
          "soul":""
        }]
    },
    "43941-0":{
      "refId":"flora_chokeweed_02",
      "inventory":[]
    },