{
  "packets":{
    "actorList":["0-546","0-547","0-549","0-543","0-545","0-537","0-533","0-529","0-548","0-544"],
    "ai":[],
    "cellChangeFrom":[],
    "cellChangeTo":[],
    "container":["49634-0","49635-0","49636-0","49637-0","49638-0","49656-0","49657-0","49658-0","49659-0","49660-0","49661-0","49662-0","49663-0","49664-0","49665-0","49666-0","49667-0","49668-0","49669-0","49670-0","49671-0","49672-0","49673-0","49674-0","49675-0","333557-0","333567-0","333568-0","333569-0","333570-0","333571-0","49712-0","49711-0","49709-0","49710-0","49713-0","474855-0","474856-0","474857-0","474858-0","474859-0","0-546","0-547","0-549","0-543","0-545","0-537","0-529","0-533","0-548","0-544"],
    "death":[],
    "delete":[],
    "doorState":[],
    "equipment":[],
    "lock":[],
    "place":[],
    "position":["0-529","0-543","0-545","0-546","0-547","0-549","0-537","0-533","0-544","0-548"],
    "scale":[],
    "spawn":["0-546","0-547","0-549","0-543","0-545","0-537","0-533","0-529","0-548","0-544"],
    "state":[],
    "statsDynamic":["0-529","0-543","0-545","0-546","0-547","0-549","0-537","0-533","0-544","0-548"],
    "trap":[],
    "miscellaneous":[],
    "clientScriptLocal":[],
    "spellsActive":[]
  },
  "entry":{
    "description":"-7, 11",
    "creationTime":1716737157
  },
  "lastVisit":{
    "Fidgug":1716737553,
    "Benoit":1716737554
  },
  "recordLinks":[],
  "objectData":{
    "0-546":{
      "refId":"scrib blighted",
      "location":{
        "rotZ":0,
        "rotY":0,
        "posX":-57074.328125,
        "posY":91265.28125,
        "posZ":1456.5726318359,
        "rotX":0
      },
      "stats":{
        "healthModified":30,
        "magickaModified":12,
        "fatigueModified":400,
        "healthBase":30,
        "healthCurrent":30,
        "magickaBase":12,
        "magickaCurrent":12,
        "fatigueBase":400,
        "fatigueCurrent":400
      },
      "inventory":[{
          "refId":"ingred_scrib_jelly_01",
          "count":3,
          "charge":-1,
          "enchantmentCharge":-1,
          "soul":""
        }]
    },
    "0-547":{
      "refId":"nix-hound",
      "location":{
        "rotZ":0,
        "rotY":0,
        "posX":-56490.09375,
        "posY":93418.3046875,
        "posZ":1481.6469726563,
        "rotX":0
      },
      "stats":{
        "healthModified":23,
        "magickaModified":10,
        "fatigueModified":400,
        "healthBase":23,
        "healthCurrent":23,
        "magickaBase":10,
        "magickaCurrent":10,
        "fatigueBase":400,
        "fatigueCurrent":400
      },
      "inventory":[{
          "refId":"ingred_hound_meat_01",
          "count":1,
          "charge":-1,
          "enchantmentCharge":-1,
          "soul":""
        }]
    },
    "0-549":{
      "refId":"rat",
      "location":{
        "rotZ":1.8886115550995,
        "rotY":0,
        "posX":-51147.1015625,
        "posY":96943.78125,
        "posZ":1478.0858154297,
        "rotX":0.049715854227543
      },
      "stats":{
        "healthModified":23,
        "magickaModified":10,
        "fatigueModified":300,
        "healthBase":23,
        "healthCurrent":23,
        "magickaBase":10,
        "magickaCurrent":10,
        "fatigueBase":300,
        "fatigueCurrent":300
      },
      "inventory":[]
    },
    "0-543":{
      "refId":"scrib",
      "location":{
        "rotZ":-0.62491989135742,
        "rotY":0,
        "posX":-51374,
        "posY":95754.859375,
        "posZ":805.92919921875,
        "rotX":-0.11493848264217
      },
      "stats":{
        "healthModified":8,
        "magickaModified":12,
        "fatigueModified":300,
        "healthBase":8,
        "healthCurrent":8,
        "magickaBase":12,
        "magickaCurrent":12,
        "fatigueBase":300,
        "fatigueCurrent":300
      },
      "inventory":[{
          "refId":"ingred_scrib_jelly_01",
          "count":1,
          "charge":-1,
          "enchantmentCharge":-1,
          "soul":""
        }]
    },
    "0-544":{
      "refId":"nix-hound",
      "location":{
        "rotZ":-2.7778680324554,
        "rotY":0,
        "posX":-49705.22265625,
        "posY":91189.3046875,
        "posZ":1782.7164306641,
        "rotX":-0.02718816138804
      },
      "stats":{
        "healthModified":23,
        "magickaModified":10,
        "fatigueModified":400,
        "healthBase":23,
        "healthCurrent":23,
        "magickaBase":10,
        "magickaCurrent":10,
        "fatigueBase":400,
        "fatigueCurrent":400
      },
      "inventory":[{
          "refId":"ingred_hound_meat_01",
          "count":1,
          "charge":-1,
          "enchantmentCharge":-1,
          "soul":""
        }]
    },
    "0-545":{
      "refId":"kwama forager",
      "location":{
        "rotZ":-2.7801244258881,
        "rotY":0,
        "posX":-51540.1015625,
        "posY":90948.3359375,
        "posZ":1686.8341064453,
        "rotX":-0.1485578417778
      },
      "stats":{
        "healthModified":23,
        "magickaModified":15,
        "fatigueModified":300,
        "healthBase":23,
        "healthCurrent":23,
        "magickaBase":15,
        "magickaCurrent":15,
        "fatigueBase":300,
        "fatigueCurrent":300
      },
      "inventory":[]
    },
    "0-537":{
      "refId":"kwama forager",
      "location":{
        "rotZ":-1.6165940761566,
        "rotY":0,
        "posX":-50729.1015625,
        "posY":90783.859375,
        "posZ":1694.8254394531,
        "rotX":-0.13498392701149
      },
      "stats":{
        "healthModified":23,
        "magickaModified":15,
        "fatigueModified":300,
        "healthBase":23,
        "healthCurrent":23,
        "magickaBase":15,
        "magickaCurrent":15,
        "fatigueBase":300,
        "fatigueCurrent":300
      },
      "inventory":[{
          "refId":"ingred_kwama_cuttle_01",
          "count":1,
          "charge":-1,
          "enchantmentCharge":-1,
          "soul":""
        }]
    },
    "0-533":{
      "refId":"nix-hound",
      "location":{
        "rotZ":2.7600185871124,
        "rotY":0,
        "posX":-52313.4609375,
        "posY":90433.8046875,
        "posZ":1663.8635253906,
        "rotX":0.10505495965481
      },
      "stats":{
        "healthModified":23,
        "magickaModified":10,
        "fatigueModified":400,
        "healthBase":23,
        "healthCurrent":23,
        "magickaBase":10,
        "magickaCurrent":10,
        "fatigueBase":400,
        "fatigueCurrent":400
      },
      "inventory":[{
          "refId":"ingred_hound_meat_01",
          "count":1,
          "charge":-1,
          "enchantmentCharge":-1,
          "soul":""
        }]
    },
    "0-529":{
      "refId":"rat",
      "location":{
        "rotZ":0.97958731651306,
        "rotY":0,
        "posX":-49419.34375,
        "posY":91807.5078125,
        "posZ":1769.576171875,
        "rotX":-0.14760658144951
      },
      "stats":{
        "healthModified":23,
        "magickaModified":10,
        "fatigueModified":300,
        "healthBase":23,
        "healthCurrent":23,
        "magickaBase":10,
        "magickaCurrent":10,
        "fatigueBase":300,
        "fatigueCurrent":300
      },
      "inventory":[{
          "refId":"ingred_rat_meat_01",
          "count":1,
          "charge":-1,
          "enchantmentCharge":-1,
          "soul":""
        }]
    },
    "49634-0":{
      "refId":"flora_chokeweed_02",
      "inventory":[{
          "refId":"ingred_chokeweed_01",
          "count":1,
          "charge":-1,
          "enchantmentCharge":-1,
          "soul":""
        }]
    },
    "49635-0":{
      "refId":"flora_chokeweed_02",
      "inventory":[{
          "refId":"ingred_chokeweed_01",
          "count":1,
          "charge":-1,
          "enchantmentCharge":-1,
          "soul":""
        }]
    },
    "49636-0":{
      "refId":"flora_chokeweed_02",
      "inventory":[{
          "refId":"ingred_chokeweed_01",
          "count":1,
          "charge":-1,
          "enchantmentCharge":-1,