{
  "packets":{
    "actorList":["0-560","0-554","0-555","0-556","0-561","0-557","0-558","0-559"],
    "ai":[],
    "cellChangeFrom":[],
    "cellChangeTo":[],
    "container":["49598-0","49599-0","49600-0","49601-0","49602-0","49603-0","49605-0","49606-0","49607-0","49608-0","49609-0","49610-0","49611-0","49612-0","49613-0","49614-0","49615-0","49616-0","49617-0","49618-0","49619-0","49620-0","333521-0","333522-0","333523-0","333524-0","333525-0","49604-0","474840-0","0-560","0-554","0-555","0-556","0-561","0-557","0-558","0-559"],
    "death":[],
    "delete":[],
    "doorState":[],
    "equipment":[],
    "lock":[],
    "place":[],
    "position":["0-554","0-555","0-556","0-557","0-558","0-559","0-560","0-561"],
    "scale":[],
    "spawn":["0-560","0-554","0-555","0-556","0-561","0-557","0-558","0-559"],
    "state":[],
    "statsDynamic":["0-554","0-555","0-556","0-557","0-558","0-559","0-560","0-561"],
    "trap":[],
    "miscellaneous":[],
    "clientScriptLocal":[],
    "spellsActive":[]
  },
  "entry":{
    "description":"-7, 12",
    "creationTime":1716737263
  },
  "lastVisit":{
    "Fidgug":1716737553,
    "Benoit":1716737554
  },
  "recordLinks":[],
  "objectData":{
    "0-555":{
      "refId":"nix-hound",
      "location":{
        "rotZ":0,
        "rotY":0,
        "posX":-56571.83984375,
        "posY":103597.109375,
        "posZ":1098.6052246094,
        "rotX":0
      },
      "stats":{
        "healthModified":23,
        "magickaModified":10,
        "fatigueModified":400,
        "healthBase":23,
        "healthCurrent":23,
        "magickaBase":10,
        "magickaCurrent":10,
        "fatigueBase":400,
        "fatigueCurrent":400
      },
      "inventory":[{
          "refId":"ingred_hound_meat_01",
          "count":1,
          "charge":-1,
          "enchantmentCharge":-1,
          "soul":""
        }]
    },
    "0-556":{
      "refId":"scrib diseased",
      "location":{
        "rotZ":0,
        "rotY":0,
        "posX":-55070.23828125,
        "posY":100147.7578125,
        "posZ":1511.0498046875,
        "rotX":0
      },
      "stats":{
        "healthModified":8,
        "magickaModified":12,
        "fatigueModified":69,
        "healthBase":8,
        "healthCurrent":8,
        "magickaBase":12,
        "magickaCurrent":12,
        "fatigueBase":69,
        "fatigueCurrent":69
      },
      "inventory":[]
    },
    "0-561":{
      "refId":"scrib",
      "location":{
        "rotZ":0.67820954322815,
        "rotY":0,
        "posX":-50688.125,
        "posY":105184.7421875,
        "posZ":1239.9459228516,
        "rotX":-0.34609559178352
      },
      "stats":{
        "healthModified":8,
        "magickaModified":12,
        "fatigueModified":300,
        "healthBase":8,
        "healthCurrent":8,
        "magickaBase":12,
        "magickaCurrent":12,
        "fatigueBase":300,
        "fatigueCurrent":300
      },
      "inventory":[]
    },
    "0-557":{
      "refId":"rat_diseased",
      "location":{
        "rotZ":0,
        "rotY":0,
        "posX":-54449.765625,
        "posY":100348.515625,
        "posZ":1480.0877685547,
        "rotX":0
      },
      "stats":{
        "healthModified":23,
        "magickaModified":10,
        "fatigueModified":112,
        "healthBase":23,
        "healthCurrent":23,
        "magickaBase":10,
        "magickaCurrent":10,
        "fatigueBase":112,
        "fatigueCurrent":112
      },
      "inventory":[]
    },
    "0-558":{
      "refId":"scrib diseased",
      "location":{
        "rotZ":-0.26556611061096,
        "rotY":0,
        "posX":-50200.6796875,
        "posY":100623.0390625,
        "posZ":1296.3752441406,
        "rotX":-0.11889810115099
      },
      "stats":{
        "healthModified":8,
        "magickaModified":12,
        "fatigueModified":69,
        "healthBase":8,
        "healthCurrent":8,
        "magickaBase":12,
        "magickaCurrent":12,
        "fatigueBase":69,
        "fatigueCurrent":69
      },
      "inventory":[{
          "refId":"ingred_scrib_jelly_01",
          "count":2,
          "charge":-1,
          "enchantmentCharge":-1,
          "soul":""
        }]
    },
    "0-559":{
      "refId":"kwama forager",
      "location":{
        "rotZ":-2.9559328556061,
        "rotY":0,
        "posX":-53167.3828125,
        "posY":100731.1953125,
        "posZ":1145.6921386719,
        "rotX":0.18065895140171
      },
      "stats":{
        "healthModified":23,
        "magickaModified":15,
        "fatigueModified":300,
        "healthBase":23,
        "healthCurrent":23,
        "magickaBase":15,
        "magickaCurrent":15,
        "fatigueBase":300,
        "fatigueCurrent":300
      },
      "inventory":[{
          "refId":"ingred_kwama_cuttle_01",
          "count":1,
          "charge":-1,
          "enchantmentCharge":-1,
          "soul":""
        }]
    },
    "49598-0":{
      "refId":"flora_chokeweed_02",
      "inventory":[{
          "refId":"ingred_chokeweed_01",
          "count":1,
          "charge":-1,
          "enchantmentCharge":-1,
          "soul":""
        }]
    },
    "49599-0":{
      "refId":"flora_chokeweed_02",
      "inventory":[{
          "refId":"ingred_chokeweed_01",
          "count":1,
          "charge":-1,
          "enchantmentCharge":-1,
          "soul":""
        }]
    },
    "49600-0":{
      "refId":"flora_chokeweed_02",
      "inventory":[{
          "refId":"ingred_chokeweed_01",
          "count":1,
          "charge":-1,
          "enchantmentCharge":-1,
          "soul":""
        }]
    },
    "49601-0":{
      "refId":"flora_chokeweed_02",
      "inventory":[{
          "refId":"ingred_chokeweed_01",
          "count":1,
          "charge":-1,
          "enchantmentCharge":-1,
          "soul":""
        }]
    },
    "49602-0":{
      "refId":"flora_chokeweed_02",
      "inventory":[{
          "refId":"ingred_chokeweed_01",
          "count":1,
          "charge":-1,
          "enchantmentCharge":-1,
          "soul":""
        }]
    },
    "49603-0":{
      "refId":"flora_chokeweed_02",
      "inventory":[{
          "refId":"ingred_chokeweed_01",
          "count":1,
          "charge":-1,
          "enchantmentCharge":-1,
          "soul":""
        }]
    },
    "49605-0":{
      "refId":"flora_chokeweed_02",
      "inventory":[{
          "refId":"ingred_chokeweed_01",
          "count":1,
          "charge":-1,
          "enchantmentCharge":-1,
          "soul":""
        }]
    },
    "49606-0":{
      "refId":"flora_chokeweed_02",
      "inventory":[{
          "refId":"ingred_chokeweed_01",
          "count":1,
          "charge":-1,
          "enchantmentCharge":-1,
          "soul":""
        }]
    },
    "49607-0":{
      "refId":"flora_chokeweed_02",
      "inventory":[{
          "refId":"ingred_chokeweed_01",
          "count":1,
          "charge":-1,
          "enchantmentCharge":-1,
          "soul":""
        }]
    },
    "49608-0":{
      "refId":"flora_chokeweed_02",
      "inventory":[{
          "refId":"ingred_chokeweed_01",
          "count":1,
          "charge":-1,
          "enchantmentCharge":-1,
          "soul":""
        }]
    },
    "49609-0":{
      "refId":"flora_chokeweed_02",
      "inventory":[{
          "refId":"ingred_chokeweed_01",
          "count":1,
          "charge":-1,
          "enchantmentCharge":-1,
          "soul":""
        }]
    },
    "49610-0":{
      "refId":"flora_chokeweed_02",
      "inventory":[{
          "refId":"ingred_chokeweed_01",
          "count":1,
          "charge":-1,
          "enchantmentCharge":-1,
          "soul":""
        }]
    },
    "49611-0":{
      "refId":"flora_chokeweed_02",
      "inventory":[{
          "refId":"ingred_chokeweed_01",
          "count":1,
          "charge":-1,
          "enchantmentCharge":-1,
          "soul":""
        }]
    },
    "49612-0":{
      "refId":"flora_chokeweed_02",
      "inventory":[{
          "refId":"ingred_chokeweed_01",