{
  "packets":{
    "actorList":["0-741","0-737","0-739","0-740","0-738","355332-0"],
    "ai":[],
    "cellChangeFrom":["355332-0"],
    "cellChangeTo":["355313-0","355312-0"],
    "container":["313078-0","389546-0","389547-0","402465-0","402466-0","402467-0","402494-0","402495-0","402496-0","0-741","0-737","0-739","0-740","0-738","355332-0"],
    "death":[],
    "delete":[],
    "doorState":[],
    "equipment":[],
    "lock":[],
    "place":[],
    "position":["0-737","0-739","0-740","0-741","0-738","355332-0"],
    "scale":[],
    "spawn":["0-741","0-737","0-738","0-739","0-740"],
    "state":[],
    "statsDynamic":["0-737","0-739","0-740","0-741","0-738","355332-0"],
    "trap":[],
    "clientScriptLocal":[],
    "miscellaneous":[],
    "spellsActive":[]
  },
  "entry":{
    "creationTime":1716741264,
    "description":"-7, 18"
  },
  "lastVisit":{
    "Benoit":1716741476,
    "Fidgug":1716741475
  },
  "recordLinks":[],
  "objectData":{
    "355332-0":{
      "refId":"slaughterfish",
      "location":{
        "rotZ":2.1735689640045,
        "rotY":0,
        "posX":-57317.26953125,
        "posY":152274.625,
        "posZ":-229.41802978516,
        "rotX":0
      },
      "stats":{
        "healthModified":23,
        "magickaModified":10,
        "fatigueModified":400,
        "healthBase":23,
        "healthCurrent":23,
        "magickaBase":10,
        "magickaCurrent":10,
        "fatigueBase":400,
        "fatigueCurrent":400
      },
      "cellChangeFrom":"-8, 18",
      "inventory":[]
    },
    "0-740":{
      "refId":"mudcrab-diseased",
      "location":{
        "rotZ":1.6812946796417,
        "rotY":0,
        "posX":-55492.21484375,
        "posY":150942.203125,
        "posZ":61.380001068115,
        "rotX":-0.025380719453096
      },
      "stats":{
        "healthModified":15,
        "magickaModified":5,
        "fatigueModified":28,
        "healthBase":15,
        "healthCurrent":15,
        "magickaBase":5,
        "magickaCurrent":5,
        "fatigueBase":28,
        "fatigueCurrent":28
      },
      "inventory":[{
          "refId":"ingred_crab_meat_01",
          "count":1,
          "charge":-1,
          "enchantmentCharge":-1,
          "soul":""
        }]
    },
    "313078-0":{
      "refId":"barrel_02",
      "inventory":[]
    },
    "0-741":{
      "refId":"rat",
      "location":{
        "rotZ":2.7151930332184,
        "rotY":0,
        "posX":-50968.73046875,
        "posY":151251.375,
        "posZ":360.53436279297,
        "rotX":-0.19752143323421
      },
      "stats":{
        "healthModified":23,
        "magickaModified":10,
        "fatigueModified":300,
        "healthBase":23,
        "healthCurrent":23,
        "magickaBase":10,
        "magickaCurrent":10,
        "fatigueBase":300,
        "fatigueCurrent":300
      },
      "inventory":[]
    },
    "389546-0":{
      "refId":"barrel_02_floater_ing",
      "inventory":[{
          "refId":"ingred_racer_plumes_01",
          "count":1,
          "charge":-1,
          "enchantmentCharge":-1,
          "soul":""
        },{
          "refId":"ingred_hackle-lo_leaf_01",
          "count":1,
          "charge":-1,
          "enchantmentCharge":-1,
          "soul":""
        },{
          "refId":"ingred_bittergreen_petals_01",
          "count":1,
          "charge":-1,
          "enchantmentCharge":-1,
          "soul":""
        },{
          "refId":"ingred_rat_meat_01",
          "count":1,
          "charge":-1,
          "enchantmentCharge":-1,
          "soul":""
        },{
          "refId":"ingred_scamp_skin_01",
          "count":1,
          "charge":-1,
          "enchantmentCharge":-1,
          "soul":""
        }]
    },
    "0-737":{
      "refId":"slaughterfish_small",
      "location":{
        "rotZ":-1.5920035839081,
        "rotY":0,
        "posX":-53787.07421875,
        "posY":153434.625,
        "posZ":-528.08569335938,
        "rotX":0
      },
      "stats":{
        "healthModified":15,
        "magickaModified":10,
        "fatigueModified":300,
        "healthBase":15,
        "healthCurrent":15,
        "magickaBase":10,
        "magickaCurrent":10,
        "fatigueBase":300,
        "fatigueCurrent":299.98706054688
      },
      "inventory":[]
    },
    "389547-0":{
      "refId":"barrel_02_floater",
      "inventory":[]
    },
    "0-739":{
      "refId":"mudcrab-diseased",
      "location":{
        "rotZ":1.0875799655914,
        "rotY":0,
        "posX":-54986.921875,
        "posY":150671.78125,
        "posZ":273.87542724609,
        "rotX":0.66405683755875
      },
      "stats":{
        "healthModified":15,
        "magickaModified":5,
        "fatigueModified":30,
        "healthBase":15,
        "healthCurrent":15,
        "magickaBase":5,
        "magickaCurrent":5,
        "fatigueBase":30,
        "fatigueCurrent":30
      },
      "inventory":[{
          "refId":"ingred_crab_meat_01",
          "count":1,
          "charge":-1,
          "enchantmentCharge":-1,
          "soul":""
        }]
    },
    "402466-0":{
      "refId":"kollop_02_pearl",
      "inventory":[]
    },
    "402467-0":{
      "refId":"kollop_03_pearl",
      "inventory":[{
          "refId":"ingred_pearl_01",
          "count":1,
          "charge":-1,
          "enchantmentCharge":-1,
          "soul":""
        }]
    },
    "402494-0":{
      "refId":"kollop_03_pearl",
      "inventory":[]
    },
    "402495-0":{
      "refId":"kollop_02_pearl",
      "inventory":[{
          "refId":"ingred_pearl_01",
          "count":1,
          "charge":-1,
          "enchantmentCharge":-1,
          "soul":""
        }]
    },
    "402496-0":{
      "refId":"kollop_01_pearl",
      "inventory":[{
          "refId":"ingred_pearl_01",
          "count":1,
          "charge":-1,
          "enchantmentCharge":-1,
          "soul":""
        }]
    },
    "355312-0":{
      "cellChangeTo":"-7, 19"
    },
    "355313-0":{
      "cellChangeTo":"-7, 19"
    },
    "0-738":{
      "refId":"slaughterfish_small",
      "location":{
        "rotZ":-1.7865278720856,
        "rotY":0,
        "posX":-57145.375,
        "posY":149866.9375,
        "posZ":-220.37289428711,
        "rotX":0.0014478350058198
      },
      "stats":{
        "healthModified":15,
        "magickaModified":10,
        "fatigueModified":300,
        "healthBase":15,
        "healthCurrent":15,
        "magickaBase":10,
        "magickaCurrent":10,
        "fatigueBase":300,
        "fatigueCurrent":300
      },
      "inventory":[{
          "refId":"ingred_scales_01",
          "count":1,
          "charge":-1,
          "enchantmentCharge":-1,
          "soul":""
        }]
    },
    "402465-0":{
      "refId":"kollop_01_pearl",
      "inventory":[{
          "refId":"ingred_pearl_01",
          "count":1,
          "charge":-1,
          "enchantmentCharge":-1,
          "soul":""
        }]
    }
  },
  "loadState":{
    "hasFullContainerData":true,
    "hasFullActorList":true
  }
}