{
  "packets":{
    "actorList":["0-617","0-620","0-614","0-616","0-619","0-618"],
    "ai":[],
    "cellChangeFrom":[],
    "cellChangeTo":[],
    "container":["333743-0","333744-0","474890-0","474891-0","474892-0","474893-0","474894-0","474895-0","474896-0","474897-0","474898-0","474899-0","474900-0","474901-0","474902-0","474904-0","474907-0","474908-0","474909-0","474910-0","474911-0","474912-0","474913-0","474914-0","474915-0","474916-0","474917-0","474918-0","474919-0","474920-0","474921-0","0-617","0-620","0-614","0-616","0-618","0-619"],
    "death":[],
    "delete":[],
    "doorState":[],
    "equipment":[],
    "lock":[],
    "place":[],
    "position":["0-614","0-616","0-617","0-620","0-619","0-618"],
    "scale":[],
    "spawn":["0-617","0-620","0-614","0-616","0-619","0-618"],
    "state":[],
    "statsDynamic":["0-614","0-616","0-617","0-620","0-619","0-618"],
    "trap":[],
    "miscellaneous":[],
    "clientScriptLocal":[],
    "spellsActive":[]
  },
  "entry":{
    "description":"-8, 17",
    "creationTime":1716738258
  },
  "lastVisit":{
    "Fidgug":1716741429,
    "Benoit":1716741431
  },
  "recordLinks":[],
  "objectData":{
    "0-617":{
      "refId":"nix-hound",
      "location":{
        "rotZ":-2.2846477031708,
        "rotY":0,
        "posX":-62422.453125,
        "posY":140872.421875,
        "posZ":978.46917724609,
        "rotX":0.68717104196548
      },
      "stats":{
        "healthModified":23,
        "magickaModified":10,
        "fatigueModified":400,
        "healthBase":23,
        "healthCurrent":23,
        "magickaBase":10,
        "magickaCurrent":10,
        "fatigueBase":400,
        "fatigueCurrent":400
      },
      "inventory":[{
          "refId":"ingred_hound_meat_01",
          "count":1,
          "charge":-1,
          "enchantmentCharge":-1,
          "soul":""
        }]
    },
    "0-619":{
      "refId":"slaughterfish",
      "location":{
        "rotZ":-2.2641870975494,
        "rotY":0,
        "posX":-65489.234375,
        "posY":141360.3125,
        "posZ":-253.8600769043,
        "rotX":-0.0083783278241754
      },
      "stats":{
        "healthModified":23,
        "magickaModified":10,
        "fatigueModified":400,
        "healthBase":23,
        "healthCurrent":23,
        "magickaBase":10,
        "magickaCurrent":10,
        "fatigueBase":400,
        "fatigueCurrent":400
      },
      "inventory":[{
          "refId":"ingred_scales_01",
          "count":2,
          "charge":-1,
          "enchantmentCharge":-1,
          "soul":""
        }]
    },
    "0-620":{
      "refId":"scrib",
      "location":{
        "rotZ":-1.0662653446198,
        "rotY":0,
        "posX":-58544.453125,
        "posY":142386.15625,
        "posZ":776.58172607422,
        "rotX":-0.11448725312948
      },
      "stats":{
        "healthModified":8,
        "magickaModified":12,
        "fatigueModified":300,
        "healthBase":8,
        "healthCurrent":8,
        "magickaBase":12,
        "magickaCurrent":12,
        "fatigueBase":300,
        "fatigueCurrent":300
      },
      "inventory":[]
    },
    "0-614":{
      "refId":"kwama forager",
      "location":{
        "rotZ":0.26813554763794,
        "rotY":0,
        "posX":-61232.9765625,
        "posY":145296.53125,
        "posZ":720.421875,
        "rotX":0.36987838149071
      },
      "stats":{
        "healthModified":23,
        "magickaModified":15,
        "fatigueModified":300,
        "healthBase":23,
        "healthCurrent":23,
        "magickaBase":15,
        "magickaCurrent":15,
        "fatigueBase":300,
        "fatigueCurrent":300
      },
      "inventory":[]
    },
    "0-616":{
      "refId":"scrib",
      "location":{
        "rotZ":-3.0907356739044,
        "rotY":0,
        "posX":-59677.921875,
        "posY":144230.078125,
        "posZ":707.396484375,
        "rotX":0.43726950883865
      },
      "stats":{
        "healthModified":8,
        "magickaModified":12,
        "fatigueModified":300,
        "healthBase":8,
        "healthCurrent":8,
        "magickaBase":12,
        "magickaCurrent":12,
        "fatigueBase":300,
        "fatigueCurrent":300
      },
      "inventory":[{
          "refId":"ingred_scrib_jelly_01",
          "count":1,
          "charge":-1,
          "enchantmentCharge":-1,
          "soul":""
        }]
    },
    "333743-0":{
      "refId":"flora_chokeweed_02",
      "inventory":[{
          "refId":"ingred_chokeweed_01",
          "count":1,
          "charge":-1,
          "enchantmentCharge":-1,
          "soul":""
        }]
    },
    "333744-0":{
      "refId":"flora_chokeweed_02",
      "inventory":[{
          "refId":"ingred_chokeweed_01",
          "count":1,
          "charge":-1,
          "enchantmentCharge":-1,
          "soul":""
        }]
    },
    "474890-0":{
      "refId":"flora_bittergreen_pod_01",
      "inventory":[]
    },
    "474891-0":{
      "refId":"flora_bittergreen_01",
      "inventory":[]
    },
    "474892-0":{
      "refId":"flora_bittergreen_02",
      "inventory":[{
          "refId":"ingred_bittergreen_petals_01",
          "count":1,
          "charge":-1,
          "enchantmentCharge":-1,
          "soul":""
        }]
    },
    "474893-0":{
      "refId":"flora_bittergreen_03",
      "inventory":[{
          "refId":"ingred_bittergreen_petals_01",
          "count":3,
          "charge":-1,
          "enchantmentCharge":-1,
          "soul":""
        }]
    },
    "474894-0":{
      "refId":"flora_bittergreen_04",
      "inventory":[{
          "refId":"ingred_bittergreen_petals_01",
          "count":2,
          "charge":-1,
          "enchantmentCharge":-1,
          "soul":""
        }]
    },
    "474895-0":{
      "refId":"flora_bittergreen_05",
      "inventory":[{
          "refId":"ingred_bittergreen_petals_01",
          "count":2,
          "charge":-1,
          "enchantmentCharge":-1,
          "soul":""
        }]
    },
    "474896-0":{
      "refId":"flora_kreshweed_01",
      "inventory":[{
          "refId":"ingred_kresh_fiber_01",
          "count":1,
          "charge":-1,
          "enchantmentCharge":-1,
          "soul":""
        }]
    },
    "474897-0":{
      "refId":"flora_kreshweed_02",
      "inventory":[{
          "refId":"ingred_kresh_fiber_01",
          "count":1,
          "charge":-1,
          "enchantmentCharge":-1,
          "soul":""
        }]
    },
    "474898-0":{
      "refId":"flora_chokeweed_02",
      "inventory":[]
    },
    "474899-0":{
      "refId":"flora_stoneflower_01",
      "inventory":[{
          "refId":"ingred_stoneflower_petals_01",
          "count":1,
          "charge":-1,
          "enchantmentCharge":-1,
          "soul":""
        }]
    },
    "474900-0":{
      "refId":"flora_kreshweed_01",
      "inventory":[{
          "refId":"ingred_kresh_fiber_01",
          "count":1,
          "charge":-1,
          "enchantmentCharge":-1,
          "soul":""
        }]
    },
    "474901-0":{
      "refId":"flora_kreshweed_03",
      "inventory":[{
          "refId":"ingred_kresh_fiber_01",
          "count":1,
          "charge":-1,
          "enchantmentCharge":-1,
          "soul":""
        }]
    },
    "474902-0":{
      "refId":"flora_kreshweed_01",
      "inventory":[{
          "refId":"ingred_kresh_fiber_01",
          "count":1,
          "charge":-1,
          "enchantmentCharge":-1,
          "soul":""
        }]
    },
    "474904-0":{
      "refId":"flora_chokeweed_02",
      "inventory":[{
          "refId":"ingred_chokeweed_01",
          "count":1,
          "charge":-1,
          "enchantmentCharge":-1,
          "soul":""
        }]
    },
    "474907-0":{
      "refId":"flora_muckspunge_02",
      "inventory":[{
          "refId":"ingred_muck_01",
          "count":1,
          "charge":-1,
          "enchantmentCharge":-1,
          "soul":""
        }]
    },
    "474908-0":{
      "refId":"flora_muckspunge_05",