{
  "packets":{
    "actorList":["0-610","0-608","0-609","297843-0","476740-0","0-600","0-618"],
    "ai":[],
    "cellChangeFrom":[],
    "cellChangeTo":[],
    "container":["333755-0","333756-0","333757-0","333758-0","333759-0","333760-0","333761-0","333768-0","333769-0","333770-0","333771-0","333772-0","367569-0","367570-0","470747-0","470748-0","470749-0","470750-0","470751-0","474923-0","474924-0","474928-0","474929-0","474930-0","474931-0","474932-0","297843-0","476740-0","0-610","0-608","0-609","0-600","0-618"],
    "death":["0-600"],
    "delete":[],
    "doorState":[],
    "equipment":[],
    "lock":[],
    "place":[],
    "position":["476740-0","0-608","0-609","0-610","0-600","0-618"],
    "scale":[],
    "spawn":["0-610","0-608","0-609","0-600","0-618"],
    "state":["297843-0"],
    "statsDynamic":["476740-0","0-608","0-609","0-610","0-600","0-618"],
    "trap":[],
    "clientScriptLocal":[],
    "spellsActive":[],
    "miscellaneous":[]
  },
  "entry":{
    "description":"-8, 16",
    "creationTime":1713904668
  },
  "lastVisit":{
    "Benoit":1717181559,
    "Fidgug":1717181956
  },
  "recordLinks":[],
  "objectData":{
    "297843-0":{
      "refId":"dreamer_talker10",
      "inventory":[{
          "refId":"common_pants_03",
          "count":1,
          "charge":-1,
          "enchantmentCharge":-1,
          "soul":""
        },{
          "refId":"ingred_6th_corprusmeat_01",
          "count":1,
          "charge":-1,
          "enchantmentCharge":-1,
          "soul":""
        },{
          "refId":"chitin club",
          "count":1,
          "charge":-1,
          "enchantmentCharge":-1,
          "soul":""
        }],
      "state":false
    },
    "0-610":{
      "refId":"scrib blighted",
      "location":{
        "posX":-61473.0234375,
        "posY":135270.84375,
        "posZ":1209.2194824219,
        "rotX":-0.033001430332661,
        "rotZ":1.4266717433929,
        "rotY":0
      },
      "stats":{
        "healthBase":30,
        "healthCurrent":30,
        "magickaBase":12,
        "fatigueBase":400,
        "fatigueCurrent":400,
        "healthModified":30,
        "magickaModified":12,
        "fatigueModified":400,
        "magickaCurrent":12
      },
      "inventory":[{
          "refId":"ingred_scrib_jelly_01",
          "count":3,
          "charge":-1,
          "enchantmentCharge":-1,
          "soul":""
        }]
    },
    "0-608":{
      "refId":"scrib",
      "location":{
        "posX":-64955.0625,
        "posY":133177.71875,
        "posZ":975.62536621094,
        "rotX":-0.058838471770287,
        "rotZ":-1.3347475528717,
        "rotY":0
      },
      "stats":{
        "healthBase":8,
        "healthCurrent":8,
        "magickaBase":12,
        "fatigueBase":300,
        "fatigueCurrent":300,
        "healthModified":8,
        "magickaModified":12,
        "fatigueModified":300,
        "magickaCurrent":12
      },
      "inventory":[]
    },
    "0-609":{
      "refId":"netch_bull",
      "location":{
        "posX":-62051.390625,
        "posY":135247.71875,
        "posZ":1413.5618896484,
        "rotX":0.51441586017609,
        "rotZ":1.9268662929535,
        "rotY":0
      },
      "stats":{
        "healthBase":45,
        "healthCurrent":45,
        "magickaBase":100,
        "fatigueBase":400,
        "fatigueCurrent":400,
        "healthModified":45,
        "magickaModified":100,
        "fatigueModified":400,
        "magickaCurrent":100
      },
      "inventory":[{
          "refId":"ingred_netch_leather_01",
          "count":4,
          "charge":-1,
          "enchantmentCharge":-1,
          "soul":""
        }]
    },
    "476740-0":{
      "refId":"kwama worker entrance",
      "location":{
        "posX":-63130.09765625,
        "posY":136421.28125,
        "posZ":700.66949462891,
        "rotX":-0.0096009708940983,
        "rotZ":0.31660962104797,
        "rotY":0
      },
      "stats":{
        "healthBase":30,
        "healthCurrent":30,
        "magickaBase":8,
        "fatigueBase":300,
        "fatigueCurrent":300,
        "healthModified":30,
        "magickaModified":8,
        "fatigueModified":300,
        "magickaCurrent":8
      },
      "inventory":[{
          "refId":"food_kwama_egg_01",
          "count":1,
          "charge":-1,
          "enchantmentCharge":-1,
          "soul":""
        }]
    },
    "0-600":{
      "refId":"nix-hound",
      "location":{
        "posX":-57552.21875,
        "posY":132093.640625,
        "posZ":1397.2631835938,
        "rotX":0.031062304973602,
        "rotZ":0.65526413917542,
        "rotY":0
      },
      "stats":{
        "healthBase":23,
        "healthCurrent":0,
        "magickaBase":10,
        "fatigueBase":400,
        "fatigueCurrent":395.8515625,
        "healthModified":23,
        "magickaModified":10,
        "fatigueModified":400,
        "magickaCurrent":10
      },
      "inventory":[{
          "refId":"ingred_hound_meat_01",
          "count":1,
          "charge":-1,
          "enchantmentCharge":-1,
          "soul":""
        }],
      "killer":{
        "playerName":"Fidgug"
      },
      "deathState":38
    },
    "0-618":{
      "refId":"scrib diseased",
      "location":{
        "posX":-61663.734375,
        "posY":139189.40625,
        "posZ":1079.9957275391,
        "rotX":-0.035318367183208,
        "rotZ":1.3708870410919,
        "rotY":0
      },
      "stats":{
        "healthBase":8,
        "healthCurrent":8,
        "magickaBase":12,
        "fatigueBase":76,
        "fatigueCurrent":76,
        "healthModified":8,
        "magickaModified":12,
        "fatigueModified":76,
        "magickaCurrent":12
      },
      "inventory":[{
          "refId":"ingred_scrib_jelly_01",
          "count":2,
          "charge":-1,
          "enchantmentCharge":-1,
          "soul":""
        }]
    },
    "333755-0":{
      "refId":"flora_chokeweed_02",
      "inventory":[{
          "refId":"ingred_chokeweed_01",
          "count":1,
          "charge":-1,
          "enchantmentCharge":-1,
          "soul":""
        }]
    },
    "333756-0":{
      "refId":"flora_chokeweed_02",
      "inventory":[{
          "refId":"ingred_chokeweed_01",
          "count":1,
          "charge":-1,
          "enchantmentCharge":-1,
          "soul":""
        }]
    },
    "333757-0":{
      "refId":"flora_chokeweed_02",
      "inventory":[{
          "refId":"ingred_chokeweed_01",
          "count":1,
          "charge":-1,
          "enchantmentCharge":-1,
          "soul":""
        }]
    },
    "333758-0":{
      "refId":"flora_chokeweed_02",
      "inventory":[{
          "refId":"ingred_chokeweed_01",
          "count":1,
          "charge":-1,
          "enchantmentCharge":-1,
          "soul":""
        }]
    },
    "333759-0":{
      "refId":"flora_chokeweed_02",
      "inventory":[{
          "refId":"ingred_chokeweed_01",
          "count":1,
          "charge":-1,
          "enchantmentCharge":-1,
          "soul":""
        }]
    },
    "333760-0":{
      "refId":"flora_chokeweed_02",
      "inventory":[{
          "refId":"ingred_chokeweed_01",
          "count":1,
          "charge":-1,
          "enchantmentCharge":-1,
          "soul":""
        }]
    },
    "333761-0":{
      "refId":"flora_chokeweed_02",
      "inventory":[{
          "refId":"ingred_chokeweed_01",
          "count":1,
          "charge":-1,
          "enchantmentCharge":-1,
          "soul":""
        }]
    },
    "333768-0":{
      "refId":"flora_chokeweed_02",
      "inventory":[{
          "refId":"ingred_chokeweed_01",
          "count":1,
          "charge":-1,
          "enchantmentCharge":-1,
          "soul":""
        }]
    },
    "333769-0":{
      "refId":"flora_chokeweed_02",
      "inventory":[{
          "refId":"ingred_chokeweed_01",
          "count":1,
          "charge":-1,
          "enchantmentCharge":-1,
          "soul":""
        }]
    },
    "333770-0":{
      "refId":"flora_chokeweed_02",