{
  "packets":{
    "actorList":["0-747","0-748","0-615","355332-0"],
    "ai":[],
    "cellChangeFrom":[],
    "cellChangeTo":[],
    "container":["402727-0","402728-0","402729-0","402730-0","402731-0","402732-0","402733-0","402734-0","402735-0","402736-0","402737-0","402738-0","402740-0","402741-0","402742-0","402743-0","402744-0","402745-0","402746-0","402747-0","402748-0","402763-0","402764-0","402765-0","402775-0","402776-0","402777-0","402778-0","402779-0","402780-0","402781-0","402782-0","402783-0","402839-0","402840-0","402841-0","402842-0","402843-0","402844-0","0-747","0-748","0-615","355332-0"],
    "death":[],
    "delete":[],
    "doorState":[],
    "equipment":[],
    "lock":[],
    "place":[],
    "position":["0-747","0-748","0-615","355332-0"],
    "scale":[],
    "spawn":["0-747","0-748","0-615"],
    "state":[],
    "statsDynamic":["0-747","0-748","0-615","355332-0"],
    "trap":[],
    "clientScriptLocal":[],
    "spellsActive":[],
    "miscellaneous":[]
  },
  "entry":{
    "description":"-8, 18",
    "creationTime":1716741255
  },
  "lastVisit":{
    "Benoit":1719600255,
    "Fidgug":1719600254
  },
  "recordLinks":[],
  "objectData":{
    "355332-0":{
      "refId":"slaughterfish",
      "location":{
        "posX":-57351.25390625,
        "posY":152371.703125,
        "posZ":-229.41802978516,
        "rotX":0,
        "rotY":0,
        "rotZ":-1.8663218021393
      },
      "stats":{
        "magickaCurrent":10,
        "fatigueBase":400,
        "fatigueCurrent":400,
        "healthModified":23,
        "magickaModified":10,
        "fatigueModified":400,
        "healthBase":23,
        "healthCurrent":23,
        "magickaBase":10
      },
      "inventory":[]
    },
    "0-747":{
      "refId":"slaughterfish",
      "location":{
        "posX":-61664.68359375,
        "posY":150515.125,
        "posZ":-138.16354370117,
        "rotX":-5.9911981225014e-06,
        "rotY":0,
        "rotZ":1.4052860736847
      },
      "stats":{
        "magickaCurrent":10,
        "fatigueBase":400,
        "fatigueCurrent":400,
        "healthModified":23,
        "magickaModified":10,
        "fatigueModified":400,
        "healthBase":23,
        "healthCurrent":23,
        "magickaBase":10
      },
      "inventory":[{
          "refId":"ingred_scales_01",
          "count":2,
          "charge":-1,
          "enchantmentCharge":-1,
          "soul":""
        }]
    },
    "0-748":{
      "refId":"dreugh",
      "location":{
        "posX":-63879.26171875,
        "posY":148589.890625,
        "posZ":-502.65679931641,
        "rotX":0,
        "rotY":0,
        "rotZ":-1.82093501091
      },
      "stats":{
        "magickaCurrent":75,
        "fatigueBase":400,
        "fatigueCurrent":400,
        "healthModified":60,
        "magickaModified":75,
        "fatigueModified":400,
        "healthBase":60,
        "healthCurrent":60,
        "magickaBase":75
      },
      "inventory":[{
          "refId":"ingred_dreugh_wax_01",
          "count":1,
          "charge":-1,
          "enchantmentCharge":-1,
          "soul":""
        }]
    },
    "402727-0":{
      "refId":"kollop_01_pearl",
      "inventory":[{
          "refId":"ingred_pearl_01",
          "count":1,
          "charge":-1,
          "enchantmentCharge":-1,
          "soul":""
        }]
    },
    "402728-0":{
      "refId":"kollop_02_pearl",
      "inventory":[{
          "refId":"ingred_pearl_01",
          "count":1,
          "charge":-1,
          "enchantmentCharge":-1,
          "soul":""
        }]
    },
    "402729-0":{
      "refId":"kollop_03_pearl",
      "inventory":[]
    },
    "402730-0":{
      "refId":"kollop_01_pearl",
      "inventory":[]
    },
    "402731-0":{
      "refId":"kollop_02_pearl",
      "inventory":[]
    },
    "402732-0":{
      "refId":"kollop_03_pearl",
      "inventory":[]
    },
    "402733-0":{
      "refId":"kollop_01_pearl",
      "inventory":[]
    },
    "402734-0":{
      "refId":"kollop_02_pearl",
      "inventory":[]
    },
    "402735-0":{
      "refId":"kollop_03_pearl",
      "inventory":[{
          "refId":"ingred_pearl_01",
          "count":1,
          "charge":-1,
          "enchantmentCharge":-1,
          "soul":""
        }]
    },
    "402736-0":{
      "refId":"kollop_01_pearl",
      "inventory":[{
          "refId":"ingred_pearl_01",
          "count":1,
          "charge":-1,
          "enchantmentCharge":-1,
          "soul":""
        }]
    },
    "402737-0":{
      "refId":"kollop_02_pearl",
      "inventory":[]
    },
    "402738-0":{
      "refId":"kollop_03_pearl",
      "inventory":[]
    },
    "402740-0":{
      "refId":"kollop_01_pearl",
      "inventory":[]
    },
    "402741-0":{
      "refId":"kollop_02_pearl",
      "inventory":[]
    },
    "402742-0":{
      "refId":"kollop_03_pearl",
      "inventory":[]
    },
    "402743-0":{
      "refId":"kollop_01_pearl",
      "inventory":[]
    },
    "402744-0":{
      "refId":"kollop_02_pearl",
      "inventory":[{
          "refId":"ingred_pearl_01",
          "count":1,
          "charge":-1,
          "enchantmentCharge":-1,
          "soul":""
        }]
    },
    "402745-0":{
      "refId":"kollop_03_pearl",
      "inventory":[]
    },
    "402746-0":{
      "refId":"kollop_01_pearl",
      "inventory":[{
          "refId":"ingred_pearl_01",
          "count":1,
          "charge":-1,
          "enchantmentCharge":-1,
          "soul":""
        }]
    },
    "402747-0":{
      "refId":"kollop_02_pearl",
      "inventory":[{
          "refId":"ingred_pearl_01",
          "count":1,
          "charge":-1,
          "enchantmentCharge":-1,
          "soul":""
        }]
    },
    "402748-0":{
      "refId":"kollop_03_pearl",
      "inventory":[{
          "refId":"ingred_pearl_01",
          "count":1,
          "charge":-1,
          "enchantmentCharge":-1,
          "soul":""
        }]
    },
    "402763-0":{
      "refId":"kollop_01_pearl",
      "inventory":[]
    },
    "402764-0":{
      "refId":"kollop_02_pearl",
      "inventory":[]
    },
    "402765-0":{
      "refId":"kollop_03_pearl",
      "inventory":[{
          "refId":"ingred_pearl_01",
          "count":1,
          "charge":-1,
          "enchantmentCharge":-1,
          "soul":""
        }]
    },
    "402775-0":{
      "refId":"kollop_01_pearl",
      "inventory":[{
          "refId":"ingred_pearl_01",
          "count":1,
          "charge":-1,
          "enchantmentCharge":-1,
          "soul":""
        }]
    },
    "402776-0":{
      "refId":"kollop_02_pearl",
      "inventory":[]
    },
    "402777-0":{
      "refId":"kollop_03_pearl",
      "inventory":[]
    },
    "402778-0":{
      "refId":"kollop_01_pearl",
      "inventory":[{
          "refId":"ingred_pearl_01",
          "count":1,
          "charge":-1,
          "enchantmentCharge":-1,
          "soul":""
        }]
    },
    "402779-0":{
      "refId":"kollop_02_pearl",
      "inventory":[{
          "refId":"ingred_pearl_01",
          "count":1,
          "charge":-1,
          "enchantmentCharge":-1,
          "soul":""
        }]
    },
    "402780-0":{
      "refId":"kollop_03_pearl",
      "inventory":[]
    },
    "402781-0":{
      "refId":"kollop_01_pearl",
      "inventory":[{
          "refId":"ingred_pearl_01",
          "count":1,
          "charge":-1,
          "enchantmentCharge":-1,
          "soul":""
        }]
    },
    "402782-0":{
      "refId":"kollop_02_pearl",
      "inventory":[]
    },
    "402783-0":{
      "refId":"kollop_03_pearl",
      "inventory":[{
          "refId":"ingred_pearl_01",
          "count":1,
          "charge":-1,
          "enchantmentCharge":-1,
          "soul":""
        }]
    },
    "402839-0":{
      "refId":"kollop_01_pearl",
      "inventory":[{
          "refId":"ingred_pearl_01",
          "count":1,
          "charge":-1,
          "enchantmentCharge":-1,
          "soul":""
        }]
    },