{
  "packets":{
    "actorList":["0-617","0-620","0-614","0-616"],
    "ai":[],
    "cellChangeFrom":[],
    "cellChangeTo":[],
    "container":["333743-0","333744-0","474890-0","474891-0","474892-0","474893-0","474894-0","474895-0","474896-0","474897-0","474898-0","474899-0","474900-0","474901-0","474902-0","474904-0","474907-0","474908-0","474909-0","474910-0","474911-0","474912-0","474913-0","474914-0","474915-0","474916-0","474917-0","474918-0","474919-0","474920-0","474921-0","0-617","0-620","0-614","0-616"],
    "death":[],
    "delete":[],
    "doorState":[],
    "equipment":[],
    "lock":[],
    "place":[],
    "position":["0-614","0-616","0-617","0-620"],
    "scale":[],
    "spawn":["0-617","0-620","0-614","0-616"],
    "state":[],
    "statsDynamic":["0-614","0-616","0-617","0-620"],
    "trap":[],
    "clientScriptLocal":[],
    "spellsActive":[],
    "miscellaneous":[]
  },
  "entry":{
    "description":"-8, 17",
    "creationTime":1716738258
  },
  "lastVisit":{
    "Benoit":1719600255,
    "Fidgug":1719600254
  },
  "recordLinks":[],
  "objectData":{
    "0-617":{
      "refId":"nix-hound",
      "location":{
        "posX":-62439.6796875,
        "posY":140715.03125,
        "posZ":920.17425537109,
        "rotX":0.18978074193001,
        "rotY":0,
        "rotZ":-0.78481388092041
      },
      "stats":{
        "magickaCurrent":10,
        "fatigueBase":400,
        "fatigueCurrent":400,
        "healthModified":23,
        "magickaModified":10,
        "fatigueModified":400,
        "healthBase":23,
        "healthCurrent":23,
        "magickaBase":10
      },
      "inventory":[{
          "refId":"ingred_hound_meat_01",
          "count":1,
          "charge":-1,
          "enchantmentCharge":-1,
          "soul":""
        }]
    },
    "0-620":{
      "refId":"scrib",
      "location":{
        "posX":-58544.453125,
        "posY":142386.15625,
        "posZ":776.58203125,
        "rotX":-0.11448725312948,
        "rotY":0,
        "rotZ":-1.0662653446198
      },
      "stats":{
        "magickaCurrent":12,
        "fatigueBase":300,
        "fatigueCurrent":300,
        "healthModified":8,
        "magickaModified":12,
        "fatigueModified":300,
        "healthBase":8,
        "healthCurrent":8,
        "magickaBase":12
      },
      "inventory":[]
    },
    "0-614":{
      "refId":"kwama forager",
      "location":{
        "posX":-60453.0234375,
        "posY":144571.28125,
        "posZ":962.07922363281,
        "rotX":-0.10062801837921,
        "rotY":0,
        "rotZ":2.5773785114288
      },
      "stats":{
        "magickaCurrent":15,
        "fatigueBase":300,
        "fatigueCurrent":300,
        "healthModified":23,
        "magickaModified":15,
        "fatigueModified":300,
        "healthBase":23,
        "healthCurrent":23,
        "magickaBase":15
      },
      "inventory":[]
    },
    "0-616":{
      "refId":"scrib",
      "location":{
        "posX":-58539.4296875,
        "posY":143452.375,
        "posZ":524.55145263672,
        "rotX":0.73822748661041,
        "rotY":0,
        "rotZ":-0.41155600547791
      },
      "stats":{
        "magickaCurrent":12,
        "fatigueBase":300,
        "fatigueCurrent":300,
        "healthModified":8,
        "magickaModified":12,
        "fatigueModified":300,
        "healthBase":8,
        "healthCurrent":8,
        "magickaBase":12
      },
      "inventory":[{
          "refId":"ingred_scrib_jelly_01",
          "count":1,
          "charge":-1,
          "enchantmentCharge":-1,
          "soul":""
        }]
    },
    "333743-0":{
      "refId":"flora_chokeweed_02",
      "inventory":[{
          "refId":"ingred_chokeweed_01",
          "count":1,
          "charge":-1,
          "enchantmentCharge":-1,
          "soul":""
        }]
    },
    "333744-0":{
      "refId":"flora_chokeweed_02",
      "inventory":[{
          "refId":"ingred_chokeweed_01",
          "count":1,
          "charge":-1,
          "enchantmentCharge":-1,
          "soul":""
        }]
    },
    "474890-0":{
      "refId":"flora_bittergreen_pod_01",
      "inventory":[]
    },
    "474891-0":{
      "refId":"flora_bittergreen_01",
      "inventory":[]
    },
    "474892-0":{
      "refId":"flora_bittergreen_02",
      "inventory":[{
          "refId":"ingred_bittergreen_petals_01",
          "count":1,
          "charge":-1,
          "enchantmentCharge":-1,
          "soul":""
        }]
    },
    "474893-0":{
      "refId":"flora_bittergreen_03",
      "inventory":[{
          "refId":"ingred_bittergreen_petals_01",
          "count":3,
          "charge":-1,
          "enchantmentCharge":-1,
          "soul":""
        }]
    },
    "474894-0":{
      "refId":"flora_bittergreen_04",
      "inventory":[{
          "refId":"ingred_bittergreen_petals_01",
          "count":2,
          "charge":-1,
          "enchantmentCharge":-1,
          "soul":""
        }]
    },
    "474895-0":{
      "refId":"flora_bittergreen_05",
      "inventory":[]
    },
    "474896-0":{
      "refId":"flora_kreshweed_01",
      "inventory":[{
          "refId":"ingred_kresh_fiber_01",
          "count":1,
          "charge":-1,
          "enchantmentCharge":-1,
          "soul":""
        }]
    },
    "474897-0":{
      "refId":"flora_kreshweed_02",
      "inventory":[{
          "refId":"ingred_kresh_fiber_01",
          "count":1,
          "charge":-1,
          "enchantmentCharge":-1,
          "soul":""
        }]
    },
    "474898-0":{
      "refId":"flora_chokeweed_02",
      "inventory":[]
    },
    "474899-0":{
      "refId":"flora_stoneflower_01",
      "inventory":[{
          "refId":"ingred_stoneflower_petals_01",
          "count":1,
          "charge":-1,
          "enchantmentCharge":-1,
          "soul":""
        }]
    },
    "474900-0":{
      "refId":"flora_kreshweed_01",
      "inventory":[{
          "refId":"ingred_kresh_fiber_01",
          "count":1,
          "charge":-1,
          "enchantmentCharge":-1,
          "soul":""
        }]
    },
    "474901-0":{
      "refId":"flora_kreshweed_03",
      "inventory":[{
          "refId":"ingred_kresh_fiber_01",
          "count":1,
          "charge":-1,
          "enchantmentCharge":-1,
          "soul":""
        }]
    },
    "474902-0":{
      "refId":"flora_kreshweed_01",
      "inventory":[{
          "refId":"ingred_kresh_fiber_01",
          "count":1,
          "charge":-1,
          "enchantmentCharge":-1,
          "soul":""
        }]
    },
    "474904-0":{
      "refId":"flora_chokeweed_02",
      "inventory":[{
          "refId":"ingred_chokeweed_01",
          "count":1,
          "charge":-1,
          "enchantmentCharge":-1,
          "soul":""
        }]
    },
    "474907-0":{
      "refId":"flora_muckspunge_02",
      "inventory":[{
          "refId":"ingred_muck_01",
          "count":1,
          "charge":-1,
          "enchantmentCharge":-1,
          "soul":""
        }]
    },
    "474908-0":{
      "refId":"flora_muckspunge_05",
      "inventory":[{
          "refId":"ingred_muck_01",
          "count":1,
          "charge":-1,
          "enchantmentCharge":-1,
          "soul":""
        }]
    },
    "474909-0":{
      "refId":"flora_muckspunge_06",
      "inventory":[]
    },
    "474910-0":{
      "refId":"flora_stoneflower_02",
      "inventory":[{
          "refId":"ingred_stoneflower_petals_01",
          "count":1,
          "charge":-1,
          "enchantmentCharge":-1,
          "soul":""
        }]
    },
    "474911-0":{
      "refId":"flora_chokeweed_02",
      "inventory":[{
          "refId":"ingred_chokeweed_01",
          "count":1,
          "charge":-1,
          "enchantmentCharge":-1,
          "soul":""
        }]
    },
    "474912-0":{
      "refId":"flora_kreshweed_01",
      "inventory":[{
          "refId":"ingred_kresh_fiber_01",
          "count":1,
          "charge":-1,
          "enchantmentCharge":-1,
          "soul":""
        }]
    },