{
  "packets":{
    "actorList":["0-617","0-620","0-614","0-616","0-619","0-615"],
    "ai":[],
    "cellChangeFrom":[],
    "cellChangeTo":[],
    "container":["333743-0","333744-0","474890-0","474891-0","474892-0","474893-0","474894-0","474895-0","474896-0","474897-0","474898-0","474899-0","474900-0","474901-0","474902-0","474904-0","474907-0","474908-0","474909-0","474910-0","474911-0","474912-0","474913-0","474914-0","474915-0","474916-0","474917-0","474918-0","474919-0","474920-0","474921-0","0-617","0-620","0-614","0-616","0-619","0-615"],
    "death":[],
    "delete":[],
    "doorState":[],
    "equipment":[],
    "lock":[],
    "place":[],
    "position":["0-614","0-616","0-617","0-620","0-619","0-615"],
    "scale":[],
    "spawn":["0-617","0-620","0-614","0-616","0-619","0-615"],
    "state":[],
    "statsDynamic":["0-614","0-616","0-617","0-620","0-619","0-615"],
    "trap":[],
    "miscellaneous":[],
    "clientScriptLocal":[],
    "spellsActive":[]
  },
  "entry":{
    "description":"-8, 17",
    "creationTime":1716738258
  },
  "lastVisit":{
    "Benoit":1723747150,
    "Fidgug":1723747147
  },
  "recordLinks":[],
  "objectData":{
    "0-617":{
      "refId":"nix-hound",
      "location":{
        "posY":140714.6875,
        "posZ":920.15283203125,
        "rotX":0.18978074193001,
        "rotZ":-0.78481388092041,
        "rotY":0,
        "posX":-62439.68359375
      },
      "stats":{
        "healthBase":23,
        "healthCurrent":23,
        "magickaBase":10,
        "magickaModified":10,
        "fatigueBase":400,
        "fatigueCurrent":400,
        "fatigueModified":400,
        "magickaCurrent":10,
        "healthModified":23
      },
      "inventory":[{
          "refId":"ingred_hound_meat_01",
          "count":1,
          "charge":-1,
          "enchantmentCharge":-1,
          "soul":""
        }]
    },
    "0-620":{
      "refId":"scrib",
      "location":{
        "posY":142386.15625,
        "posZ":776.58203125,
        "rotX":-0.11448725312948,
        "rotZ":-1.0662653446198,
        "rotY":0,
        "posX":-58544.453125
      },
      "stats":{
        "healthBase":8,
        "healthCurrent":8,
        "magickaBase":12,
        "magickaModified":12,
        "fatigueBase":300,
        "fatigueCurrent":300,
        "fatigueModified":300,
        "magickaCurrent":12,
        "healthModified":8
      },
      "inventory":[]
    },
    "0-614":{
      "refId":"kwama forager",
      "location":{
        "posY":144614.5625,
        "posZ":890.69232177734,
        "rotX":0.45212045311928,
        "rotZ":-1.2243711948395,
        "rotY":0,
        "posX":-61356.34765625
      },
      "stats":{
        "healthBase":23,
        "healthCurrent":23,
        "magickaBase":15,
        "magickaModified":15,
        "fatigueBase":300,
        "fatigueCurrent":300,
        "fatigueModified":300,
        "magickaCurrent":15,
        "healthModified":23
      },
      "inventory":[]
    },
    "0-616":{
      "refId":"scrib",
      "location":{
        "posY":143062.953125,
        "posZ":629.76324462891,
        "rotX":0.12545646727085,
        "rotZ":1.0824754238129,
        "rotY":0,
        "posX":-58736.8515625
      },
      "stats":{
        "healthBase":8,
        "healthCurrent":8,
        "magickaBase":12,
        "magickaModified":12,
        "fatigueBase":300,
        "fatigueCurrent":300,
        "fatigueModified":300,
        "magickaCurrent":12,
        "healthModified":8
      },
      "inventory":[{
          "refId":"ingred_scrib_jelly_01",
          "count":1,
          "charge":-1,
          "enchantmentCharge":-1,
          "soul":""
        }]
    },
    "333743-0":{
      "refId":"flora_chokeweed_02",
      "inventory":[{
          "refId":"ingred_chokeweed_01",
          "count":1,
          "charge":-1,
          "enchantmentCharge":-1,
          "soul":""
        }]
    },
    "333744-0":{
      "refId":"flora_chokeweed_02",
      "inventory":[{
          "refId":"ingred_chokeweed_01",
          "count":1,
          "charge":-1,
          "enchantmentCharge":-1,
          "soul":""
        }]
    },
    "474890-0":{
      "refId":"flora_bittergreen_pod_01",
      "inventory":[]
    },
    "474891-0":{
      "refId":"flora_bittergreen_01",
      "inventory":[]
    },
    "474892-0":{
      "refId":"flora_bittergreen_02",
      "inventory":[{
          "refId":"ingred_bittergreen_petals_01",
          "count":1,
          "charge":-1,
          "enchantmentCharge":-1,
          "soul":""
        }]
    },
    "474893-0":{
      "refId":"flora_bittergreen_03",
      "inventory":[{
          "refId":"ingred_bittergreen_petals_01",
          "count":3,
          "charge":-1,
          "enchantmentCharge":-1,
          "soul":""
        }]
    },
    "474894-0":{
      "refId":"flora_bittergreen_04",
      "inventory":[{
          "refId":"ingred_bittergreen_petals_01",
          "count":2,
          "charge":-1,
          "enchantmentCharge":-1,
          "soul":""
        }]
    },
    "474895-0":{
      "refId":"flora_bittergreen_05",
      "inventory":[]
    },
    "474896-0":{
      "refId":"flora_kreshweed_01",
      "inventory":[{
          "refId":"ingred_kresh_fiber_01",
          "count":1,
          "charge":-1,
          "enchantmentCharge":-1,
          "soul":""
        }]
    },
    "474897-0":{
      "refId":"flora_kreshweed_02",
      "inventory":[{
          "refId":"ingred_kresh_fiber_01",
          "count":1,
          "charge":-1,
          "enchantmentCharge":-1,
          "soul":""
        }]
    },
    "474898-0":{
      "refId":"flora_chokeweed_02",
      "inventory":[]
    },
    "474899-0":{
      "refId":"flora_stoneflower_01",
      "inventory":[{
          "refId":"ingred_stoneflower_petals_01",
          "count":1,
          "charge":-1,
          "enchantmentCharge":-1,
          "soul":""
        }]
    },
    "474900-0":{
      "refId":"flora_kreshweed_01",
      "inventory":[{
          "refId":"ingred_kresh_fiber_01",
          "count":1,
          "charge":-1,
          "enchantmentCharge":-1,
          "soul":""
        }]
    },
    "474901-0":{
      "refId":"flora_kreshweed_03",
      "inventory":[{
          "refId":"ingred_kresh_fiber_01",
          "count":1,
          "charge":-1,
          "enchantmentCharge":-1,
          "soul":""
        }]
    },
    "474902-0":{
      "refId":"flora_kreshweed_01",
      "inventory":[{
          "refId":"ingred_kresh_fiber_01",
          "count":1,
          "charge":-1,
          "enchantmentCharge":-1,
          "soul":""
        }]
    },
    "474904-0":{
      "refId":"flora_chokeweed_02",
      "inventory":[{
          "refId":"ingred_chokeweed_01",
          "count":1,
          "charge":-1,
          "enchantmentCharge":-1,
          "soul":""
        }]
    },
    "474907-0":{
      "refId":"flora_muckspunge_02",
      "inventory":[{
          "refId":"ingred_muck_01",
          "count":1,
          "charge":-1,
          "enchantmentCharge":-1,
          "soul":""
        }]
    },
    "474908-0":{
      "refId":"flora_muckspunge_05",
      "inventory":[{
          "refId":"ingred_muck_01",
          "count":1,
          "charge":-1,
          "enchantmentCharge":-1,
          "soul":""
        }]
    },
    "474909-0":{
      "refId":"flora_muckspunge_06",
      "inventory":[]
    },
    "474910-0":{
      "refId":"flora_stoneflower_02",
      "inventory":[{
          "refId":"ingred_stoneflower_petals_01",
          "count":1,
          "charge":-1,
          "enchantmentCharge":-1,
          "soul":""
        }]
    },
    "474911-0":{
      "refId":"flora_chokeweed_02",
      "inventory":[{
          "refId":"ingred_chokeweed_01",
          "count":1,
          "charge":-1,
          "enchantmentCharge":-1,
          "soul":""
        }]
    },
    "474912-0":{
      "refId":"flora_kreshweed_01",
      "inventory":[{
          "refId":"ingred_kresh_fiber_01",
          "count":1,
          "charge":-1,