{
  "packets":{
    "actorList":["0-610","0-608","0-609","297843-0","476740-0","0-600","0-618"],
    "ai":[],
    "cellChangeFrom":[],
    "cellChangeTo":[],
    "container":["333755-0","333756-0","333757-0","333758-0","333759-0","333760-0","333761-0","333768-0","333769-0","333770-0","333771-0","333772-0","367569-0","367570-0","470747-0","470748-0","470749-0","470750-0","470751-0","474923-0","474924-0","474928-0","474929-0","474930-0","474931-0","474932-0","297843-0","476740-0","0-610","0-608","0-609","0-600","0-618"],
    "death":["0-600"],
    "delete":[],
    "doorState":[],
    "equipment":[],
    "lock":[],
    "place":[],
    "position":["476740-0","0-608","0-609","0-610","0-600","0-618"],
    "scale":[],
    "spawn":["0-610","0-608","0-609","0-600","0-618"],
    "state":["297843-0"],
    "statsDynamic":["476740-0","0-608","0-609","0-610","0-600","0-618"],
    "trap":[],
    "clientScriptLocal":[],
    "miscellaneous":[],
    "spellsActive":[]
  },
  "entry":{
    "description":"-8, 16",
    "creationTime":1713904668
  },
  "lastVisit":{
    "Benoit":1719600255,
    "Fidgug":1719600254
  },
  "recordLinks":[],
  "objectData":{
    "476740-0":{
      "refId":"kwama worker entrance",
      "location":{
        "rotZ":0,
        "rotY":0,
        "posX":-63130.1015625,
        "posY":136421.125,
        "posZ":700.29278564453,
        "rotX":0
      },
      "stats":{
        "healthBase":30,
        "healthCurrent":30,
        "magickaBase":8,
        "magickaCurrent":8,
        "healthModified":30,
        "magickaModified":8,
        "fatigueModified":300,
        "fatigueCurrent":300,
        "fatigueBase":300
      },
      "inventory":[{
          "refId":"food_kwama_egg_01",
          "count":1,
          "charge":-1,
          "enchantmentCharge":-1,
          "soul":""
        }]
    },
    "0-600":{
      "refId":"nix-hound",
      "location":{
        "rotZ":0.65526413917542,
        "rotY":0,
        "posX":-57552.21875,
        "posY":132093.640625,
        "posZ":1397.2631835938,
        "rotX":0.031062304973602
      },
      "stats":{
        "healthBase":23,
        "healthCurrent":0,
        "magickaBase":10,
        "magickaCurrent":10,
        "healthModified":23,
        "magickaModified":10,
        "fatigueModified":400,
        "fatigueCurrent":395.8515625,
        "fatigueBase":400
      },
      "inventory":[{
          "refId":"ingred_hound_meat_01",
          "count":1,
          "charge":-1,
          "enchantmentCharge":-1,
          "soul":""
        }],
      "deathState":38,
      "killer":{
        "playerName":"Fidgug"
      }
    },
    "0-618":{
      "refId":"scrib diseased",
      "location":{
        "rotZ":1.3708870410919,
        "rotY":0,
        "posX":-61663.734375,
        "posY":139189.40625,
        "posZ":1079.9957275391,
        "rotX":-0.035318367183208
      },
      "stats":{
        "healthBase":8,
        "healthCurrent":8,
        "magickaBase":12,
        "magickaCurrent":12,
        "healthModified":8,
        "magickaModified":12,
        "fatigueModified":66,
        "fatigueCurrent":66,
        "fatigueBase":66
      },
      "inventory":[{
          "refId":"ingred_scrib_jelly_01",
          "count":2,
          "charge":-1,
          "enchantmentCharge":-1,
          "soul":""
        }]
    },
    "333755-0":{
      "refId":"flora_chokeweed_02",
      "inventory":[{
          "refId":"ingred_chokeweed_01",
          "count":1,
          "charge":-1,
          "enchantmentCharge":-1,
          "soul":""
        }]
    },
    "333756-0":{
      "refId":"flora_chokeweed_02",
      "inventory":[{
          "refId":"ingred_chokeweed_01",
          "count":1,
          "charge":-1,
          "enchantmentCharge":-1,
          "soul":""
        }]
    },
    "333757-0":{
      "refId":"flora_chokeweed_02",
      "inventory":[{
          "refId":"ingred_chokeweed_01",
          "count":1,
          "charge":-1,
          "enchantmentCharge":-1,
          "soul":""
        }]
    },
    "333758-0":{
      "refId":"flora_chokeweed_02",
      "inventory":[{
          "refId":"ingred_chokeweed_01",
          "count":1,
          "charge":-1,
          "enchantmentCharge":-1,
          "soul":""
        }]
    },
    "333759-0":{
      "refId":"flora_chokeweed_02",
      "inventory":[{
          "refId":"ingred_chokeweed_01",
          "count":1,
          "charge":-1,
          "enchantmentCharge":-1,
          "soul":""
        }]
    },
    "333760-0":{
      "refId":"flora_chokeweed_02",
      "inventory":[{
          "refId":"ingred_chokeweed_01",
          "count":1,
          "charge":-1,
          "enchantmentCharge":-1,
          "soul":""
        }]
    },
    "333761-0":{
      "refId":"flora_chokeweed_02",
      "inventory":[{
          "refId":"ingred_chokeweed_01",
          "count":1,
          "charge":-1,
          "enchantmentCharge":-1,
          "soul":""
        }]
    },
    "333768-0":{
      "refId":"flora_chokeweed_02",
      "inventory":[{
          "refId":"ingred_chokeweed_01",
          "count":1,
          "charge":-1,
          "enchantmentCharge":-1,
          "soul":""
        }]
    },
    "333769-0":{
      "refId":"flora_chokeweed_02",
      "inventory":[{
          "refId":"ingred_chokeweed_01",
          "count":1,
          "charge":-1,
          "enchantmentCharge":-1,
          "soul":""
        }]
    },
    "333770-0":{
      "refId":"flora_chokeweed_02",
      "inventory":[{
          "refId":"ingred_chokeweed_01",
          "count":1,
          "charge":-1,
          "enchantmentCharge":-1,
          "soul":""
        }]
    },
    "333771-0":{
      "refId":"flora_chokeweed_02",
      "inventory":[{
          "refId":"ingred_chokeweed_01",
          "count":1,
          "charge":-1,
          "enchantmentCharge":-1,
          "soul":""
        }]
    },
    "333772-0":{
      "refId":"flora_chokeweed_02",
      "inventory":[{
          "refId":"ingred_chokeweed_01",
          "count":1,
          "charge":-1,
          "enchantmentCharge":-1,
          "soul":""
        }]
    },
    "367569-0":{
      "refId":"flora_kreshweed_01",
      "inventory":[{
          "refId":"ingred_kresh_fiber_01",
          "count":1,
          "charge":-1,
          "enchantmentCharge":-1,
          "soul":""
        }]
    },
    "367570-0":{
      "refId":"flora_kreshweed_02",
      "inventory":[{
          "refId":"ingred_kresh_fiber_01",
          "count":1,
          "charge":-1,
          "enchantmentCharge":-1,
          "soul":""
        }]
    },
    "470747-0":{
      "refId":"crate_01_eggs",
      "inventory":[{
          "refId":"food_kwama_egg_02",
          "count":1,
          "charge":-1,
          "enchantmentCharge":-1,
          "soul":""
        }]
    },
    "470748-0":{
      "refId":"crate_01_eggs",
      "inventory":[{
          "refId":"food_kwama_egg_02",
          "count":1,
          "charge":-1,
          "enchantmentCharge":-1,
          "soul":""
        }]
    },
    "470749-0":{
      "refId":"urn_05_food",
      "inventory":[{
          "refId":"ingred_scuttle_01",
          "count":4,
          "charge":-1,
          "enchantmentCharge":-1,
          "soul":""
        }]
    },
    "470750-0":{
      "refId":"urn_03_food",
      "inventory":[{
          "refId":"ingred_saltrice_01",
          "count":2,
          "charge":-1,
          "enchantmentCharge":-1,
          "soul":""
        }]
    },
    "470751-0":{
      "refId":"urn_03_food",
      "inventory":[{
          "refId":"ingred_scuttle_01",
          "count":2,
          "charge":-1,
          "enchantmentCharge":-1,
          "soul":""
        }]
    },
    "474923-0":{
      "refId":"flora_green_lichen_01",
      "inventory":[{
          "refId":"ingred_green_lichen_01",
          "count":1,
          "charge":-1,
          "enchantmentCharge":-1,
          "soul":""
        }]
    },
    "474924-0":{
      "refId":"flora_kreshweed_02",