{
  "packets":{
    "actorList":["0-675","25479-0","25481-0","25477-0"],
    "ai":[],
    "cellChangeFrom":[],
    "cellChangeTo":[],
    "container":["26571-0","50209-0","471983-0","471984-0","471985-0","471986-0","471987-0","471988-0","471989-0","471995-0","471996-0","471997-0","471998-0","471999-0","472000-0","472001-0","472002-0","472003-0","472004-0","472007-0","472008-0","472012-0","472013-0","472014-0","472015-0","472016-0","472017-0","472019-0","472020-0","472021-0","472022-0","472023-0","472024-0","25477-0","25479-0","25481-0","0-675"],
    "death":[],
    "delete":[],
    "doorState":[],
    "equipment":[],
    "lock":[],
    "place":[],
    "position":["25477-0","25479-0","25481-0","0-675"],
    "scale":[],
    "spawn":["0-675"],
    "state":[],
    "statsDynamic":["25477-0","25479-0","25481-0","0-675"],
    "trap":[],
    "miscellaneous":[],
    "clientScriptLocal":[],
    "spellsActive":[]
  },
  "entry":{
    "description":"-9, 10",
    "creationTime":1716739229
  },
  "lastVisit":{
    "Benoit":1716742075,
    "Fidgug":1716742072
  },
  "recordLinks":[],
  "objectData":{
    "0-675":{
      "refId":"nix-hound",
      "location":{
        "rotZ":0.39916038513184,
        "rotY":0,
        "posX":-72186.515625,
        "posY":84755.9609375,
        "posZ":1488.0803222656,
        "rotX":0.34139737486839
      },
      "stats":{
        "healthModified":23,
        "magickaModified":10,
        "fatigueModified":400,
        "healthBase":23,
        "healthCurrent":23,
        "magickaBase":10,
        "magickaCurrent":10,
        "fatigueBase":400,
        "fatigueCurrent":400
      },
      "inventory":[{
          "refId":"ingred_hound_meat_01",
          "count":1,
          "charge":-1,
          "enchantmentCharge":-1,
          "soul":""
        }]
    },
    "25479-0":{
      "refId":"kagouti",
      "location":{
        "rotZ":0.40000009536743,
        "rotY":0,
        "posX":-66310.53125,
        "posY":85118.9765625,
        "posZ":807.61181640625,
        "rotX":0
      },
      "stats":{
        "healthModified":45,
        "magickaModified":10,
        "fatigueModified":400,
        "healthBase":45,
        "healthCurrent":45,
        "magickaBase":10,
        "magickaCurrent":10,
        "fatigueBase":400,
        "fatigueCurrent":400
      },
      "inventory":[{
          "refId":"ingred_kagouti_hide_01",
          "count":1,
          "charge":-1,
          "enchantmentCharge":-1,
          "soul":""
        }]
    },
    "25481-0":{
      "refId":"kagouti",
      "location":{
        "rotZ":-0.6999990940094,
        "rotY":0,
        "posX":-66581.1796875,
        "posY":85224.2421875,
        "posZ":827.5166015625,
        "rotX":0
      },
      "stats":{
        "healthModified":45,
        "magickaModified":10,
        "fatigueModified":400,
        "healthBase":45,
        "healthCurrent":45,
        "magickaBase":10,
        "magickaCurrent":10,
        "fatigueBase":400,
        "fatigueCurrent":400
      },
      "inventory":[]
    },
    "25477-0":{
      "refId":"kagouti",
      "location":{
        "rotZ":0,
        "rotY":0,
        "posX":-66410.71875,
        "posY":84914.765625,
        "posZ":789.00866699219,
        "rotX":0
      },
      "stats":{
        "healthModified":45,
        "magickaModified":10,
        "fatigueModified":400,
        "healthBase":45,
        "healthCurrent":45,
        "magickaBase":10,
        "magickaCurrent":10,
        "fatigueBase":400,
        "fatigueCurrent":400
      },
      "inventory":[{
          "refId":"ingred_kagouti_hide_01",
          "count":1,
          "charge":-1,
          "enchantmentCharge":-1,
          "soul":""
        }]
    },
    "26571-0":{
      "refId":"com_chest_02_bc2",
      "inventory":[{
          "refId":"iron_shield",
          "count":1,
          "charge":-1,
          "enchantmentCharge":-1,
          "soul":""
        },{
          "refId":"steel dai-katana",
          "count":1,
          "charge":-1,
          "enchantmentCharge":-1,
          "soul":""
        }]
    },
    "50209-0":{
      "refId":"flora_chokeweed_02",
      "inventory":[{
          "refId":"ingred_chokeweed_01",
          "count":1,
          "charge":-1,
          "enchantmentCharge":-1,
          "soul":""
        }]
    },
    "471983-0":{
      "refId":"flora_kreshweed_01",
      "inventory":[{
          "refId":"ingred_kresh_fiber_01",
          "count":1,
          "charge":-1,
          "enchantmentCharge":-1,
          "soul":""
        }]
    },
    "471984-0":{
      "refId":"flora_chokeweed_02",
      "inventory":[{
          "refId":"ingred_chokeweed_01",
          "count":1,
          "charge":-1,
          "enchantmentCharge":-1,
          "soul":""
        }]
    },
    "471985-0":{
      "refId":"flora_roobrush_02",
      "inventory":[{
          "refId":"ingred_roobrush_01",
          "count":1,
          "charge":-1,
          "enchantmentCharge":-1,
          "soul":""
        }]
    },
    "471986-0":{
      "refId":"flora_chokeweed_02",
      "inventory":[{
          "refId":"ingred_chokeweed_01",
          "count":1,
          "charge":-1,
          "enchantmentCharge":-1,
          "soul":""
        }]
    },
    "471987-0":{
      "refId":"flora_chokeweed_02",
      "inventory":[{
          "refId":"ingred_chokeweed_01",
          "count":1,
          "charge":-1,
          "enchantmentCharge":-1,
          "soul":""
        }]
    },
    "471988-0":{
      "refId":"flora_kreshweed_03",
      "inventory":[]
    },
    "471989-0":{
      "refId":"flora_kreshweed_02",
      "inventory":[{
          "refId":"ingred_kresh_fiber_01",
          "count":1,
          "charge":-1,
          "enchantmentCharge":-1,
          "soul":""
        }]
    },
    "471995-0":{
      "refId":"flora_kreshweed_02",
      "inventory":[{
          "refId":"ingred_kresh_fiber_01",
          "count":1,
          "charge":-1,
          "enchantmentCharge":-1,
          "soul":""
        }]
    },
    "471996-0":{
      "refId":"flora_stoneflower_01",
      "inventory":[{
          "refId":"ingred_stoneflower_petals_01",
          "count":1,
          "charge":-1,
          "enchantmentCharge":-1,
          "soul":""
        }]
    },
    "471997-0":{
      "refId":"flora_kreshweed_01",
      "inventory":[{
          "refId":"ingred_kresh_fiber_01",
          "count":1,
          "charge":-1,
          "enchantmentCharge":-1,
          "soul":""
        }]
    },
    "471998-0":{
      "refId":"flora_bittergreen_pod_01",
      "inventory":[]
    },
    "471999-0":{
      "refId":"flora_bittergreen_01",
      "inventory":[{
          "refId":"ingred_bittergreen_petals_01",
          "count":1,
          "charge":-1,
          "enchantmentCharge":-1,
          "soul":""
        }]
    },
    "472000-0":{
      "refId":"flora_bittergreen_02",
      "inventory":[{
          "refId":"ingred_bittergreen_petals_01",
          "count":2,
          "charge":-1,
          "enchantmentCharge":-1,
          "soul":""
        }]
    },
    "472001-0":{
      "refId":"flora_bittergreen_03",
      "inventory":[{
          "refId":"ingred_bittergreen_petals_01",
          "count":3,
          "charge":-1,
          "enchantmentCharge":-1,
          "soul":""
        }]
    },
    "472002-0":{
      "refId":"flora_bittergreen_04",
      "inventory":[{
          "refId":"ingred_bittergreen_petals_01",
          "count":2,
          "charge":-1,
          "enchantmentCharge":-1,
          "soul":""
        }]
    },
    "472003-0":{
      "refId":"flora_kreshweed_01",
      "inventory":[{
          "refId":"ingred_kresh_fiber_01",
          "count":1,
          "charge":-1,
          "enchantmentCharge":-1,
          "soul":""
        }]
    },
    "472004-0":{
      "refId":"flora_kreshweed_01",
      "inventory":[]
    },
    "472007-0":{
      "refId":"flora_kreshweed_01",
      "inventory":[{
          "refId":"ingred_kresh_fiber_01",
          "count":1,