{
  "packets":{
    "actorList":["0-736","470782-0","480895-0","113114-0","303563-0","113115-0","8368-0","0-639","0-735","0-619"],
    "ai":[],
    "cellChangeFrom":[],
    "cellChangeTo":["355346-0"],
    "container":["68056-0","68059-0","68080-0","313085-0","313086-0","415342-0","415343-0","415348-0","415349-0","415357-0","415358-0","113114-0","113115-0","470782-0","480895-0","8368-0","303563-0","0-639","0-736","0-619","0-735"],
    "death":[],
    "delete":[],
    "doorState":[],
    "equipment":["470782-0","480895-0","113114-0","113115-0","8368-0"],
    "lock":[],
    "place":[],
    "position":["113114-0","113115-0","303563-0","470782-0","480895-0","8368-0","0-736","0-735","0-639","0-619"],
    "scale":[],
    "spawn":["0-736","0-735","0-639","0-619"],
    "state":[],
    "statsDynamic":["113114-0","113115-0","303563-0","470782-0","480895-0","8368-0","0-736","0-735","0-639","0-619"],
    "trap":[],
    "clientScriptLocal":[],
    "spellsActive":[],
    "miscellaneous":["113115-0"]
  },
  "entry":{
    "creationTime":1716741189,
    "description":"-9, 17"
  },
  "lastVisit":{
    "Benoit":1717181456,
    "Fidgug":1717181455
  },
  "recordLinks":[],
  "objectData":{
    "8368-0":{
      "refId":"s'virr",
      "location":{
        "posX":-68960.2578125,
        "posY":142151.46875,
        "posZ":82.717666625977,
        "rotX":0,
        "rotZ":-1.8999998569489,
        "rotY":0
      },
      "stats":{
        "magickaCurrent":142,
        "fatigueBase":243,
        "fatigueCurrent":243,
        "fatigueModified":243,
        "magickaBase":142,
        "healthModified":126,
        "healthBase":126,
        "healthCurrent":126,
        "magickaModified":142
      },
      "equipment":{
        "16":{
          "refId":"iron dagger",
          "count":1,
          "charge":-1,
          "enchantmentCharge":-1
        },
        "8":{
          "refId":"bm_wool01_shirt",
          "count":1,
          "charge":-1,
          "enchantmentCharge":-1
        },
        "9":{
          "refId":"bm_wool01_pants",
          "count":1,
          "charge":-1,
          "enchantmentCharge":-1
        }
      },
      "inventory":[{
          "refId":"bm_wool01_shirt",
          "count":1,
          "charge":-1,
          "enchantmentCharge":-1,
          "soul":""
        },{
          "refId":"bm_wool01_pants",
          "count":1,
          "charge":-1,
          "enchantmentCharge":-1,
          "soul":""
        },{
          "refId":"gold_001",
          "count":220,
          "charge":-1,
          "enchantmentCharge":-1,
          "soul":""
        },{
          "refId":"iron dagger",
          "count":1,
          "charge":-1,
          "enchantmentCharge":-1,
          "soul":""
        }]
    },
    "0-639":{
      "refId":"slaughterfish_small",
      "location":{
        "posX":-69451.6640625,
        "posY":139817,
        "posZ":-172.92636108398,
        "rotX":0.041269592940807,
        "rotZ":2.9955885410309,
        "rotY":0
      },
      "stats":{
        "magickaCurrent":10,
        "fatigueBase":300,
        "fatigueCurrent":300,
        "fatigueModified":300,
        "magickaBase":10,
        "healthModified":15,
        "healthBase":15,
        "healthCurrent":15,
        "magickaModified":10
      },
      "inventory":[]
    },
    "0-619":{
      "refId":"slaughterfish",
      "location":{
        "posX":-65843.609375,
        "posY":141524.875,
        "posZ":-240.13858032227,
        "rotX":0.14535982906818,
        "rotZ":-0.12351560592651,
        "rotY":0
      },
      "stats":{
        "magickaCurrent":10,
        "fatigueBase":400,
        "fatigueCurrent":400,
        "fatigueModified":400,
        "magickaBase":10,
        "healthModified":23,
        "healthBase":23,
        "healthCurrent":23,
        "magickaModified":10
      },
      "inventory":[{
          "refId":"ingred_scales_01",
          "count":2,
          "charge":-1,
          "enchantmentCharge":-1,
          "soul":""
        }]
    },
    "0-735":{
      "refId":"slaughterfish",
      "location":{
        "posX":-71845.421875,
        "posY":139715.15625,
        "posZ":-150.44668579102,
        "rotX":2.0560808479786e-05,
        "rotZ":-1.9517967700958,
        "rotY":0
      },
      "stats":{
        "magickaCurrent":10,
        "fatigueBase":400,
        "fatigueCurrent":400,
        "fatigueModified":400,
        "magickaBase":10,
        "healthModified":23,
        "healthBase":23,
        "healthCurrent":23,
        "magickaModified":10
      },
      "inventory":[]
    },
    "355346-0":{
      "cellChangeTo":"-10, 17"
    },
    "68056-0":{
      "refId":"barrel_01_ingredients",
      "inventory":[{
          "refId":"ingred_saltrice_01",
          "count":1,
          "charge":-1,
          "enchantmentCharge":-1,
          "soul":""
        },{
          "refId":"ingred_sload_soap_01",
          "count":1,
          "charge":-1,
          "enchantmentCharge":-1,
          "soul":""
        },{
          "refId":"ingred_willow_anther_01",
          "count":1,
          "charge":-1,
          "enchantmentCharge":-1,
          "soul":""
        },{
          "refId":"ingred_bonemeal_01",
          "count":1,
          "charge":-1,
          "enchantmentCharge":-1,
          "soul":""
        },{
          "refId":"ingred_chokeweed_01",
          "count":1,
          "charge":-1,
          "enchantmentCharge":-1,
          "soul":""
        }]
    },
    "68059-0":{
      "refId":"com_chest_02_gold_25",
      "inventory":[{
          "refId":"gold_001",
          "count":25,
          "charge":-1,
          "enchantmentCharge":-1,
          "soul":""
        }]
    },
    "68080-0":{
      "refId":"flora_chokeweed_02",
      "inventory":[{
          "refId":"ingred_chokeweed_01",
          "count":1,
          "charge":-1,
          "enchantmentCharge":-1,
          "soul":""
        }]
    },
    "313085-0":{
      "refId":"com_sack_02",
      "inventory":[]
    },
    "313086-0":{
      "refId":"com_sack_03_pos",
      "inventory":[]
    },
    "415342-0":{
      "refId":"kollop_01_pearl",
      "inventory":[]
    },
    "415343-0":{
      "refId":"kollop_02_pearl",
      "inventory":[]
    },
    "415348-0":{
      "refId":"kollop_02_pearl",
      "inventory":[]
    },
    "415349-0":{
      "refId":"kollop_03_pearl",
      "inventory":[{
          "refId":"ingred_pearl_01",
          "count":1,
          "charge":-1,
          "enchantmentCharge":-1,
          "soul":""
        }]
    },
    "415357-0":{
      "refId":"kollop_03_pearl",
      "inventory":[{
          "refId":"ingred_pearl_01",
          "count":1,
          "charge":-1,
          "enchantmentCharge":-1,
          "soul":""
        }]
    },
    "415358-0":{
      "refId":"kollop_01_pearl",
      "inventory":[{
          "refId":"ingred_pearl_01",
          "count":1,
          "charge":-1,
          "enchantmentCharge":-1,
          "soul":""
        }]
    },
    "0-736":{
      "refId":"dreugh",
      "location":{
        "posX":-69446.359375,
        "posY":144057.3125,
        "posZ":-219.68432617188,
        "rotX":0,
        "rotZ":-0.89689421653748,
        "rotY":0
      },
      "stats":{
        "magickaCurrent":75,
        "fatigueBase":400,
        "fatigueCurrent":400,
        "fatigueModified":400,
        "magickaBase":75,
        "healthModified":60,
        "healthBase":60,
        "healthCurrent":60,
        "magickaModified":75
      },
      "inventory":[]
    },
    "470782-0":{
      "refId":"talmeni drethan",
      "location":{
        "posX":-69559.8125,
        "posY":142129.328125,
        "posZ":82.717666625977,
        "rotX":0,
        "rotZ":2.3561947345734,
        "rotY":0
      },
      "stats":{
        "magickaCurrent":102,
        "fatigueBase":145,
        "fatigueCurrent":145,
        "fatigueModified":145,
        "magickaBase":102,
        "healthModified":40,
        "healthBase":40,
        "healthCurrent":40,