{
  "packets":{
    "actorList":["0-630","0-631","476742-0","274696-0","274697-0","0-627","0-628","0-635"],
    "ai":[],
    "cellChangeFrom":[],
    "cellChangeTo":[],
    "container":["471834-0","471835-0","471836-0","471839-0","471840-0","471842-0","471843-0","471844-0","471845-0","471846-0","471847-0","471848-0","471849-0","471851-0","471852-0","471853-0","471855-0","274696-0","274697-0","476742-0","0-630","0-631","0-627","0-628","0-635"],
    "death":["0-631","274696-0","274697-0","0-630","476742-0"],
    "delete":[],
    "doorState":[],
    "equipment":["274697-0","274696-0"],
    "lock":[],
    "place":[],
    "position":["274696-0","274697-0","476742-0","0-630","0-631","0-627","0-628","0-635"],
    "scale":[],
    "spawn":["0-630","0-631","0-627","0-628","0-635"],
    "state":[],
    "statsDynamic":["274696-0","274697-0","476742-0","0-630","0-631","0-627","0-628","0-635"],
    "trap":[],
    "miscellaneous":[],
    "clientScriptLocal":[],
    "spellsActive":[]
  },
  "entry":{
    "creationTime":1716738328,
    "description":"-9, 15"
  },
  "lastVisit":{
    "Benoit":1723747131,
    "Fidgug":1723747132
  },
  "recordLinks":[],
  "objectData":{
    "0-630":{
      "refId":"rat_blighted",
      "location":{
        "posY":127009.859375,
        "posZ":879.07647705078,
        "rotX":-0.21309438347816,
        "rotZ":-2.6181600093842,
        "rotY":0,
        "posX":-70592.484375
      },
      "stats":{
        "healthBase":45,
        "healthCurrent":0,
        "magickaBase":10,
        "magickaModified":10,
        "fatigueBase":125,
        "fatigueCurrent":125,
        "fatigueModified":125,
        "magickaCurrent":10,
        "healthModified":45
      },
      "inventory":[],
      "deathState":38,
      "killer":{
        "playerName":"Fidgug"
      }
    },
    "0-631":{
      "refId":"rat_blighted",
      "location":{
        "posY":124620.4453125,
        "posZ":1468.6304931641,
        "rotX":-0.38315889239311,
        "rotZ":0.10397338867188,
        "rotY":0,
        "posX":-66483.5546875
      },
      "stats":{
        "healthBase":45,
        "healthCurrent":0,
        "magickaBase":10,
        "magickaModified":10,
        "fatigueBase":125,
        "fatigueCurrent":117.09098052979,
        "fatigueModified":125,
        "magickaCurrent":10,
        "healthModified":45
      },
      "inventory":[],
      "killer":{
        "playerName":"Fidgug"
      },
      "deathState":38
    },
    "476742-0":{
      "refId":"kwama worker entrance",
      "location":{
        "posY":128519.609375,
        "posZ":1533.6678466797,
        "rotX":0,
        "rotZ":0,
        "rotY":0,
        "posX":-66821.5234375
      },
      "stats":{
        "healthBase":30,
        "healthCurrent":0,
        "magickaBase":8,
        "magickaModified":8,
        "fatigueBase":300,
        "fatigueCurrent":294.98141479492,
        "fatigueModified":300,
        "magickaCurrent":8,
        "healthModified":30
      },
      "inventory":[{
          "refId":"ingred_kwama_cuttle_01",
          "count":1,
          "charge":-1,
          "enchantmentCharge":-1,
          "soul":""
        },{
          "refId":"food_kwama_egg_01",
          "count":1,
          "charge":-1,
          "enchantmentCharge":-1,
          "soul":""
        }],
      "spellsActive":[],
      "deathState":38,
      "killer":{
        "playerName":"Fidgug"
      }
    },
    "274696-0":{
      "refId":"minisun ulirbabi",
      "location":{
        "posY":124834.7265625,
        "posZ":1367.4611816406,
        "rotX":0,
        "rotZ":0.70000004768372,
        "rotY":0,
        "posX":-66816.3203125
      },
      "stats":{
        "healthBase":90,
        "healthCurrent":0,
        "magickaBase":94,
        "magickaModified":94,
        "fatigueBase":204,
        "fatigueCurrent":202.15490722656,
        "fatigueModified":204,
        "magickaCurrent":94,
        "healthModified":90
      },
      "equipment":{
        "1":{
          "refId":"netch_leather_boiled_cuirass",
          "count":1,
          "charge":207,
          "enchantmentCharge":-1
        },
        "7":{
          "refId":"common_shoes_01",
          "count":1,
          "charge":-1,
          "enchantmentCharge":-1
        },
        "16":{
          "refId":"chitin spear",
          "count":1,
          "charge":499,
          "enchantmentCharge":-1
        },
        "9":{
          "refId":"common_pants_05",
          "count":1,
          "charge":-1,
          "enchantmentCharge":-1
        }
      },
      "inventory":[{
          "refId":"netch_leather_boiled_cuirass",
          "count":1,
          "charge":207,
          "enchantmentCharge":-1,
          "soul":""
        },{
          "refId":"common_shoes_01",
          "count":1,
          "charge":-1,
          "enchantmentCharge":-1,
          "soul":""
        },{
          "refId":"common_pants_05",
          "count":1,
          "charge":-1,
          "enchantmentCharge":-1,
          "soul":""
        },{
          "refId":"chitin spear",
          "count":1,
          "charge":499,
          "enchantmentCharge":-1,
          "soul":""
        }],
      "killer":{
        "playerName":"Fidgug"
      },
      "deathState":39,
      "spellsActive":[]
    },
    "274697-0":{
      "refId":"zalabelk saladnius",
      "location":{
        "posY":125925.4296875,
        "posZ":1224.2293701172,
        "rotX":0,
        "rotZ":1.8000000715256,
        "rotY":0,
        "posX":-69219.5390625
      },
      "stats":{
        "healthBase":84,
        "healthCurrent":0,
        "magickaBase":90,
        "magickaModified":90,
        "fatigueBase":216,
        "fatigueCurrent":216,
        "fatigueModified":216,
        "magickaCurrent":90,
        "healthModified":84
      },
      "equipment":{
        "1":{
          "refId":"chitin cuirass",
          "count":1,
          "charge":294,
          "enchantmentCharge":-1
        },
        "7":{
          "refId":"chitin boots",
          "count":1,
          "charge":95,
          "enchantmentCharge":-1
        },
        "8":{
          "refId":"common_shirt_02_r",
          "count":1,
          "charge":-1,
          "enchantmentCharge":-1
        },
        "9":{
          "refId":"common_pants_03",
          "count":1,
          "charge":-1,
          "enchantmentCharge":-1
        },
        "16":{
          "refId":"chitin short bow",
          "count":1,
          "charge":492,
          "enchantmentCharge":-1
        },
        "18":{
          "refId":"chitin arrow",
          "count":37,
          "charge":-1,
          "enchantmentCharge":-1
        }
      },
      "inventory":[{
          "refId":"chitin boots",
          "count":1,
          "charge":95,
          "enchantmentCharge":-1,
          "soul":""
        },{
          "refId":"chitin cuirass",
          "count":1,
          "charge":294,
          "enchantmentCharge":-1,
          "soul":""
        },{
          "refId":"common_shirt_02_r",
          "count":1,
          "charge":-1,
          "enchantmentCharge":-1,
          "soul":""
        },{
          "refId":"common_shoes_01",
          "count":1,
          "charge":-1,
          "enchantmentCharge":-1,
          "soul":""
        },{
          "refId":"common_pants_03",
          "count":1,
          "charge":-1,
          "enchantmentCharge":-1,
          "soul":""
        },{
          "refId":"chitin arrow",
          "count":37,
          "charge":-1,
          "enchantmentCharge":-1,
          "soul":""
        },{
          "refId":"chitin short bow",
          "count":1,
          "charge":492,
          "enchantmentCharge":-1,
          "soul":""
        },{
          "refId":"chitin war axe",
          "count":1,
          "charge":-1,
          "enchantmentCharge":-1,
          "soul":""
        }],
      "killer":{
        "playerName":"Fidgug"
      },
      "deathState":39,
      "spellsActive":[]
    },
    "0-627":{
      "refId":"rat",