{
  "packets":{
    "actorList":["0-681","0-679","0-680","355350-0","38845-0","476750-0"],
    "ai":[],
    "cellChangeFrom":["476750-0"],
    "cellChangeTo":[],
    "container":["471927-0","471928-0","471929-0","471930-0","471931-0","471932-0","471933-0","471935-0","471936-0","471937-0","471938-0","471939-0","471940-0","471945-0","471946-0","471947-0","471948-0","471949-0","471950-0","471951-0","38845-0","355350-0","0-681","0-679","0-680","476750-0"],
    "death":[],
    "delete":[],
    "doorState":[],
    "equipment":["476750-0"],
    "lock":[],
    "place":[],
    "position":["355350-0","38845-0","0-679","0-680","0-681","476750-0"],
    "scale":[],
    "spawn":["0-681","0-679","0-680"],
    "state":[],
    "statsDynamic":["355350-0","38845-0","0-679","0-680","0-681","476750-0"],
    "trap":[],
    "miscellaneous":[],
    "clientScriptLocal":[],
    "spellsActive":[]
  },
  "entry":{
    "description":"-9, 12",
    "creationTime":1716739229
  },
  "lastVisit":{
    "Benoit":1719602895,
    "Fidgug":1723744477
  },
  "recordLinks":[],
  "objectData":{
    "0-681":{
      "refId":"scrib diseased",
      "location":{
        "posY":103406.84375,
        "posZ":1324.8240966797,
        "rotX":0.09179262816906,
        "rotZ":-1.0939376354218,
        "rotY":0,
        "posX":-66807.6953125
      },
      "stats":{
        "healthBase":8,
        "healthCurrent":8,
        "magickaBase":12,
        "magickaModified":12,
        "fatigueBase":77,
        "fatigueCurrent":77,
        "fatigueModified":77,
        "magickaCurrent":12,
        "healthModified":8
      },
      "inventory":[{
          "refId":"ingred_scrib_jelly_01",
          "count":2,
          "charge":-1,
          "enchantmentCharge":-1,
          "soul":""
        }]
    },
    "0-679":{
      "refId":"nix-hound",
      "location":{
        "posY":101602.6484375,
        "posZ":1645.7132568359,
        "rotX":0.12022697925568,
        "rotZ":2.3023359775543,
        "rotY":0,
        "posX":-65735.6328125
      },
      "stats":{
        "healthBase":23,
        "healthCurrent":23,
        "magickaBase":10,
        "magickaModified":10,
        "fatigueBase":400,
        "fatigueCurrent":400,
        "fatigueModified":400,
        "magickaCurrent":10,
        "healthModified":23
      },
      "inventory":[{
          "refId":"ingred_hound_meat_01",
          "count":1,
          "charge":-1,
          "enchantmentCharge":-1,
          "soul":""
        }]
    },
    "0-680":{
      "refId":"kwama forager",
      "location":{
        "posY":105268.8046875,
        "posZ":832.90875244141,
        "rotX":-0.13863916695118,
        "rotZ":2.1004846096039,
        "rotY":0,
        "posX":-65736.515625
      },
      "stats":{
        "healthBase":23,
        "healthCurrent":23,
        "magickaBase":15,
        "magickaModified":15,
        "fatigueBase":300,
        "fatigueCurrent":300,
        "fatigueModified":300,
        "magickaCurrent":15,
        "healthModified":23
      },
      "inventory":[]
    },
    "355350-0":{
      "refId":"slaughterfish",
      "location":{
        "posY":100576.6875,
        "posZ":-204.36865234375,
        "rotX":0,
        "rotZ":-0.57337713241577,
        "rotY":0,
        "posX":-72912.8828125
      },
      "stats":{
        "healthBase":23,
        "healthCurrent":23,
        "magickaBase":10,
        "magickaModified":10,
        "fatigueBase":400,
        "fatigueCurrent":400,
        "fatigueModified":400,
        "magickaCurrent":10,
        "healthModified":23
      },
      "inventory":[{
          "refId":"ingred_scales_01",
          "count":2,
          "charge":-1,
          "enchantmentCharge":-1,
          "soul":""
        }]
    },
    "38845-0":{
      "refId":"rat",
      "location":{
        "posY":99662.2421875,
        "posZ":721.61083984375,
        "rotX":0,
        "rotZ":4.3831858634949,
        "rotY":0,
        "posX":-67559.7578125
      },
      "stats":{
        "healthBase":23,
        "healthCurrent":23,
        "magickaBase":10,
        "magickaModified":10,
        "fatigueBase":300,
        "fatigueCurrent":300,
        "fatigueModified":300,
        "magickaCurrent":10,
        "healthModified":23
      },
      "inventory":[]
    },
    "476750-0":{
      "refId":"skeleton entrance",
      "location":{
        "posY":106258.8828125,
        "posZ":786.79266357422,
        "rotX":0,
        "rotZ":0,
        "rotY":0,
        "posX":-69349.2734375
      },
      "stats":{
        "healthBase":38,
        "healthCurrent":38,
        "magickaBase":30,
        "magickaModified":30,
        "fatigueBase":1000,
        "fatigueCurrent":1000,
        "fatigueModified":1000,
        "magickaCurrent":30,
        "healthModified":38
      },
      "cellChangeFrom":"-9, 13",
      "equipment":{
        "16":{
          "refId":"iron claymore",
          "count":1,
          "charge":-1,
          "enchantmentCharge":-1
        }
      },
      "inventory":[{
          "refId":"iron_shield",
          "count":1,
          "charge":-1,
          "enchantmentCharge":-1,
          "soul":""
        },{
          "refId":"ingred_bonemeal_01",
          "count":1,
          "charge":-1,
          "enchantmentCharge":-1,
          "soul":""
        },{
          "refId":"iron claymore",
          "count":1,
          "charge":-1,
          "enchantmentCharge":-1,
          "soul":""
        }]
    },
    "471927-0":{
      "refId":"flora_muckspunge_06",
      "inventory":[{
          "refId":"ingred_muck_01",
          "count":1,
          "charge":-1,
          "enchantmentCharge":-1,
          "soul":""
        }]
    },
    "471928-0":{
      "refId":"flora_muckspunge_05",
      "inventory":[]
    },
    "471929-0":{
      "refId":"flora_muckspunge_02",
      "inventory":[{
          "refId":"ingred_muck_01",
          "count":1,
          "charge":-1,
          "enchantmentCharge":-1,
          "soul":""
        }]
    },
    "471930-0":{
      "refId":"flora_kreshweed_02",
      "inventory":[{
          "refId":"ingred_kresh_fiber_01",
          "count":1,
          "charge":-1,
          "enchantmentCharge":-1,
          "soul":""
        }]
    },
    "471931-0":{
      "refId":"flora_chokeweed_02",
      "inventory":[{
          "refId":"ingred_chokeweed_01",
          "count":1,
          "charge":-1,
          "enchantmentCharge":-1,
          "soul":""
        }]
    },
    "471932-0":{
      "refId":"flora_chokeweed_02",
      "inventory":[{
          "refId":"ingred_chokeweed_01",
          "count":1,
          "charge":-1,
          "enchantmentCharge":-1,
          "soul":""
        }]
    },
    "471933-0":{
      "refId":"flora_kreshweed_03",
      "inventory":[{
          "refId":"ingred_kresh_fiber_01",
          "count":1,
          "charge":-1,
          "enchantmentCharge":-1,
          "soul":""
        }]
    },
    "471935-0":{
      "refId":"flora_green_lichen_02",
      "inventory":[{
          "refId":"ingred_green_lichen_01",
          "count":1,
          "charge":-1,
          "enchantmentCharge":-1,
          "soul":""
        }]
    },
    "471936-0":{
      "refId":"flora_green_lichen_02",
      "inventory":[{
          "refId":"ingred_green_lichen_01",
          "count":1,
          "charge":-1,
          "enchantmentCharge":-1,
          "soul":""
        }]
    },
    "471937-0":{
      "refId":"flora_green_lichen_01",
      "inventory":[{
          "refId":"ingred_green_lichen_01",
          "count":1,
          "charge":-1,
          "enchantmentCharge":-1,
          "soul":""
        }]
    },
    "471938-0":{
      "refId":"flora_green_lichen_02",
      "inventory":[{
          "refId":"ingred_green_lichen_01",
          "count":1,
          "charge":-1,
          "enchantmentCharge":-1,
          "soul":""
        }]
    },
    "471939-0":{
      "refId":"flora_green_lichen_01",
      "inventory":[{
          "refId":"ingred_green_lichen_01",
          "count":1,