{
  "packets":{
    "actorList":["0-630","0-631","476742-0","274696-0","274697-0","0-627","0-629","0-628","0-635"],
    "ai":[],
    "cellChangeFrom":[],
    "cellChangeTo":[],
    "container":["471834-0","471835-0","471836-0","471839-0","471840-0","471842-0","471843-0","471844-0","471845-0","471846-0","471847-0","471848-0","471849-0","471851-0","471852-0","471853-0","471855-0","274696-0","274697-0","476742-0","0-630","0-631","0-627","0-629","0-628","0-635"],
    "death":["0-631","274696-0","274697-0"],
    "delete":[],
    "doorState":[],
    "equipment":["274697-0","274696-0"],
    "lock":[],
    "place":[],
    "position":["274696-0","274697-0","476742-0","0-630","0-631","0-627","0-629","0-628","0-635"],
    "scale":[],
    "spawn":["0-630","0-631","0-627","0-629","0-628","0-635"],
    "state":[],
    "statsDynamic":["274696-0","274697-0","476742-0","0-630","0-631","0-627","0-629","0-628","0-635"],
    "trap":[],
    "clientScriptLocal":[],
    "miscellaneous":[],
    "spellsActive":[]
  },
  "entry":{
    "creationTime":1716738328,
    "description":"-9, 15"
  },
  "lastVisit":{
    "Benoit":1716741265,
    "Fidgug":1716741264
  },
  "recordLinks":[],
  "objectData":{
    "471852-0":{
      "refId":"flora_chokeweed_02",
      "inventory":[{
          "refId":"ingred_chokeweed_01",
          "count":1,
          "charge":-1,
          "enchantmentCharge":-1,
          "soul":""
        }]
    },
    "471853-0":{
      "refId":"flora_stoneflower_01",
      "inventory":[{
          "refId":"ingred_stoneflower_petals_01",
          "count":1,
          "charge":-1,
          "enchantmentCharge":-1,
          "soul":""
        }]
    },
    "471855-0":{
      "refId":"flora_kreshweed_03",
      "inventory":[{
          "refId":"ingred_kresh_fiber_01",
          "count":1,
          "charge":-1,
          "enchantmentCharge":-1,
          "soul":""
        }]
    },
    "0-630":{
      "refId":"rat_blighted",
      "location":{
        "rotZ":-2.2313578128815,
        "rotY":0,
        "posX":-70730.328125,
        "posY":126956.09375,
        "posZ":865,
        "rotX":-0.10942972451448
      },
      "stats":{
        "healthModified":45,
        "magickaModified":10,
        "fatigueModified":63,
        "healthBase":45,
        "healthCurrent":45,
        "magickaBase":10,
        "magickaCurrent":10,
        "fatigueBase":63,
        "fatigueCurrent":63
      },
      "inventory":[{
          "refId":"ingred_rat_meat_01",
          "count":2,
          "charge":-1,
          "enchantmentCharge":-1,
          "soul":""
        }]
    },
    "0-631":{
      "refId":"rat_blighted",
      "location":{
        "rotZ":0.10397338867188,
        "rotY":0,
        "posX":-66483.5546875,
        "posY":124620.453125,
        "posZ":1468.6140136719,
        "rotX":-0.38315889239311
      },
      "stats":{
        "healthModified":45,
        "magickaModified":10,
        "fatigueModified":125,
        "healthBase":45,
        "healthCurrent":0,
        "magickaBase":10,
        "magickaCurrent":10,
        "fatigueBase":125,
        "fatigueCurrent":117.09098052979
      },
      "inventory":[],
      "killer":{
        "playerName":"Fidgug"
      },
      "deathState":38
    },
    "476742-0":{
      "refId":"kwama worker entrance",
      "location":{
        "rotZ":-2.7774164676666,
        "rotY":0,
        "posX":-66681.34375,
        "posY":128956.6875,
        "posZ":1521.0168457031,
        "rotX":-0.028412386775017
      },
      "stats":{
        "healthModified":30,
        "magickaModified":8,
        "fatigueModified":300,
        "healthBase":30,
        "healthCurrent":30,
        "magickaBase":8,
        "magickaCurrent":8,
        "fatigueBase":300,
        "fatigueCurrent":300
      },
      "inventory":[{
          "refId":"ingred_kwama_cuttle_01",
          "count":1,
          "charge":-1,
          "enchantmentCharge":-1,
          "soul":""
        },{
          "refId":"food_kwama_egg_01",
          "count":1,
          "charge":-1,
          "enchantmentCharge":-1,
          "soul":""
        }]
    },
    "274696-0":{
      "refId":"minisun ulirbabi",
      "location":{
        "rotZ":2.0807569026947,
        "rotY":0,
        "posX":-66816.3203125,
        "posY":124834.734375,
        "posZ":1367.4456787109,
        "rotX":-0.18579959869385
      },
      "stats":{
        "healthModified":90,
        "magickaModified":94,
        "fatigueModified":204,
        "healthBase":90,
        "healthCurrent":0,
        "magickaBase":94,
        "magickaCurrent":94,
        "fatigueBase":204,
        "fatigueCurrent":202.15490722656
      },
      "equipment":{
        "1":{
          "refId":"netch_leather_boiled_cuirass",
          "count":1,
          "charge":207,
          "enchantmentCharge":-1
        },
        "7":{
          "refId":"common_shoes_01",
          "count":1,
          "charge":-1,
          "enchantmentCharge":-1
        },
        "16":{
          "refId":"chitin spear",
          "count":1,
          "charge":499,
          "enchantmentCharge":-1
        },
        "9":{
          "refId":"common_pants_05",
          "count":1,
          "charge":-1,
          "enchantmentCharge":-1
        }
      },
      "inventory":[{
          "refId":"netch_leather_boiled_cuirass",
          "count":1,
          "charge":207,
          "enchantmentCharge":-1,
          "soul":""
        },{
          "refId":"common_shoes_01",
          "count":1,
          "charge":-1,
          "enchantmentCharge":-1,
          "soul":""
        },{
          "refId":"common_pants_05",
          "count":1,
          "charge":-1,
          "enchantmentCharge":-1,
          "soul":""
        },{
          "refId":"chitin spear",
          "count":1,
          "charge":499,
          "enchantmentCharge":-1,
          "soul":""
        }],
      "killer":{
        "playerName":"Fidgug"
      },
      "deathState":39,
      "spellsActive":[]
    },
    "274697-0":{
      "refId":"zalabelk saladnius",
      "location":{
        "rotZ":1.4079058170319,
        "rotY":0,
        "posX":-69219.5390625,
        "posY":125925.4375,
        "posZ":1224.212890625,
        "rotX":-0.14112997055054
      },
      "stats":{
        "healthModified":84,
        "magickaModified":90,
        "fatigueModified":216,
        "healthBase":84,
        "healthCurrent":0,
        "magickaBase":90,
        "magickaCurrent":90,
        "fatigueBase":216,
        "fatigueCurrent":216
      },
      "equipment":{
        "1":{
          "refId":"chitin cuirass",
          "count":1,
          "charge":294,
          "enchantmentCharge":-1
        },
        "7":{
          "refId":"chitin boots",
          "count":1,
          "charge":95,
          "enchantmentCharge":-1
        },
        "8":{
          "refId":"common_shirt_02_r",
          "count":1,
          "charge":-1,
          "enchantmentCharge":-1
        },
        "9":{
          "refId":"common_pants_03",
          "count":1,
          "charge":-1,
          "enchantmentCharge":-1
        },
        "16":{
          "refId":"chitin short bow",
          "count":1,
          "charge":492,
          "enchantmentCharge":-1
        },
        "18":{
          "refId":"chitin arrow",
          "count":37,
          "charge":-1,
          "enchantmentCharge":-1
        }
      },
      "inventory":[{
          "refId":"chitin boots",
          "count":1,
          "charge":95,
          "enchantmentCharge":-1,
          "soul":""
        },{
          "refId":"chitin cuirass",
          "count":1,
          "charge":294,
          "enchantmentCharge":-1,
          "soul":""
        },{
          "refId":"common_shirt_02_r",
          "count":1,
          "charge":-1,
          "enchantmentCharge":-1,
          "soul":""
        },{
          "refId":"common_shoes_01",
          "count":1,
          "charge":-1,
          "enchantmentCharge":-1,