{
  "packets":{
    "actorList":["0-681","0-679","0-680","355350-0","38845-0","0-671"],
    "ai":[],
    "cellChangeFrom":[],
    "cellChangeTo":[],
    "container":["471927-0","471928-0","471929-0","471930-0","471931-0","471932-0","471933-0","471935-0","471936-0","471937-0","471938-0","471939-0","471940-0","471945-0","471946-0","471947-0","471948-0","471949-0","471950-0","471951-0","38845-0","355350-0","0-681","0-679","0-680","0-671"],
    "death":[],
    "delete":[],
    "doorState":[],
    "equipment":[],
    "lock":[],
    "place":[],
    "position":["355350-0","38845-0","0-679","0-680","0-681","0-671"],
    "scale":[],
    "spawn":["0-681","0-679","0-680","0-671"],
    "state":[],
    "statsDynamic":["355350-0","38845-0","0-679","0-680","0-681","0-671"],
    "trap":[],
    "clientScriptLocal":[],
    "miscellaneous":[],
    "spellsActive":[]
  },
  "entry":{
    "creationTime":1716739229,
    "description":"-9, 12"
  },
  "lastVisit":{
    "Fidgug":1716742072,
    "Benoit":1716742075
  },
  "recordLinks":[],
  "objectData":{
    "0-671":{
      "refId":"slaughterfish_small",
      "location":{
        "rotZ":1.2809841632843,
        "rotY":0,
        "posX":-73559.3125,
        "posY":98611.0859375,
        "posZ":-267.59759521484,
        "rotX":-0.00044440384954214
      },
      "stats":{
        "healthModified":15,
        "magickaModified":10,
        "fatigueModified":300,
        "healthBase":15,
        "healthCurrent":15,
        "magickaBase":10,
        "magickaCurrent":10,
        "fatigueBase":300,
        "fatigueCurrent":300
      },
      "inventory":[]
    },
    "0-681":{
      "refId":"scrib diseased",
      "location":{
        "rotZ":0,
        "rotY":0,
        "posX":-67154.40625,
        "posY":103540.3046875,
        "posZ":1332.8024902344,
        "rotX":0
      },
      "stats":{
        "healthModified":8,
        "magickaModified":12,
        "fatigueModified":66,
        "healthBase":8,
        "healthCurrent":8,
        "magickaBase":12,
        "magickaCurrent":12,
        "fatigueBase":66,
        "fatigueCurrent":66
      },
      "inventory":[{
          "refId":"ingred_scrib_jelly_01",
          "count":2,
          "charge":-1,
          "enchantmentCharge":-1,
          "soul":""
        }]
    },
    "0-679":{
      "refId":"nix-hound",
      "location":{
        "rotZ":0,
        "rotY":0,
        "posX":-66473.2421875,
        "posY":100430.734375,
        "posZ":954.33288574219,
        "rotX":0
      },
      "stats":{
        "healthModified":23,
        "magickaModified":10,
        "fatigueModified":400,
        "healthBase":23,
        "healthCurrent":23,
        "magickaBase":10,
        "magickaCurrent":10,
        "fatigueBase":400,
        "fatigueCurrent":400
      },
      "inventory":[{
          "refId":"ingred_hound_meat_01",
          "count":1,
          "charge":-1,
          "enchantmentCharge":-1,
          "soul":""
        }]
    },
    "0-680":{
      "refId":"kwama forager",
      "location":{
        "rotZ":0,
        "rotY":0,
        "posX":-65905.0546875,
        "posY":106047.125,
        "posZ":779.83276367188,
        "rotX":0
      },
      "stats":{
        "healthModified":23,
        "magickaModified":15,
        "fatigueModified":300,
        "healthBase":23,
        "healthCurrent":23,
        "magickaBase":15,
        "magickaCurrent":15,
        "fatigueBase":300,
        "fatigueCurrent":300
      },
      "inventory":[]
    },
    "355350-0":{
      "refId":"slaughterfish",
      "location":{
        "rotZ":-1.8836691379547,
        "rotY":0,
        "posX":-71583.390625,
        "posY":100295.53125,
        "posZ":-211.48022460938,
        "rotX":0
      },
      "stats":{
        "healthModified":23,
        "magickaModified":10,
        "fatigueModified":400,
        "healthBase":23,
        "healthCurrent":23,
        "magickaBase":10,
        "magickaCurrent":10,
        "fatigueBase":400,
        "fatigueCurrent":400
      },
      "inventory":[{
          "refId":"ingred_scales_01",
          "count":2,
          "charge":-1,
          "enchantmentCharge":-1,
          "soul":""
        }]
    },
    "38845-0":{
      "refId":"rat",
      "location":{
        "rotZ":-1.8999998569489,
        "rotY":0,
        "posX":-66681.84375,
        "posY":100403.703125,
        "posZ":929,
        "rotX":0
      },
      "stats":{
        "healthModified":23,
        "magickaModified":10,
        "fatigueModified":300,
        "healthBase":23,
        "healthCurrent":23,
        "magickaBase":10,
        "magickaCurrent":10,
        "fatigueBase":300,
        "fatigueCurrent":300
      },
      "inventory":[]
    },
    "471927-0":{
      "refId":"flora_muckspunge_06",
      "inventory":[{
          "refId":"ingred_muck_01",
          "count":1,
          "charge":-1,
          "enchantmentCharge":-1,
          "soul":""
        }]
    },
    "471928-0":{
      "refId":"flora_muckspunge_05",
      "inventory":[]
    },
    "471929-0":{
      "refId":"flora_muckspunge_02",
      "inventory":[{
          "refId":"ingred_muck_01",
          "count":1,
          "charge":-1,
          "enchantmentCharge":-1,
          "soul":""
        }]
    },
    "471930-0":{
      "refId":"flora_kreshweed_02",
      "inventory":[{
          "refId":"ingred_kresh_fiber_01",
          "count":1,
          "charge":-1,
          "enchantmentCharge":-1,
          "soul":""
        }]
    },
    "471931-0":{
      "refId":"flora_chokeweed_02",
      "inventory":[{
          "refId":"ingred_chokeweed_01",
          "count":1,
          "charge":-1,
          "enchantmentCharge":-1,
          "soul":""
        }]
    },
    "471932-0":{
      "refId":"flora_chokeweed_02",
      "inventory":[{
          "refId":"ingred_chokeweed_01",
          "count":1,
          "charge":-1,
          "enchantmentCharge":-1,
          "soul":""
        }]
    },
    "471933-0":{
      "refId":"flora_kreshweed_03",
      "inventory":[{
          "refId":"ingred_kresh_fiber_01",
          "count":1,
          "charge":-1,
          "enchantmentCharge":-1,
          "soul":""
        }]
    },
    "471935-0":{
      "refId":"flora_green_lichen_02",
      "inventory":[{
          "refId":"ingred_green_lichen_01",
          "count":1,
          "charge":-1,
          "enchantmentCharge":-1,
          "soul":""
        }]
    },
    "471936-0":{
      "refId":"flora_green_lichen_02",
      "inventory":[{
          "refId":"ingred_green_lichen_01",
          "count":1,
          "charge":-1,
          "enchantmentCharge":-1,
          "soul":""
        }]
    },
    "471937-0":{
      "refId":"flora_green_lichen_01",
      "inventory":[{
          "refId":"ingred_green_lichen_01",
          "count":1,
          "charge":-1,
          "enchantmentCharge":-1,
          "soul":""
        }]
    },
    "471938-0":{
      "refId":"flora_green_lichen_02",
      "inventory":[{
          "refId":"ingred_green_lichen_01",
          "count":1,
          "charge":-1,
          "enchantmentCharge":-1,
          "soul":""
        }]
    },
    "471939-0":{
      "refId":"flora_green_lichen_01",
      "inventory":[{
          "refId":"ingred_green_lichen_01",
          "count":1,
          "charge":-1,
          "enchantmentCharge":-1,
          "soul":""
        }]
    },
    "471940-0":{
      "refId":"flora_green_lichen_02",
      "inventory":[{
          "refId":"ingred_green_lichen_01",
          "count":1,
          "charge":-1,
          "enchantmentCharge":-1,
          "soul":""
        }]
    },
    "471945-0":{
      "refId":"flora_kreshweed_02",
      "inventory":[]
    },
    "471946-0":{
      "refId":"flora_kreshweed_01",
      "inventory":[{
          "refId":"ingred_kresh_fiber_01",
          "count":1,
          "charge":-1,
          "enchantmentCharge":-1,
          "soul":""
        }]
    },
    "471947-0":{
      "refId":"flora_chokeweed_02",
      "inventory":[{
          "refId":"ingred_chokeweed_01",