{
  "packets":{
    "actorList":["0-736","470782-0","480895-0","113114-0","303563-0","113115-0","8368-0","0-639","0-735","355346-0"],
    "ai":[],
    "cellChangeFrom":[],
    "cellChangeTo":[],
    "container":["68056-0","68059-0","68080-0","313085-0","313086-0","415342-0","415343-0","415348-0","415349-0","415357-0","415358-0","113114-0","113115-0","470782-0","480895-0","8368-0","303563-0","0-736","0-639","355346-0","0-735"],
    "death":[],
    "delete":[],
    "doorState":[],
    "equipment":["470782-0","480895-0","113114-0","113115-0","8368-0"],
    "lock":[],
    "place":[],
    "position":["113114-0","113115-0","303563-0","470782-0","480895-0","8368-0","0-736","0-639","0-735","355346-0"],
    "scale":[],
    "spawn":["0-736","0-735","0-639"],
    "state":[],
    "statsDynamic":["113114-0","113115-0","303563-0","470782-0","480895-0","8368-0","0-736","0-639","0-735","355346-0"],
    "trap":[],
    "miscellaneous":["113115-0","8368-0","470782-0"],
    "clientScriptLocal":[],
    "spellsActive":[]
  },
  "entry":{
    "creationTime":1716741189,
    "description":"-9, 17"
  },
  "lastVisit":{
    "Benoit":1723747150,
    "Fidgug":1723747147
  },
  "recordLinks":[],
  "objectData":{
    "470782-0":{
      "refId":"talmeni drethan",
      "location":{
        "posY":142105.265625,
        "posZ":82.717666625977,
        "rotX":0,
        "rotZ":1.6337611675262,
        "rotY":0,
        "posX":-69550.609375
      },
      "stats":{
        "healthBase":40,
        "healthCurrent":40,
        "magickaBase":102,
        "magickaModified":102,
        "fatigueBase":145,
        "fatigueCurrent":145,
        "fatigueModified":145,
        "magickaCurrent":102,
        "healthModified":40
      },
      "equipment":{
        "7":{
          "refId":"common_shoes_02",
          "count":1,
          "charge":-1,
          "enchantmentCharge":-1
        },
        "8":{
          "refId":"common_shirt_02_h",
          "count":1,
          "charge":-1,
          "enchantmentCharge":-1
        },
        "9":{
          "refId":"common_pants_02",
          "count":1,
          "charge":-1,
          "enchantmentCharge":-1
        },
        "15":{
          "refId":"common_belt_02",
          "count":1,
          "charge":-1,
          "enchantmentCharge":-1
        },
        "16":{
          "refId":"iron shortsword",
          "count":1,
          "charge":-1,
          "enchantmentCharge":-1
        }
      },
      "inventory":[{
          "refId":"bk_houseoftroubles_c",
          "count":1,
          "charge":-1,
          "enchantmentCharge":-1,
          "soul":""
        },{
          "refId":"common_belt_02",
          "count":1,
          "charge":-1,
          "enchantmentCharge":-1,
          "soul":""
        },{
          "refId":"common_shirt_02_h",
          "count":1,
          "charge":-1,
          "enchantmentCharge":-1,
          "soul":""
        },{
          "refId":"common_shoes_02",
          "count":1,
          "charge":-1,
          "enchantmentCharge":-1,
          "soul":""
        },{
          "refId":"common_pants_02",
          "count":1,
          "charge":-1,
          "enchantmentCharge":-1,
          "soul":""
        },{
          "refId":"ingred_bread_01",
          "count":2,
          "charge":-1,
          "enchantmentCharge":-1,
          "soul":""
        },{
          "refId":"gold_001",
          "count":5,
          "charge":-1,
          "enchantmentCharge":-1,
          "soul":""
        },{
          "refId":"iron shortsword",
          "count":1,
          "charge":-1,
          "enchantmentCharge":-1,
          "soul":""
        }],
      "lastGoldRestockHour":1.5554156303406,
      "goldPool":235,
      "lastGoldRestockDay":34
    },
    "480895-0":{
      "refId":"redoran guard male",
      "location":{
        "posY":140798,
        "posZ":293.82019042969,
        "rotX":0.0045037409290671,
        "rotZ":1.7151477336884,
        "rotY":0,
        "posX":-67845.015625
      },
      "stats":{
        "healthBase":210,
        "healthCurrent":210,
        "magickaBase":122,
        "magickaModified":122,
        "fatigueBase":307,
        "fatigueCurrent":307,
        "fatigueModified":307,
        "magickaCurrent":122,
        "healthModified":210
      },
      "equipment":{
        "0":{
          "refId":"bonemold_gah-julan_helm",
          "count":1,
          "charge":-1,
          "enchantmentCharge":-1
        },
        "1":{
          "refId":"bonemold_gah-julan_cuirass",
          "count":1,
          "charge":-1,
          "enchantmentCharge":-1
        },
        "2":{
          "refId":"bonemold_greaves",
          "count":1,
          "charge":-1,
          "enchantmentCharge":-1
        },
        "3":{
          "refId":"bonemold_gah-julan_pauldron_l",
          "count":1,
          "charge":-1,
          "enchantmentCharge":-1
        },
        "4":{
          "refId":"bonemold_gah-julan_pauldron_r",
          "count":1,
          "charge":-1,
          "enchantmentCharge":-1
        },
        "5":{
          "refId":"bonemold_bracer_left",
          "count":1,
          "charge":-1,
          "enchantmentCharge":-1
        },
        "6":{
          "refId":"bonemold_bracer_right",
          "count":1,
          "charge":-1,
          "enchantmentCharge":-1
        },
        "7":{
          "refId":"bonemold_boots",
          "count":1,
          "charge":-1,
          "enchantmentCharge":-1
        },
        "8":{
          "refId":"extravagant_shirt_01",
          "count":1,
          "charge":-1,
          "enchantmentCharge":-1
        },
        "9":{
          "refId":"extravagant_pants_01",
          "count":1,
          "charge":-1,
          "enchantmentCharge":-1
        },
        "14":{
          "refId":"expensive_amulet_01",
          "count":1,
          "charge":-1,
          "enchantmentCharge":-1
        },
        "16":{
          "refId":"steel mace",
          "count":1,
          "charge":-1,
          "enchantmentCharge":-1
        }
      },
      "inventory":[{
          "refId":"bonemold_bracer_right",
          "count":1,
          "charge":-1,
          "enchantmentCharge":-1,
          "soul":""
        },{
          "refId":"bonemold_bracer_left",
          "count":1,
          "charge":-1,
          "enchantmentCharge":-1,
          "soul":""
        },{
          "refId":"bonemold_boots",
          "count":1,
          "charge":-1,
          "enchantmentCharge":-1,
          "soul":""
        },{
          "refId":"bonemold_greaves",
          "count":1,
          "charge":-1,
          "enchantmentCharge":-1,
          "soul":""
        },{
          "refId":"bonemold_gah-julan_pauldron_r",
          "count":1,
          "charge":-1,
          "enchantmentCharge":-1,
          "soul":""
        },{
          "refId":"bonemold_gah-julan_pauldron_l",
          "count":1,
          "charge":-1,
          "enchantmentCharge":-1,
          "soul":""
        },{
          "refId":"bonemold_gah-julan_cuirass",
          "count":1,
          "charge":-1,
          "enchantmentCharge":-1,
          "soul":""
        },{
          "refId":"bonemold_gah-julan_helm",
          "count":1,
          "charge":-1,
          "enchantmentCharge":-1,
          "soul":""
        },{
          "refId":"expensive_amulet_01",
          "count":1,
          "charge":-1,
          "enchantmentCharge":-1,
          "soul":""
        },{
          "refId":"extravagant_glove_left_01",
          "count":1,
          "charge":-1,
          "enchantmentCharge":-1,
          "soul":""
        },{
          "refId":"extravagant_glove_right_01",
          "count":1,
          "charge":-1,
          "enchantmentCharge":-1,
          "soul":""
        },{
          "refId":"extravagant_shirt_01",
          "count":1,
          "charge":-1,
          "enchantmentCharge":-1,
          "soul":""
        },{
          "refId":"extravagant_shoes_01",
          "count":1,