{
  "packets":{
    "actorList":["0-48","0-49","0-47"],
    "ai":[],
    "cellChangeFrom":[],
    "cellChangeTo":[],
    "container":["341408-0","341421-0","341422-0","341423-0","341424-0","341425-0","341426-0","341427-0","341428-0","341429-0","462142-0","462146-0","462148-0","462159-0","462165-0","462170-0","462173-0","477208-0","477209-0","477210-0","477211-0","477212-0","477213-0","477214-0","477215-0","477222-0","477223-0","477224-0","477225-0","477226-0","477227-0","0-48","0-49","0-47"],
    "death":[],
    "delete":[],
    "doorState":[],
    "equipment":[],
    "lock":[],
    "place":[],
    "position":["0-47","0-48","0-49"],
    "scale":[],
    "spawn":["0-48","0-49","0-47"],
    "state":[],
    "statsDynamic":["0-47","0-48","0-49"],
    "trap":[],
    "clientScriptLocal":[],
    "spellsActive":[],
    "miscellaneous":[]
  },
  "entry":{
    "creationTime":1713905824,
    "description":"0, -6"
  },
  "lastVisit":{
    "Benoit":1718736089,
    "Fidgug":1718736091
  },
  "recordLinks":[],
  "objectData":{
    "0-48":{
      "refId":"mudcrab",
      "location":{
        "posX":2253.2321777344,
        "posY":-47329.09765625,
        "posZ":126.07759857178,
        "rotX":-0.06596015393734,
        "rotZ":-0.19270491600037,
        "rotY":0
      },
      "stats":{
        "healthBase":15,
        "healthCurrent":15,
        "magickaBase":5,
        "healthModified":15,
        "magickaModified":5,
        "fatigueCurrent":400,
        "fatigueModified":400,
        "magickaCurrent":5,
        "fatigueBase":400
      },
      "inventory":[{
          "refId":"ingred_crab_meat_01",
          "count":1,
          "charge":-1,
          "enchantmentCharge":-1,
          "soul":""
        }]
    },
    "0-49":{
      "refId":"mudcrab",
      "location":{
        "posX":1676.0909423828,
        "posY":-47586.83203125,
        "posZ":231.2473449707,
        "rotX":-0.064163476228714,
        "rotZ":2.8745672702789,
        "rotY":0
      },
      "stats":{
        "healthBase":15,
        "healthCurrent":15,
        "magickaBase":5,
        "healthModified":15,
        "magickaModified":5,
        "fatigueCurrent":400,
        "fatigueModified":400,
        "magickaCurrent":5,
        "fatigueBase":400
      },
      "inventory":[{
          "refId":"ingred_crab_meat_01",
          "count":1,
          "charge":-1,
          "enchantmentCharge":-1,
          "soul":""
        }]
    },
    "0-47":{
      "refId":"slaughterfish_small",
      "location":{
        "posX":3760.3332519531,
        "posY":-44717.21875,
        "posZ":-166.77838134766,
        "rotX":0,
        "rotZ":-2.8489806652069,
        "rotY":0
      },
      "stats":{
        "healthBase":15,
        "healthCurrent":15,
        "magickaBase":10,
        "healthModified":15,
        "magickaModified":10,
        "fatigueCurrent":300,
        "fatigueModified":300,
        "magickaCurrent":10,
        "fatigueBase":300
      },
      "inventory":[{
          "refId":"ingred_scales_01",
          "count":1,
          "charge":-1,
          "enchantmentCharge":-1,
          "soul":""
        }]
    },
    "341408-0":{
      "refId":"flora_kreshweed_03",
      "inventory":[]
    },
    "341421-0":{
      "refId":"flora_marshmerrow_01",
      "inventory":[{
          "refId":"ingred_marshmerrow_01",
          "count":1,
          "charge":-1,
          "enchantmentCharge":-1,
          "soul":""
        }]
    },
    "341422-0":{
      "refId":"flora_marshmerrow_02",
      "inventory":[{
          "refId":"ingred_marshmerrow_01",
          "count":1,
          "charge":-1,
          "enchantmentCharge":-1,
          "soul":""
        }]
    },
    "341423-0":{
      "refId":"flora_marshmerrow_01",
      "inventory":[{
          "refId":"ingred_marshmerrow_01",
          "count":1,
          "charge":-1,
          "enchantmentCharge":-1,
          "soul":""
        }]
    },
    "341424-0":{
      "refId":"flora_marshmerrow_01",
      "inventory":[]
    },
    "341425-0":{
      "refId":"flora_marshmerrow_02",
      "inventory":[{
          "refId":"ingred_marshmerrow_01",
          "count":1,
          "charge":-1,
          "enchantmentCharge":-1,
          "soul":""
        }]
    },
    "341426-0":{
      "refId":"flora_marshmerrow_01",
      "inventory":[{
          "refId":"ingred_marshmerrow_01",
          "count":1,
          "charge":-1,
          "enchantmentCharge":-1,
          "soul":""
        }]
    },
    "341427-0":{
      "refId":"flora_marshmerrow_01",
      "inventory":[{
          "refId":"ingred_marshmerrow_01",
          "count":1,
          "charge":-1,
          "enchantmentCharge":-1,
          "soul":""
        }]
    },
    "341428-0":{
      "refId":"flora_marshmerrow_02",
      "inventory":[{
          "refId":"ingred_marshmerrow_01",
          "count":1,
          "charge":-1,
          "enchantmentCharge":-1,
          "soul":""
        }]
    },
    "341429-0":{
      "refId":"flora_marshmerrow_01",
      "inventory":[{
          "refId":"ingred_marshmerrow_01",
          "count":1,
          "charge":-1,
          "enchantmentCharge":-1,
          "soul":""
        }]
    },
    "462142-0":{
      "refId":"kollop_02_pearl",
      "inventory":[]
    },
    "462146-0":{
      "refId":"kollop_03_pearl",
      "inventory":[{
          "refId":"ingred_pearl_01",
          "count":1,
          "charge":-1,
          "enchantmentCharge":-1,
          "soul":""
        }]
    },
    "462148-0":{
      "refId":"kollop_03_pearl",
      "inventory":[{
          "refId":"ingred_pearl_01",
          "count":1,
          "charge":-1,
          "enchantmentCharge":-1,
          "soul":""
        }]
    },
    "462159-0":{
      "refId":"kollop_02_pearl",
      "inventory":[]
    },
    "462165-0":{
      "refId":"kollop_03_pearl",
      "inventory":[{
          "refId":"ingred_pearl_01",
          "count":1,
          "charge":-1,
          "enchantmentCharge":-1,
          "soul":""
        }]
    },
    "462170-0":{
      "refId":"kollop_03_pearl",
      "inventory":[{
          "refId":"ingred_pearl_01",
          "count":1,
          "charge":-1,
          "enchantmentCharge":-1,
          "soul":""
        }]
    },
    "462173-0":{
      "refId":"kollop_02_pearl",
      "inventory":[]
    },
    "477208-0":{
      "refId":"flora_black_anther_02",
      "inventory":[]
    },
    "477209-0":{
      "refId":"flora_black_anther_01",
      "inventory":[{
          "refId":"ingred_black_anther_01",
          "count":2,
          "charge":-1,
          "enchantmentCharge":-1,
          "soul":""
        }]
    },
    "477210-0":{
      "refId":"flora_black_anther_02",
      "inventory":[{
          "refId":"ingred_black_anther_01",
          "count":1,
          "charge":-1,
          "enchantmentCharge":-1,
          "soul":""
        }]
    },
    "477211-0":{
      "refId":"flora_black_anther_01",
      "inventory":[{
          "refId":"ingred_black_anther_01",
          "count":2,
          "charge":-1,
          "enchantmentCharge":-1,
          "soul":""
        }]
    },
    "477212-0":{
      "refId":"flora_willow_flower_01",
      "inventory":[]
    },
    "477213-0":{
      "refId":"flora_willow_flower_02",
      "inventory":[{
          "refId":"ingred_willow_anther_01",
          "count":1,
          "charge":-1,
          "enchantmentCharge":-1,
          "soul":""
        }]
    },
    "477214-0":{
      "refId":"flora_willow_flower_01",
      "inventory":[]
    },
    "477215-0":{
      "refId":"flora_willow_flower_02",
      "inventory":[{
          "refId":"ingred_willow_anther_01",
          "count":1,
          "charge":-1,
          "enchantmentCharge":-1,
          "soul":""
        }]
    },
    "477222-0":{
      "refId":"flora_marshmerrow_01",
      "inventory":[{
          "refId":"ingred_marshmerrow_01",
          "count":1,
          "charge":-1,
          "enchantmentCharge":-1,
          "soul":""
        }]
    },