{
  "packets":{
    "actorList":["0-27","297837-0","204678-0","0-29"],
    "ai":[],
    "cellChangeFrom":[],
    "cellChangeTo":[],
    "container":["251199-0","251201-0","251202-0","251203-0","251207-0","478476-0","478477-0","478478-0","478479-0","478480-0","478481-0","478482-0","478483-0","478484-0","478488-0","478494-0","478496-0","478497-0","478507-0","478508-0","204678-0","297837-0","0-27","0-29"],
    "death":["0-27"],
    "delete":[],
    "doorState":[],
    "equipment":["204678-0"],
    "lock":[],
    "place":[],
    "position":["204678-0","0-27","0-29"],
    "scale":[],
    "spawn":["0-27","0-29"],
    "state":["297837-0"],
    "statsDynamic":["204678-0","0-27","0-29"],
    "trap":[],
    "clientScriptLocal":[],
    "spellsActive":[],
    "miscellaneous":[]
  },
  "entry":{
    "description":"0, -9",
    "creationTime":1713904668
  },
  "lastVisit":{
    "Benoit":1718735712,
    "Fidgug":1718735714
  },
  "recordLinks":[],
  "objectData":{
    "297837-0":{
      "refId":"dreamer_talker04",
      "inventory":[{
          "refId":"common_pants_03",
          "count":1,
          "charge":-1,
          "enchantmentCharge":-1,
          "soul":""
        },{
          "refId":"ingred_6th_corprusmeat_01",
          "count":1,
          "charge":-1,
          "enchantmentCharge":-1,
          "soul":""
        },{
          "refId":"chitin club",
          "count":1,
          "charge":-1,
          "enchantmentCharge":-1,
          "soul":""
        }],
      "state":false
    },
    "0-27":{
      "refId":"kwama forager",
      "location":{
        "posY":-67732.203125,
        "posZ":956.77117919922,
        "rotX":-0.66175007820129,
        "rotZ":-2.2745606899261,
        "rotY":0,
        "posX":905.61315917969
      },
      "stats":{
        "fatigueBase":300,
        "fatigueCurrent":300,
        "fatigueModified":300,
        "healthCurrent":0,
        "magickaModified":15,
        "healthBase":23,
        "healthModified":23,
        "magickaBase":15,
        "magickaCurrent":15
      },
      "inventory":[],
      "deathState":38,
      "spellsActive":[],
      "killer":{
        "playerName":"Benoit"
      }
    },
    "204678-0":{
      "refId":"nels llendo",
      "location":{
        "posY":-69669.9921875,
        "posZ":769.70025634766,
        "rotX":-0.038604333996773,
        "rotZ":2.8994696140289,
        "rotY":0,
        "posX":7097.4912109375
      },
      "stats":{
        "fatigueBase":190,
        "fatigueCurrent":190,
        "fatigueModified":190,
        "healthCurrent":66,
        "magickaModified":96,
        "healthBase":66,
        "healthModified":66,
        "magickaBase":96,
        "magickaCurrent":96
      },
      "equipment":{
        "8":{
          "refId":"exquisite_shirt_01",
          "count":1,
          "charge":-1,
          "enchantmentCharge":-1
        },
        "16":{
          "refId":"steel flameblade",
          "count":1,
          "charge":-1,
          "enchantmentCharge":-1
        },
        "7":{
          "refId":"bonemold_boots",
          "count":1,
          "charge":-1,
          "enchantmentCharge":-1
        },
        "1":{
          "refId":"bonemold_cuirass",
          "count":1,
          "charge":-1,
          "enchantmentCharge":-1
        },
        "9":{
          "refId":"expensive_pants_03",
          "count":1,
          "charge":-1,
          "enchantmentCharge":-1
        }
      },
      "inventory":[{
          "refId":"bonemold_boots",
          "count":1,
          "charge":-1,
          "enchantmentCharge":-1,
          "soul":""
        },{
          "refId":"bonemold_cuirass",
          "count":1,
          "charge":-1,
          "enchantmentCharge":-1,
          "soul":""
        },{
          "refId":"exquisite_shirt_01",
          "count":1,
          "charge":-1,
          "enchantmentCharge":-1,
          "soul":""
        },{
          "refId":"expensive_pants_03",
          "count":1,
          "charge":-1,
          "enchantmentCharge":-1,
          "soul":""
        },{
          "refId":"gold_001",
          "count":100,
          "charge":-1,
          "enchantmentCharge":-1,
          "soul":""
        },{
          "refId":"steel flameblade",
          "count":1,
          "charge":-1,
          "enchantmentCharge":-1,
          "soul":""
        }]
    },
    "0-29":{
      "refId":"mudcrab",
      "location":{
        "posY":-66213.1640625,
        "posZ":593.27154541016,
        "rotX":-0.030523566529155,
        "rotZ":-2.5784313678741,
        "rotY":0,
        "posX":4375.8178710938
      },
      "stats":{
        "fatigueBase":400,
        "fatigueCurrent":400,
        "fatigueModified":400,
        "healthCurrent":15,
        "magickaModified":5,
        "healthBase":15,
        "healthModified":15,
        "magickaBase":5,
        "magickaCurrent":5
      },
      "inventory":[{
          "refId":"ingred_crab_meat_01",
          "count":2,
          "charge":-1,
          "enchantmentCharge":-1,
          "soul":""
        }]
    },
    "251199-0":{
      "refId":"flora_bc_shelffungus_04",
      "inventory":[{
          "refId":"ingred_bc_hypha_facia",
          "count":1,
          "charge":-1,
          "enchantmentCharge":-1,
          "soul":""
        }]
    },
    "251201-0":{
      "refId":"flora_bc_mushroom_08",
      "inventory":[{
          "refId":"ingred_coprinus_01",
          "count":1,
          "charge":-1,
          "enchantmentCharge":-1,
          "soul":""
        }]
    },
    "251202-0":{
      "refId":"flora_bc_mushroom_08",
      "inventory":[{
          "refId":"ingred_coprinus_01",
          "count":2,
          "charge":-1,
          "enchantmentCharge":-1,
          "soul":""
        }]
    },
    "251203-0":{
      "refId":"flora_bc_mushroom_03",
      "inventory":[{
          "refId":"ingred_russula_01",
          "count":1,
          "charge":-1,
          "enchantmentCharge":-1,
          "soul":""
        }]
    },
    "251207-0":{
      "refId":"flora_bc_shelffungus_01",
      "inventory":[{
          "refId":"ingred_bc_bungler's_bane",
          "count":1,
          "charge":-1,
          "enchantmentCharge":-1,
          "soul":""
        }]
    },
    "478476-0":{
      "refId":"flora_black_anther_02",
      "inventory":[]
    },
    "478477-0":{
      "refId":"flora_black_anther_01",
      "inventory":[]
    },
    "478478-0":{
      "refId":"flora_black_anther_02",
      "inventory":[]
    },
    "478479-0":{
      "refId":"flora_black_anther_01",
      "inventory":[{
          "refId":"ingred_black_anther_01",
          "count":2,
          "charge":-1,
          "enchantmentCharge":-1,
          "soul":""
        }]
    },
    "478480-0":{
      "refId":"flora_willow_flower_01",
      "inventory":[]
    },
    "478481-0":{
      "refId":"flora_willow_flower_02",
      "inventory":[]
    },
    "478482-0":{
      "refId":"flora_willow_flower_01",
      "inventory":[]
    },
    "478483-0":{
      "refId":"flora_willow_flower_02",
      "inventory":[]
    },
    "478484-0":{
      "refId":"flora_corkbulb",
      "inventory":[{
          "refId":"ingred_corkbulb_root_01",
          "count":1,
          "charge":-1,
          "enchantmentCharge":-1,
          "soul":""
        }]
    },
    "478488-0":{
      "refId":"flora_comberry_01",
      "inventory":[{
          "refId":"ingred_comberry_01",
          "count":1,
          "charge":-1,
          "enchantmentCharge":-1,
          "soul":""
        }]
    },
    "478494-0":{
      "refId":"flora_heather_01",
      "inventory":[{
          "refId":"ingred_heather_01",
          "count":2,
          "charge":-1,
          "enchantmentCharge":-1,
          "soul":""
        }]
    },
    "478496-0":{
      "refId":"flora_heather_01",
      "inventory":[{
          "refId":"ingred_heather_01",
          "count":2,
          "charge":-1,
          "enchantmentCharge":-1,
          "soul":""
        }]
    },