{
  "packets":{
    "actorList":["0-1723","0-1724","0-1725","0-1726","136404-0","136403-0","0-1722"],
    "ai":[],
    "cellChangeFrom":[],
    "cellChangeTo":[],
    "container":["189968-0","189969-0","189970-0","136403-0","136404-0","0-1723","0-1724","0-1725","0-1726","0-1722"],
    "death":[],
    "delete":[],
    "doorState":[],
    "equipment":["136404-0","136403-0","0-1726"],
    "lock":[],
    "place":[],
    "position":["136403-0","136404-0","0-1723","0-1724","0-1725","0-1726","0-1722"],
    "scale":[],
    "spawn":["0-1723","0-1724","0-1725","0-1726","0-1722"],
    "state":[],
    "statsDynamic":["136403-0","136404-0","0-1723","0-1724","0-1725","0-1726","0-1722"],
    "trap":[],
    "miscellaneous":[],
    "clientScriptLocal":[],
    "spellsActive":[]
  },
  "entry":{
    "description":"0, 17",
    "creationTime":1723750546
  },
  "lastVisit":{
    "Benoit":1723751266,
    "Fidgug":1723751268
  },
  "recordLinks":[],
  "objectData":{
    "0-1724":{
      "refId":"clannfear",
      "location":{
        "posY":143442.984375,
        "posZ":755.7529296875,
        "rotX":0.25180009007454,
        "rotZ":-3.0448925495148,
        "rotY":0,
        "posX":5022.6328125
      },
      "stats":{
        "healthBase":113,
        "healthCurrent":113,
        "magickaBase":100,
        "magickaModified":100,
        "fatigueBase":500,
        "fatigueCurrent":500,
        "fatigueModified":500,
        "magickaCurrent":100,
        "healthModified":113
      },
      "inventory":[{
          "refId":"ingred_daedras_heart_01",
          "count":1,
          "charge":-1,
          "enchantmentCharge":-1,
          "soul":""
        }]
    },
    "0-1725":{
      "refId":"atronach_frost",
      "location":{
        "posY":144769.90625,
        "posZ":809.93988037109,
        "rotX":-0.35706681013107,
        "rotZ":-0.23043131828308,
        "rotY":0,
        "posX":3391.861328125
      },
      "stats":{
        "healthBase":105,
        "healthCurrent":105,
        "magickaBase":135,
        "magickaModified":135,
        "fatigueBase":600,
        "fatigueCurrent":600,
        "fatigueModified":600,
        "magickaCurrent":135,
        "healthModified":105
      },
      "inventory":[{
          "refId":"ingred_frost_salts_01",
          "count":1,
          "charge":-1,
          "enchantmentCharge":-1,
          "soul":""
        }]
    },
    "0-1726":{
      "refId":"dremora",
      "location":{
        "posY":143545.546875,
        "posZ":707.15539550781,
        "rotX":0.056954253464937,
        "rotZ":0.72740745544434,
        "rotY":0,
        "posX":2877.4462890625
      },
      "stats":{
        "healthBase":160,
        "healthCurrent":160,
        "magickaBase":100,
        "magickaModified":100,
        "fatigueBase":400,
        "fatigueCurrent":400,
        "fatigueModified":400,
        "magickaCurrent":100,
        "healthModified":160
      },
      "equipment":{
        "16":{
          "refId":"dwarven shortsword",
          "count":1,
          "charge":-1,
          "enchantmentCharge":-1
        }
      },
      "inventory":[{
          "refId":"ingred_daedras_heart_01",
          "count":1,
          "charge":-1,
          "enchantmentCharge":-1,
          "soul":""
        },{
          "refId":"dwarven shortsword",
          "count":1,
          "charge":-1,
          "enchantmentCharge":-1,
          "soul":""
        }]
    },
    "136404-0":{
      "refId":"iner raledran",
      "location":{
        "posY":142592.921875,
        "posZ":697,
        "rotX":0.012098852545023,
        "rotZ":-1.490428686142,
        "rotY":0,
        "posX":3380.328125
      },
      "stats":{
        "healthBase":125,
        "healthCurrent":125,
        "magickaBase":104,
        "magickaModified":104,
        "fatigueBase":260,
        "fatigueCurrent":260,
        "fatigueModified":260,
        "magickaCurrent":104,
        "healthModified":125
      },
      "equipment":[{
          "refId":"steel_cuirass",
          "count":1,
          "charge":-1,
          "enchantmentCharge":-1
        },{
          "refId":"steel_greaves",
          "count":1,
          "charge":-1,
          "enchantmentCharge":-1
        },{
          "refId":"steel_pauldron_left",
          "count":1,
          "charge":-1,
          "enchantmentCharge":-1
        },{
          "refId":"steel_pauldron_right",
          "count":1,
          "charge":-1,
          "enchantmentCharge":-1
        },{
          "refId":"steel_gauntlet_left",
          "count":1,
          "charge":-1,
          "enchantmentCharge":-1
        },{
          "refId":"steel_gauntlet_right",
          "count":1,
          "charge":-1,
          "enchantmentCharge":-1
        },{
          "refId":"steel_boots",
          "count":1,
          "charge":-1,
          "enchantmentCharge":-1
        },null,null,null,null,null,null,null,null,{
          "refId":"steel sparkscythe",
          "count":1,
          "charge":-1,
          "enchantmentCharge":-1
        },{
          "refId":"steel_shield",
          "count":1,
          "charge":-1,
          "enchantmentCharge":-1
        }],
      "inventory":[{
          "refId":"steel_shield",
          "count":1,
          "charge":-1,
          "enchantmentCharge":-1,
          "soul":""
        },{
          "refId":"steel_gauntlet_right",
          "count":1,
          "charge":-1,
          "enchantmentCharge":-1,
          "soul":""
        },{
          "refId":"steel_gauntlet_left",
          "count":1,
          "charge":-1,
          "enchantmentCharge":-1,
          "soul":""
        },{
          "refId":"steel_boots",
          "count":1,
          "charge":-1,
          "enchantmentCharge":-1,
          "soul":""
        },{
          "refId":"steel_greaves",
          "count":1,
          "charge":-1,
          "enchantmentCharge":-1,
          "soul":""
        },{
          "refId":"steel_pauldron_right",
          "count":1,
          "charge":-1,
          "enchantmentCharge":-1,
          "soul":""
        },{
          "refId":"steel_pauldron_left",
          "count":1,
          "charge":-1,
          "enchantmentCharge":-1,
          "soul":""
        },{
          "refId":"steel_cuirass",
          "count":1,
          "charge":-1,
          "enchantmentCharge":-1,
          "soul":""
        },{
          "refId":"steel sparkscythe",
          "count":1,
          "charge":-1,
          "enchantmentCharge":-1,
          "soul":""
        }]
    },
    "136403-0":{
      "refId":"badala velothren",
      "location":{
        "posY":141796.1875,
        "posZ":739.94378662109,
        "rotX":0.072465926408768,
        "rotZ":2.9587490558624,
        "rotY":0,
        "posX":4586.498046875
      },
      "stats":{
        "healthBase":102,
        "healthCurrent":102,
        "magickaBase":108,
        "magickaModified":108,
        "fatigueBase":226,
        "fatigueCurrent":226,
        "fatigueModified":226,
        "magickaCurrent":108,
        "healthModified":102
      },
      "equipment":{
        "1":{
          "refId":"netch_leather_boiled_cuirass",
          "count":1,
          "charge":-1,
          "enchantmentCharge":-1
        },
        "3":{
          "refId":"netch_leather_pauldron_left",
          "count":1,
          "charge":-1,
          "enchantmentCharge":-1
        },
        "4":{
          "refId":"netch_leather_pauldron_right",
          "count":1,
          "charge":-1,
          "enchantmentCharge":-1
        },
        "7":{
          "refId":"netch_leather_boots",
          "count":1,
          "charge":-1,
          "enchantmentCharge":-1
        },
        "8":{
          "refId":"common_shirt_01",
          "count":1,
          "charge":-1,
          "enchantmentCharge":-1
        },
        "9":{
          "refId":"common_pants_01",
          "count":1,
          "charge":-1,
          "enchantmentCharge":-1
        },
        "16":{
          "refId":"silver viperblade",