{
  "packets":{
    "actorList":["0-847","0-848","0-841","0-842","0-843","0-844","0-845"],
    "ai":[],
    "cellChangeFrom":[],
    "cellChangeTo":[],
    "container":["166679-0","325350-0","325351-0","325352-0","325354-0","429937-0","429944-0","429962-0","429963-0","429964-0","429965-0","429966-0","429967-0","429995-0","429996-0","429997-0","430003-0","430004-0","430005-0","0-847","0-848","0-841","0-842","0-843","0-844","0-845"],
    "death":[],
    "delete":[],
    "doorState":[],
    "equipment":[],
    "lock":[],
    "place":[],
    "position":["0-841","0-842","0-843","0-844","0-845","0-847","0-848"],
    "scale":[],
    "spawn":["0-847","0-848","0-841","0-842","0-843","0-844","0-845"],
    "state":[],
    "statsDynamic":["0-841","0-842","0-843","0-844","0-845","0-847","0-848"],
    "trap":[],
    "clientScriptLocal":[],
    "spellsActive":[],
    "miscellaneous":[]
  },
  "entry":{
    "description":"0, 21",
    "creationTime":1717184022
  },
  "lastVisit":{
    "Benoit":1717187144,
    "Fidgug":1717187435
  },
  "recordLinks":[],
  "objectData":{
    "166679-0":{
      "refId":"flora_kreshweed_02",
      "inventory":[{
          "refId":"ingred_kresh_fiber_01",
          "count":1,
          "charge":-1,
          "enchantmentCharge":-1,
          "soul":""
        }]
    },
    "325350-0":{
      "refId":"flora_gold_kanet_01",
      "inventory":[{
          "refId":"ingred_gold_kanet_01",
          "count":1,
          "charge":-1,
          "enchantmentCharge":-1,
          "soul":""
        }]
    },
    "0-847":{
      "refId":"atronach_frost",
      "location":{
        "posX":3390.1879882813,
        "posY":172382.0625,
        "posZ":85.909805297852,
        "rotX":0.11015798151493,
        "rotZ":1.213892698288,
        "rotY":0
      },
      "stats":{
        "magickaCurrent":135,
        "fatigueBase":600,
        "fatigueCurrent":600,
        "fatigueModified":600,
        "magickaBase":135,
        "healthModified":105,
        "healthBase":105,
        "healthCurrent":105,
        "magickaModified":135
      },
      "inventory":[]
    },
    "0-848":{
      "refId":"scamp",
      "location":{
        "posX":2175.6481933594,
        "posY":172196.875,
        "posZ":318.65841674805,
        "rotX":0.095913708209991,
        "rotZ":2.0480453968048,
        "rotY":0
      },
      "stats":{
        "magickaCurrent":100,
        "fatigueBase":400,
        "fatigueCurrent":400,
        "fatigueModified":400,
        "magickaBase":100,
        "healthModified":45,
        "healthBase":45,
        "healthCurrent":45,
        "magickaModified":100
      },
      "inventory":[{
          "refId":"ingred_scamp_skin_01",
          "count":1,
          "charge":-1,
          "enchantmentCharge":-1,
          "soul":""
        }]
    },
    "325354-0":{
      "refId":"flora_willow_flower_01",
      "inventory":[{
          "refId":"ingred_willow_anther_01",
          "count":1,
          "charge":-1,
          "enchantmentCharge":-1,
          "soul":""
        }]
    },
    "429937-0":{
      "refId":"kollop_03_pearl",
      "inventory":[{
          "refId":"ingred_pearl_01",
          "count":1,
          "charge":-1,
          "enchantmentCharge":-1,
          "soul":""
        }]
    },
    "429944-0":{
      "refId":"kollop_01_pearl",
      "inventory":[]
    },
    "429962-0":{
      "refId":"kollop_01_pearl",
      "inventory":[]
    },
    "429963-0":{
      "refId":"kollop_02_pearl",
      "inventory":[]
    },
    "429964-0":{
      "refId":"kollop_03_pearl",
      "inventory":[{
          "refId":"ingred_pearl_01",
          "count":1,
          "charge":-1,
          "enchantmentCharge":-1,
          "soul":""
        }]
    },
    "429965-0":{
      "refId":"kollop_01_pearl",
      "inventory":[{
          "refId":"ingred_pearl_01",
          "count":1,
          "charge":-1,
          "enchantmentCharge":-1,
          "soul":""
        }]
    },
    "429966-0":{
      "refId":"kollop_02_pearl",
      "inventory":[]
    },
    "429967-0":{
      "refId":"kollop_03_pearl",
      "inventory":[{
          "refId":"ingred_pearl_01",
          "count":1,
          "charge":-1,
          "enchantmentCharge":-1,
          "soul":""
        }]
    },
    "429995-0":{
      "refId":"kollop_01_pearl",
      "inventory":[{
          "refId":"ingred_pearl_01",
          "count":1,
          "charge":-1,
          "enchantmentCharge":-1,
          "soul":""
        }]
    },
    "429996-0":{
      "refId":"kollop_02_pearl",
      "inventory":[]
    },
    "429997-0":{
      "refId":"kollop_03_pearl",
      "inventory":[]
    },
    "430003-0":{
      "refId":"kollop_03_pearl",
      "inventory":[]
    },
    "430004-0":{
      "refId":"kollop_01_pearl",
      "inventory":[]
    },
    "430005-0":{
      "refId":"kollop_02_pearl",
      "inventory":[]
    },
    "325352-0":{
      "refId":"flora_green_lichen_02",
      "inventory":[{
          "refId":"ingred_green_lichen_01",
          "count":1,
          "charge":-1,
          "enchantmentCharge":-1,
          "soul":""
        }]
    },
    "325351-0":{
      "refId":"flora_green_lichen_01",
      "inventory":[{
          "refId":"ingred_green_lichen_01",
          "count":1,
          "charge":-1,
          "enchantmentCharge":-1,
          "soul":""
        }]
    },
    "0-841":{
      "refId":"scamp",
      "location":{
        "posX":1811.2152099609,
        "posY":172709.609375,
        "posZ":432.91452026367,
        "rotX":0.77366477251053,
        "rotZ":1.1698091030121,
        "rotY":0
      },
      "stats":{
        "magickaCurrent":100,
        "fatigueBase":400,
        "fatigueCurrent":400,
        "fatigueModified":400,
        "magickaBase":100,
        "healthModified":45,
        "healthBase":45,
        "healthCurrent":45,
        "magickaModified":100
      },
      "inventory":[]
    },
    "0-842":{
      "refId":"atronach_flame",
      "location":{
        "posX":750.27282714844,
        "posY":172944.078125,
        "posZ":740.72399902344,
        "rotX":0.008753590285778,
        "rotZ":2.649228811264,
        "rotY":0
      },
      "stats":{
        "magickaCurrent":105,
        "fatigueBase":600,
        "fatigueCurrent":600,
        "fatigueModified":600,
        "magickaBase":105,
        "healthModified":75,
        "healthBase":75,
        "healthCurrent":75,
        "magickaModified":105
      },
      "inventory":[]
    },
    "0-843":{
      "refId":"clannfear",
      "location":{
        "posX":1948.6791992188,
        "posY":174347.5625,
        "posZ":421.30700683594,
        "rotX":0.0092036630958319,
        "rotZ":1.3054568767548,
        "rotY":0
      },
      "stats":{
        "magickaCurrent":100,
        "fatigueBase":500,
        "fatigueCurrent":500,
        "fatigueModified":500,
        "magickaBase":100,
        "healthModified":113,
        "healthBase":113,
        "healthCurrent":113,
        "magickaModified":100
      },
      "inventory":[{
          "refId":"ingred_daedras_heart_01",
          "count":1,
          "charge":-1,
          "enchantmentCharge":-1,
          "soul":""
        }]
    },
    "0-844":{
      "refId":"slaughterfish",
      "location":{
        "posX":3589.4606933594,
        "posY":178132.65625,
        "posZ":-130.39846801758,
        "rotX":-0.0024200910702348,
        "rotZ":-3.0225827693939,
        "rotY":0
      },
      "stats":{
        "magickaCurrent":10,
        "fatigueBase":400,
        "fatigueCurrent":400,
        "fatigueModified":400,
        "magickaBase":10,
        "healthModified":23,
        "healthBase":23,
        "healthCurrent":23,
        "magickaModified":10
      },
      "inventory":[]
    },
    "0-845":{
      "refId":"mudcrab-diseased",
      "location":{
        "posX":776.08569335938,
        "posY":174737.875,
        "posZ":94.03328704834,
        "rotX":0.07685661315918,
        "rotZ":0.43123507499695,
        "rotY":0
      },