{
  "packets":{
    "actorList":["0-856","0-858","0-859","0-971","0-854"],
    "ai":[],
    "cellChangeFrom":[],
    "cellChangeTo":["84465-0"],
    "container":["325299-0","325300-0","325301-0","325302-0","325307-0","325314-0","325319-0","429865-0","429866-0","429867-0","429868-0","429869-0","429874-0","429887-0","429895-0","429896-0","429913-0","429914-0","429915-0","0-856","0-858","0-859","0-971","0-854"],
    "death":["0-971"],
    "delete":[],
    "doorState":[],
    "equipment":["0-971"],
    "lock":[],
    "place":["0-972","0-973"],
    "position":["0-856","0-858","0-859","0-971","0-854"],
    "scale":[],
    "spawn":["0-856","0-858","0-859","0-971","0-854"],
    "state":["84465-0"],
    "statsDynamic":["0-856","0-858","0-859","0-971","0-854"],
    "trap":[],
    "clientScriptLocal":[],
    "spellsActive":[],
    "miscellaneous":[]
  },
  "entry":{
    "description":"0, 22",
    "creationTime":1713904668
  },
  "lastVisit":{
    "Benoit":1717187144,
    "Fidgug":1717187435
  },
  "recordLinks":[],
  "objectData":{
    "429895-0":{
      "refId":"kollop_01_pearl",
      "inventory":[{
          "refId":"ingred_pearl_01",
          "count":1,
          "charge":-1,
          "enchantmentCharge":-1,
          "soul":""
        }]
    },
    "429896-0":{
      "refId":"kollop_03_pearl",
      "inventory":[]
    },
    "429913-0":{
      "refId":"kollop_01_pearl",
      "inventory":[{
          "refId":"ingred_pearl_01",
          "count":1,
          "charge":-1,
          "enchantmentCharge":-1,
          "soul":""
        }]
    },
    "429914-0":{
      "refId":"kollop_02_pearl",
      "inventory":[]
    },
    "429915-0":{
      "refId":"kollop_03_pearl",
      "inventory":[]
    },
    "0-972":{
      "refId":"bk_corpsepreperation1_c",
      "location":{
        "posX":7771.8012695313,
        "posY":185563.03125,
        "posZ":804.14367675781,
        "rotX":0,
        "rotZ":-1.8517825603485,
        "rotY":0
      }
    },
    "84465-0":{
      "cellChangeTo":"Vas, Entry Level",
      "state":false
    },
    "0-856":{
      "refId":"slaughterfish",
      "location":{
        "posX":3329.7163085938,
        "posY":183932.5,
        "posZ":-329.95941162109,
        "rotX":0.0010557100176811,
        "rotZ":0.6916766166687,
        "rotY":0
      },
      "stats":{
        "magickaCurrent":10,
        "fatigueBase":400,
        "fatigueCurrent":399.9885559082,
        "healthModified":23,
        "magickaModified":10,
        "fatigueModified":400,
        "healthBase":23,
        "healthCurrent":23,
        "magickaBase":10
      },
      "inventory":[]
    },
    "0-858":{
      "refId":"cliff racer",
      "location":{
        "posX":3796.6953125,
        "posY":185370.46875,
        "posZ":312.427734375,
        "rotX":0.092345960438251,
        "rotZ":1.4538552761078,
        "rotY":0
      },
      "stats":{
        "magickaCurrent":20,
        "fatigueBase":400,
        "fatigueCurrent":400,
        "healthModified":45,
        "magickaModified":20,
        "fatigueModified":400,
        "healthBase":45,
        "healthCurrent":45,
        "magickaBase":20
      },
      "inventory":[{
          "refId":"ingred_racer_plumes_01",
          "count":1,
          "charge":-1,
          "enchantmentCharge":-1,
          "soul":""
        }]
    },
    "0-859":{
      "refId":"cliff racer_diseased",
      "location":{
        "posX":3470.5219726563,
        "posY":186425.046875,
        "posZ":250.5263671875,
        "rotX":0.34386870265007,
        "rotZ":-1.8590838909149,
        "rotY":0
      },
      "stats":{
        "magickaCurrent":20,
        "fatigueBase":170,
        "fatigueCurrent":170,
        "healthModified":45,
        "magickaModified":20,
        "fatigueModified":170,
        "healthBase":45,
        "healthCurrent":45,
        "magickaBase":20
      },
      "inventory":[]
    },
    "0-971":{
      "refId":"db_assassin1",
      "location":{
        "posX":7797.244140625,
        "posY":185575.125,
        "posZ":826.38952636719,
        "rotX":0.30897328257561,
        "rotZ":2.8871762752533,
        "rotY":0
      },
      "stats":{
        "magickaCurrent":106,
        "fatigueBase":164,
        "fatigueCurrent":163.69525146484,
        "healthModified":50,
        "magickaModified":106,
        "fatigueModified":164,
        "healthBase":50,
        "healthCurrent":0,
        "magickaBase":106
      },
      "equipment":{
        "0":{
          "refId":"darkbrotherhood helm",
          "count":1,
          "charge":298,
          "enchantmentCharge":-1
        },
        "1":{
          "refId":"darkbrotherhood cuirass",
          "count":1,
          "charge":274,
          "enchantmentCharge":-1
        },
        "2":{
          "refId":"darkbrotherhood greaves",
          "count":1,
          "charge":-1,
          "enchantmentCharge":-1
        },
        "16":{
          "refId":"iron spider dagger",
          "count":1,
          "charge":498,
          "enchantmentCharge":36
        }
      },
      "inventory":[{
          "refId":"darkbrotherhood greaves",
          "count":1,
          "charge":-1,
          "enchantmentCharge":-1,
          "soul":""
        },{
          "refId":"darkbrotherhood cuirass",
          "count":1,
          "charge":274,
          "enchantmentCharge":-1,
          "soul":""
        },{
          "refId":"darkbrotherhood helm",
          "count":1,
          "charge":298,
          "enchantmentCharge":-1,
          "soul":""
        },{
          "refId":"iron spider dagger",
          "count":1,
          "charge":498,
          "enchantmentCharge":36,
          "soul":""
        }],
      "killer":{
        "playerName":"Fidgug"
      },
      "spellsActive":[],
      "deathState":42
    },
    "0-854":{
      "refId":"cliff racer_diseased",
      "location":{
        "posX":7549.794921875,
        "posY":180863.875,
        "posZ":342.41250610352,
        "rotX":0.0083457073196769,
        "rotZ":-0.12241220474243,
        "rotY":0
      },
      "stats":{
        "magickaCurrent":20,
        "fatigueBase":170,
        "fatigueCurrent":170,
        "healthModified":45,
        "magickaModified":20,
        "fatigueModified":170,
        "healthBase":45,
        "healthCurrent":45,
        "magickaBase":20
      },
      "inventory":[{
          "refId":"ingred_racer_plumes_01",
          "count":1,
          "charge":-1,
          "enchantmentCharge":-1,
          "soul":""
        }]
    },
    "0-973":{
      "refId":"food_kwama_egg_02",
      "count":2,
      "location":{
        "posX":7874.6635742188,
        "posY":185636.0625,
        "posZ":839.56683349609,
        "rotX":0,
        "rotZ":-2.0959408283234,
        "rotY":0
      }
    },
    "325299-0":{
      "refId":"flora_black_anther_01",
      "inventory":[{
          "refId":"ingred_black_anther_01",
          "count":2,
          "charge":-1,
          "enchantmentCharge":-1,
          "soul":""
        }]
    },
    "325300-0":{
      "refId":"flora_gold_kanet_01",
      "inventory":[{
          "refId":"ingred_gold_kanet_01",
          "count":1,
          "charge":-1,
          "enchantmentCharge":-1,
          "soul":""
        }]
    },
    "325301-0":{
      "refId":"flora_green_lichen_01",
      "inventory":[{
          "refId":"ingred_green_lichen_01",
          "count":1,
          "charge":-1,
          "enchantmentCharge":-1,
          "soul":""
        }]
    },
    "325302-0":{
      "refId":"flora_green_lichen_02",
      "inventory":[{
          "refId":"ingred_green_lichen_01",
          "count":1,
          "charge":-1,
          "enchantmentCharge":-1,
          "soul":""
        }]
    },
    "325307-0":{
      "refId":"flora_kreshweed_03",
      "inventory":[{
          "refId":"ingred_kresh_fiber_01",
          "count":1,
          "charge":-1,
          "enchantmentCharge":-1,
          "soul":""
        }]
    },
    "325314-0":{
      "refId":"flora_kreshweed_02",