{
  "packets":{
    "actorList":["0-856","0-858","0-859","0-971"],
    "ai":[],
    "cellChangeFrom":[],
    "cellChangeTo":["84465-0"],
    "container":["325299-0","325300-0","325301-0","325302-0","325307-0","325314-0","325319-0","429865-0","429866-0","429867-0","429868-0","429869-0","429874-0","429887-0","429895-0","429896-0","429913-0","429914-0","429915-0","0-856","0-858","0-859","0-971"],
    "death":["0-971"],
    "delete":[],
    "doorState":[],
    "equipment":["0-971"],
    "lock":[],
    "place":["0-972","0-973"],
    "position":["0-856","0-858","0-859","0-971"],
    "scale":[],
    "spawn":["0-856","0-858","0-859","0-971"],
    "state":["84465-0"],
    "statsDynamic":["0-856","0-858","0-859","0-971"],
    "trap":[],
    "clientScriptLocal":[],
    "spellsActive":[],
    "miscellaneous":[]
  },
  "entry":{
    "description":"0, 22",
    "creationTime":1713904668
  },
  "lastVisit":{
    "Benoit":1723750311,
    "Fidgug":1723750315
  },
  "recordLinks":[],
  "objectData":{
    "0-856":{
      "refId":"slaughterfish",
      "location":{
        "posY":183927.328125,
        "posZ":-328.0666809082,
        "rotX":0.00107326451689,
        "rotZ":1.5524699687958,
        "rotY":0,
        "posX":3236.728515625
      },
      "stats":{
        "fatigueBase":400,
        "fatigueCurrent":400,
        "healthModified":23,
        "fatigueModified":400,
        "magickaBase":10,
        "healthBase":23,
        "healthCurrent":23,
        "magickaModified":10,
        "magickaCurrent":10
      },
      "inventory":[]
    },
    "0-858":{
      "refId":"cliff racer",
      "location":{
        "posY":186443.578125,
        "posZ":313.14364624023,
        "rotX":0.0070565110072494,
        "rotZ":-0.53225207328796,
        "rotY":0,
        "posX":3150.0485839844
      },
      "stats":{
        "fatigueBase":400,
        "fatigueCurrent":400,
        "healthModified":45,
        "fatigueModified":400,
        "magickaBase":20,
        "healthBase":45,
        "healthCurrent":45,
        "magickaModified":20,
        "magickaCurrent":20
      },
      "inventory":[{
          "refId":"ingred_racer_plumes_01",
          "count":1,
          "charge":-1,
          "enchantmentCharge":-1,
          "soul":""
        }]
    },
    "0-859":{
      "refId":"cliff racer_diseased",
      "location":{
        "posY":186156.578125,
        "posZ":250.28118896484,
        "rotX":0.00051780324429274,
        "rotZ":-0.74909472465515,
        "rotY":0,
        "posX":3041.7590332031
      },
      "stats":{
        "fatigueBase":170,
        "fatigueCurrent":170,
        "healthModified":45,
        "fatigueModified":170,
        "magickaBase":20,
        "healthBase":45,
        "healthCurrent":45,
        "magickaModified":20,
        "magickaCurrent":20
      },
      "inventory":[]
    },
    "0-971":{
      "refId":"db_assassin1",
      "location":{
        "posY":185575.125,
        "posZ":826.38952636719,
        "rotX":0.30897328257561,
        "rotZ":2.8871762752533,
        "rotY":0,
        "posX":7797.244140625
      },
      "stats":{
        "fatigueBase":164,
        "fatigueCurrent":163.69525146484,
        "healthModified":50,
        "fatigueModified":164,
        "magickaBase":106,
        "healthBase":50,
        "healthCurrent":0,
        "magickaModified":106,
        "magickaCurrent":106
      },
      "equipment":{
        "0":{
          "refId":"darkbrotherhood helm",
          "count":1,
          "charge":298,
          "enchantmentCharge":-1
        },
        "1":{
          "refId":"darkbrotherhood cuirass",
          "count":1,
          "charge":274,
          "enchantmentCharge":-1
        },
        "2":{
          "refId":"darkbrotherhood greaves",
          "count":1,
          "charge":-1,
          "enchantmentCharge":-1
        },
        "16":{
          "refId":"iron spider dagger",
          "count":1,
          "charge":498,
          "enchantmentCharge":36
        }
      },
      "inventory":[{
          "refId":"darkbrotherhood greaves",
          "count":1,
          "charge":-1,
          "enchantmentCharge":-1,
          "soul":""
        },{
          "refId":"darkbrotherhood cuirass",
          "count":1,
          "charge":274,
          "enchantmentCharge":-1,
          "soul":""
        },{
          "refId":"darkbrotherhood helm",
          "count":1,
          "charge":298,
          "enchantmentCharge":-1,
          "soul":""
        },{
          "refId":"iron spider dagger",
          "count":1,
          "charge":498,
          "enchantmentCharge":36,
          "soul":""
        }],
      "deathState":42,
      "spellsActive":[],
      "killer":{
        "playerName":"Fidgug"
      }
    },
    "325299-0":{
      "refId":"flora_black_anther_01",
      "inventory":[{
          "refId":"ingred_black_anther_01",
          "count":2,
          "charge":-1,
          "enchantmentCharge":-1,
          "soul":""
        }]
    },
    "325300-0":{
      "refId":"flora_gold_kanet_01",
      "inventory":[{
          "refId":"ingred_gold_kanet_01",
          "count":1,
          "charge":-1,
          "enchantmentCharge":-1,
          "soul":""
        }]
    },
    "325301-0":{
      "refId":"flora_green_lichen_01",
      "inventory":[{
          "refId":"ingred_green_lichen_01",
          "count":1,
          "charge":-1,
          "enchantmentCharge":-1,
          "soul":""
        }]
    },
    "325302-0":{
      "refId":"flora_green_lichen_02",
      "inventory":[{
          "refId":"ingred_green_lichen_01",
          "count":1,
          "charge":-1,
          "enchantmentCharge":-1,
          "soul":""
        }]
    },
    "325307-0":{
      "refId":"flora_kreshweed_03",
      "inventory":[{
          "refId":"ingred_kresh_fiber_01",
          "count":1,
          "charge":-1,
          "enchantmentCharge":-1,
          "soul":""
        }]
    },
    "325314-0":{
      "refId":"flora_kreshweed_02",
      "inventory":[{
          "refId":"ingred_kresh_fiber_01",
          "count":1,
          "charge":-1,
          "enchantmentCharge":-1,
          "soul":""
        }]
    },
    "325319-0":{
      "refId":"flora_kreshweed_03",
      "inventory":[{
          "refId":"ingred_kresh_fiber_01",
          "count":1,
          "charge":-1,
          "enchantmentCharge":-1,
          "soul":""
        }]
    },
    "429865-0":{
      "refId":"kollop_01_pearl",
      "inventory":[{
          "refId":"ingred_pearl_01",
          "count":1,
          "charge":-1,
          "enchantmentCharge":-1,
          "soul":""
        }]
    },
    "429866-0":{
      "refId":"kollop_03_pearl",
      "inventory":[]
    },
    "429867-0":{
      "refId":"kollop_03_pearl",
      "inventory":[{
          "refId":"ingred_pearl_01",
          "count":1,
          "charge":-1,
          "enchantmentCharge":-1,
          "soul":""
        }]
    },
    "429868-0":{
      "refId":"kollop_02_pearl",
      "inventory":[]
    },
    "429869-0":{
      "refId":"kollop_02_pearl",
      "inventory":[]
    },
    "429874-0":{
      "refId":"kollop_01_pearl",
      "inventory":[]
    },
    "429887-0":{
      "refId":"kollop_03_pearl",
      "inventory":[]
    },
    "429895-0":{
      "refId":"kollop_01_pearl",
      "inventory":[{
          "refId":"ingred_pearl_01",
          "count":1,
          "charge":-1,
          "enchantmentCharge":-1,
          "soul":""
        }]
    },
    "429896-0":{
      "refId":"kollop_03_pearl",
      "inventory":[]
    },
    "429913-0":{
      "refId":"kollop_01_pearl",
      "inventory":[{
          "refId":"ingred_pearl_01",
          "count":1,
          "charge":-1,
          "enchantmentCharge":-1,
          "soul":""
        }]
    },
    "429914-0":{
      "refId":"kollop_02_pearl",
      "inventory":[]
    },
    "429915-0":{
      "refId":"kollop_03_pearl",
      "inventory":[]
    },
    "0-972":{
      "refId":"bk_corpsepreperation1_c",
      "location":{
        "posY":185563.03125,