{
  "packets":{
    "actorList":["0-55","0-56","480614-0","480613-0"],
    "ai":[],
    "cellChangeFrom":[],
    "cellChangeTo":[],
    "container":["359461-0","359462-0","359465-0","359466-0","359469-0","359470-0","359473-0","461501-0","461505-0","461507-0","461518-0","461524-0","461529-0","461532-0","477138-0","477139-0","477140-0","477141-0","477142-0","477143-0","477144-0","477145-0","477147-0","477148-0","477149-0","477151-0","477152-0","477153-0","477154-0","477155-0","480615-0","480613-0","480614-0","0-55","0-56"],
    "death":[],
    "delete":[],
    "doorState":[],
    "equipment":[],
    "lock":[],
    "place":[],
    "position":["480613-0","480614-0","0-55","0-56"],
    "scale":[],
    "spawn":["0-55","0-56"],
    "state":[],
    "statsDynamic":["480613-0","480614-0","0-55","0-56"],
    "trap":[],
    "spellsActive":[],
    "miscellaneous":[],
    "clientScriptLocal":[]
  },
  "entry":{
    "description":"1, -6",
    "creationTime":1713905824
  },
  "lastVisit":{
    "Fidgug":1713906122,
    "Benoit":1713906126
  },
  "recordLinks":[],
  "objectData":{
    "0-55":{
      "refId":"slaughterfish_small",
      "location":{
        "posX":9873.0341796875,
        "posY":-42438.33203125,
        "posZ":-892.27526855469,
        "rotX":0,
        "rotZ":-0.62503957748413,
        "rotY":0
      },
      "stats":{
        "healthBase":15,
        "healthCurrent":15,
        "magickaBase":10,
        "magickaCurrent":10,
        "fatigueBase":300,
        "fatigueCurrent":300,
        "fatigueModified":300,
        "healthModified":15,
        "magickaModified":10
      },
      "inventory":[{
          "refId":"ingred_scales_01",
          "count":1,
          "charge":-1,
          "enchantmentCharge":-1,
          "soul":""
        }]
    },
    "0-56":{
      "refId":"slaughterfish_small",
      "location":{
        "posX":16185.673828125,
        "posY":-41765.21875,
        "posZ":-862.06146240234,
        "rotX":0,
        "rotZ":2.4170687198639,
        "rotY":0
      },
      "stats":{
        "healthBase":15,
        "healthCurrent":15,
        "magickaBase":10,
        "magickaCurrent":10,
        "fatigueBase":300,
        "fatigueCurrent":300,
        "fatigueModified":300,
        "healthModified":15,
        "magickaModified":10
      },
      "inventory":[{
          "refId":"ingred_scales_01",
          "count":1,
          "charge":-1,
          "enchantmentCharge":-1,
          "soul":""
        }]
    },
    "480614-0":{
      "refId":"mudcrab",
      "location":{
        "posX":14941.107421875,
        "posY":-44437.328125,
        "posZ":195.3858795166,
        "rotX":0,
        "rotZ":-1.3000004291534,
        "rotY":0
      },
      "stats":{
        "healthBase":15,
        "healthCurrent":15,
        "magickaBase":5,
        "magickaCurrent":5,
        "fatigueBase":400,
        "fatigueCurrent":400,
        "fatigueModified":400,
        "healthModified":15,
        "magickaModified":5
      },
      "inventory":[{
          "refId":"ingred_crab_meat_01",
          "count":1,
          "charge":-1,
          "enchantmentCharge":-1,
          "soul":""
        }]
    },
    "480613-0":{
      "refId":"slaughterfish",
      "location":{
        "posX":12110.974609375,
        "posY":-45567.15234375,
        "posZ":-356.23568725586,
        "rotX":0,
        "rotZ":-1.400066614151,
        "rotY":0
      },
      "stats":{
        "healthBase":23,
        "healthCurrent":23,
        "magickaBase":10,
        "magickaCurrent":10,
        "fatigueBase":400,
        "fatigueCurrent":400,
        "fatigueModified":400,
        "healthModified":23,
        "magickaModified":10
      },
      "inventory":[{
          "refId":"ingred_scales_01",
          "count":2,
          "charge":-1,
          "enchantmentCharge":-1,
          "soul":""
        }]
    },
    "359461-0":{
      "refId":"flora_corkbulb",
      "inventory":[{
          "refId":"ingred_corkbulb_root_01",
          "count":1,
          "charge":-1,
          "enchantmentCharge":-1,
          "soul":""
        }]
    },
    "359462-0":{
      "refId":"flora_comberry_01",
      "inventory":[{
          "refId":"ingred_comberry_01",
          "count":1,
          "charge":-1,
          "enchantmentCharge":-1,
          "soul":""
        }]
    },
    "359465-0":{
      "refId":"flora_corkbulb",
      "inventory":[]
    },
    "359466-0":{
      "refId":"flora_heather_01",
      "inventory":[{
          "refId":"ingred_heather_01",
          "count":2,
          "charge":-1,
          "enchantmentCharge":-1,
          "soul":""
        }]
    },
    "359469-0":{
      "refId":"flora_heather_01",
      "inventory":[{
          "refId":"ingred_heather_01",
          "count":1,
          "charge":-1,
          "enchantmentCharge":-1,
          "soul":""
        }]
    },
    "359470-0":{
      "refId":"flora_stoneflower_02",
      "inventory":[{
          "refId":"ingred_stoneflower_petals_01",
          "count":1,
          "charge":-1,
          "enchantmentCharge":-1,
          "soul":""
        }]
    },
    "359473-0":{
      "refId":"flora_willow_flower_01",
      "inventory":[{
          "refId":"ingred_willow_anther_01",
          "count":1,
          "charge":-1,
          "enchantmentCharge":-1,
          "soul":""
        }]
    },
    "461501-0":{
      "refId":"kollop_02_pearl",
      "inventory":[{
          "refId":"ingred_pearl_01",
          "count":1,
          "charge":-1,
          "enchantmentCharge":-1,
          "soul":""
        }]
    },
    "461505-0":{
      "refId":"kollop_03_pearl",
      "inventory":[{
          "refId":"ingred_pearl_01",
          "count":1,
          "charge":-1,
          "enchantmentCharge":-1,
          "soul":""
        }]
    },
    "461507-0":{
      "refId":"kollop_03_pearl",
      "inventory":[{
          "refId":"ingred_pearl_01",
          "count":1,
          "charge":-1,
          "enchantmentCharge":-1,
          "soul":""
        }]
    },
    "461518-0":{
      "refId":"kollop_02_pearl",
      "inventory":[{
          "refId":"ingred_pearl_01",
          "count":1,
          "charge":-1,
          "enchantmentCharge":-1,
          "soul":""
        }]
    },
    "461524-0":{
      "refId":"kollop_03_pearl",
      "inventory":[{
          "refId":"ingred_pearl_01",
          "count":1,
          "charge":-1,
          "enchantmentCharge":-1,
          "soul":""
        }]
    },
    "461529-0":{
      "refId":"kollop_03_pearl",
      "inventory":[]
    },
    "461532-0":{
      "refId":"kollop_02_pearl",
      "inventory":[{
          "refId":"ingred_pearl_01",
          "count":1,
          "charge":-1,
          "enchantmentCharge":-1,
          "soul":""
        }]
    },
    "477138-0":{
      "refId":"flora_black_anther_02",
      "inventory":[]
    },
    "477139-0":{
      "refId":"flora_black_anther_01",
      "inventory":[{
          "refId":"ingred_black_anther_01",
          "count":2,
          "charge":-1,
          "enchantmentCharge":-1,
          "soul":""
        }]
    },
    "477140-0":{
      "refId":"flora_black_anther_02",
      "inventory":[{
          "refId":"ingred_black_anther_01",
          "count":1,
          "charge":-1,
          "enchantmentCharge":-1,
          "soul":""
        }]
    },
    "477141-0":{
      "refId":"flora_black_anther_01",
      "inventory":[{
          "refId":"ingred_black_anther_01",
          "count":1,
          "charge":-1,
          "enchantmentCharge":-1,
          "soul":""
        }]
    },
    "477142-0":{
      "refId":"flora_willow_flower_01",
      "inventory":[]
    },
    "477143-0":{
      "refId":"flora_willow_flower_02",
      "inventory":[{
          "refId":"ingred_willow_anther_01",
          "count":1,
          "charge":-1,
          "enchantmentCharge":-1,
          "soul":""
        }]
    },
    "477144-0":{
      "refId":"flora_willow_flower_01",
      "inventory":[{
          "refId":"ingred_willow_anther_01",