{
  "packets":{
    "actorList":["0-1146","0-1140","0-1141","0-1142","0-1143","0-1144","0-1145"],
    "ai":[],
    "cellChangeFrom":[],
    "cellChangeTo":[],
    "container":["461949-0","461957-0","461964-0","461971-0","478465-0","478466-0","478467-0","478468-0","478469-0","478470-0","478471-0","0-1146","0-1140","0-1141","0-1142","0-1143","0-1144","0-1145"],
    "death":[],
    "delete":[],
    "doorState":[],
    "equipment":[],
    "lock":[],
    "place":[],
    "position":["0-1140","0-1141","0-1142","0-1143","0-1144","0-1145","0-1146"],
    "scale":[],
    "spawn":["0-1146","0-1140","0-1141","0-1142","0-1143","0-1144","0-1145"],
    "state":[],
    "statsDynamic":["0-1140","0-1141","0-1142","0-1143","0-1144","0-1145","0-1146"],
    "trap":[],
    "spellsActive":[],
    "miscellaneous":[],
    "clientScriptLocal":[]
  },
  "entry":{
    "description":"1, -14",
    "creationTime":1717790544
  },
  "lastVisit":{
    "Benoit":1718727906
  },
  "recordLinks":[],
  "objectData":{
    "0-1140":{
      "refId":"kwama forager",
      "location":{
        "rotY":0,
        "posX":13515.348632813,
        "posY":-107550.65625,
        "posZ":172.0375213623,
        "rotX":0.31245002150536,
        "rotZ":-2.3678286075592
      },
      "stats":{
        "healthBase":23,
        "healthCurrent":23,
        "magickaBase":15,
        "magickaCurrent":15,
        "fatigueBase":300,
        "healthModified":23,
        "magickaModified":15,
        "fatigueModified":300,
        "fatigueCurrent":300
      },
      "inventory":[{
          "refId":"ingred_kwama_cuttle_01",
          "count":1,
          "charge":-1,
          "enchantmentCharge":-1,
          "soul":""
        }]
    },
    "0-1141":{
      "refId":"slaughterfish",
      "location":{
        "rotY":0,
        "posX":10911.294921875,
        "posY":-112421.390625,
        "posZ":-1838.7390136719,
        "rotX":0,
        "rotZ":1.0760490894318
      },
      "stats":{
        "healthBase":23,
        "healthCurrent":23,
        "magickaBase":10,
        "magickaCurrent":10,
        "fatigueBase":400,
        "healthModified":23,
        "magickaModified":10,
        "fatigueModified":400,
        "fatigueCurrent":400
      },
      "inventory":[{
          "refId":"ingred_scales_01",
          "count":2,
          "charge":-1,
          "enchantmentCharge":-1,
          "soul":""
        }]
    },
    "0-1142":{
      "refId":"slaughterfish",
      "location":{
        "rotY":0,
        "posX":12827.78515625,
        "posY":-109249.0703125,
        "posZ":-190.75416564941,
        "rotX":0,
        "rotZ":2.652191400528
      },
      "stats":{
        "healthBase":23,
        "healthCurrent":23,
        "magickaBase":10,
        "magickaCurrent":10,
        "fatigueBase":400,
        "healthModified":23,
        "magickaModified":10,
        "fatigueModified":400,
        "fatigueCurrent":400
      },
      "inventory":[{
          "refId":"ingred_scales_01",
          "count":2,
          "charge":-1,
          "enchantmentCharge":-1,
          "soul":""
        }]
    },
    "0-1143":{
      "refId":"slaughterfish",
      "location":{
        "rotY":0,
        "posX":15255.763671875,
        "posY":-110659.671875,
        "posZ":-351.55725097656,
        "rotX":0,
        "rotZ":-0.74597430229187
      },
      "stats":{
        "healthBase":23,
        "healthCurrent":23,
        "magickaBase":10,
        "magickaCurrent":10,
        "fatigueBase":400,
        "healthModified":23,
        "magickaModified":10,
        "fatigueModified":400,
        "fatigueCurrent":400
      },
      "inventory":[{
          "refId":"ingred_scales_01",
          "count":2,
          "charge":-1,
          "enchantmentCharge":-1,
          "soul":""
        }]
    },
    "0-1144":{
      "refId":"slaughterfish_small",
      "location":{
        "rotY":0,
        "posX":11853.40625,
        "posY":-110966.4921875,
        "posZ":-858.31457519531,
        "rotX":0,
        "rotZ":2.0912325382233
      },
      "stats":{
        "healthBase":15,
        "healthCurrent":15,
        "magickaBase":10,
        "magickaCurrent":10,
        "fatigueBase":300,
        "healthModified":15,
        "magickaModified":10,
        "fatigueModified":300,
        "fatigueCurrent":300
      },
      "inventory":[{
          "refId":"ingred_scales_01",
          "count":1,
          "charge":-1,
          "enchantmentCharge":-1,
          "soul":""
        }]
    },
    "461949-0":{
      "refId":"kollop_03_pearl",
      "inventory":[]
    },
    "461957-0":{
      "refId":"kollop_03_pearl",
      "inventory":[]
    },
    "461964-0":{
      "refId":"kollop_02_pearl",
      "inventory":[]
    },
    "461971-0":{
      "refId":"kollop_02_pearl",
      "inventory":[{
          "refId":"ingred_pearl_01",
          "count":1,
          "charge":-1,
          "enchantmentCharge":-1,
          "soul":""
        }]
    },
    "478465-0":{
      "refId":"flora_black_anther_02",
      "inventory":[]
    },
    "478466-0":{
      "refId":"flora_black_anther_01",
      "inventory":[{
          "refId":"ingred_black_anther_01",
          "count":1,
          "charge":-1,
          "enchantmentCharge":-1,
          "soul":""
        }]
    },
    "478467-0":{
      "refId":"flora_black_anther_02",
      "inventory":[{
          "refId":"ingred_black_anther_01",
          "count":1,
          "charge":-1,
          "enchantmentCharge":-1,
          "soul":""
        }]
    },
    "478468-0":{
      "refId":"flora_willow_flower_01",
      "inventory":[{
          "refId":"ingred_willow_anther_01",
          "count":1,
          "charge":-1,
          "enchantmentCharge":-1,
          "soul":""
        }]
    },
    "478469-0":{
      "refId":"flora_willow_flower_02",
      "inventory":[{
          "refId":"ingred_willow_anther_01",
          "count":1,
          "charge":-1,
          "enchantmentCharge":-1,
          "soul":""
        }]
    },
    "478470-0":{
      "refId":"flora_willow_flower_01",
      "inventory":[{
          "refId":"ingred_willow_anther_01",
          "count":1,
          "charge":-1,
          "enchantmentCharge":-1,
          "soul":""
        }]
    },
    "478471-0":{
      "refId":"flora_willow_flower_02",
      "inventory":[]
    },
    "0-1145":{
      "refId":"slaughterfish_small",
      "location":{
        "rotY":0,
        "posX":8551.7890625,
        "posY":-110030.2734375,
        "posZ":-497.90625,
        "rotX":0,
        "rotZ":-0.81683135032654
      },
      "stats":{
        "healthBase":15,
        "healthCurrent":15,
        "magickaBase":10,
        "magickaCurrent":10,
        "fatigueBase":300,
        "fatigueCurrent":300,
        "magickaModified":10,
        "fatigueModified":300,
        "healthModified":15
      },
      "inventory":[]
    },
    "0-1146":{
      "refId":"slaughterfish",
      "location":{
        "rotY":0,
        "posX":13606.560546875,
        "posY":-114498.3125,
        "posZ":-144.53538513184,
        "rotX":0,
        "rotZ":3.1415927410126
      },
      "stats":{
        "healthBase":23,
        "healthCurrent":23,
        "magickaBase":10,
        "magickaCurrent":10,
        "fatigueBase":400,
        "healthModified":23,
        "magickaModified":10,
        "fatigueModified":400,
        "fatigueCurrent":400
      },
      "inventory":[]
    }
  },
  "loadState":{
    "hasFullActorList":true,
    "hasFullContainerData":true
  }
}