{
  "packets":{
    "actorList":["0-371","347486-0","347484-0"],
    "ai":[],
    "cellChangeFrom":[],
    "cellChangeTo":[],
    "container":["225908-0","225909-0","225911-0","225913-0","225914-0","225915-0","225916-0","225917-0","225918-0","359395-0","359396-0","359410-0","359413-0","359414-0","359415-0","461401-0","461458-0","461462-0","461464-0","461471-0","461476-0","461479-0","477125-0","477126-0","477127-0","477128-0","477129-0","477130-0","477131-0","347484-0","347486-0","0-371"],
    "death":[],
    "delete":[],
    "doorState":[],
    "equipment":[],
    "lock":[],
    "place":[],
    "position":["347484-0","347486-0","0-371"],
    "scale":[],
    "spawn":["0-371"],
    "state":[],
    "statsDynamic":["347484-0","347486-0","0-371"],
    "trap":[],
    "miscellaneous":[],
    "clientScriptLocal":[],
    "spellsActive":[]
  },
  "entry":{
    "description":"1, -5",
    "creationTime":1715366243
  },
  "lastVisit":{
    "Benoit":1715970953,
    "Fidgug":1715970952
  },
  "recordLinks":[],
  "objectData":{
    "0-371":{
      "refId":"mudcrab-diseased",
      "location":{
        "posX":11056.453125,
        "posY":-38694.96875,
        "posZ":49.000003814697,
        "rotX":0.021389147266746,
        "rotZ":1.2237079143524,
        "rotY":0
      },
      "stats":{
        "healthBase":15,
        "healthCurrent":15,
        "magickaBase":5,
        "magickaCurrent":5,
        "fatigueBase":25,
        "fatigueCurrent":25,
        "healthModified":15,
        "magickaModified":5,
        "fatigueModified":25
      },
      "inventory":[{
          "refId":"ingred_crab_meat_01",
          "count":1,
          "charge":-1,
          "enchantmentCharge":-1,
          "soul":""
        }]
    },
    "347486-0":{
      "refId":"mudcrab",
      "location":{
        "posX":11712.512695313,
        "posY":-38144.875,
        "posZ":80.601432800293,
        "rotX":-0.016922565177083,
        "rotZ":0.83262014389038,
        "rotY":0
      },
      "stats":{
        "healthBase":15,
        "healthCurrent":15,
        "magickaBase":5,
        "magickaCurrent":5,
        "fatigueBase":400,
        "fatigueCurrent":400,
        "healthModified":15,
        "magickaModified":5,
        "fatigueModified":400
      },
      "inventory":[{
          "refId":"ingred_crab_meat_01",
          "count":1,
          "charge":-1,
          "enchantmentCharge":-1,
          "soul":""
        }]
    },
    "347484-0":{
      "refId":"mudcrab",
      "location":{
        "posX":10845.450195313,
        "posY":-38511.02734375,
        "posZ":39.206401824951,
        "rotX":0.097633183002472,
        "rotZ":-0.014461994171143,
        "rotY":0
      },
      "stats":{
        "healthBase":15,
        "healthCurrent":15,
        "magickaBase":5,
        "magickaCurrent":5,
        "fatigueBase":400,
        "fatigueCurrent":400,
        "healthModified":15,
        "magickaModified":5,
        "fatigueModified":400
      },
      "inventory":[{
          "refId":"ingred_crab_meat_01",
          "count":1,
          "charge":-1,
          "enchantmentCharge":-1,
          "soul":""
        }]
    },
    "225908-0":{
      "refId":"flora_muckspunge_01",
      "inventory":[{
          "refId":"ingred_muck_01",
          "count":1,
          "charge":-1,
          "enchantmentCharge":-1,
          "soul":""
        }]
    },
    "225909-0":{
      "refId":"flora_muckspunge_02",
      "inventory":[{
          "refId":"ingred_muck_01",
          "count":1,
          "charge":-1,
          "enchantmentCharge":-1,
          "soul":""
        }]
    },
    "225911-0":{
      "refId":"flora_muckspunge_05",
      "inventory":[{
          "refId":"ingred_muck_01",
          "count":1,
          "charge":-1,
          "enchantmentCharge":-1,
          "soul":""
        }]
    },
    "225913-0":{
      "refId":"flora_muckspunge_06",
      "inventory":[{
          "refId":"ingred_muck_01",
          "count":1,
          "charge":-1,
          "enchantmentCharge":-1,
          "soul":""
        }]
    },
    "225914-0":{
      "refId":"flora_muckspunge_05",
      "inventory":[]
    },
    "225915-0":{
      "refId":"flora_muckspunge_02",
      "inventory":[]
    },
    "225916-0":{
      "refId":"flora_muckspunge_03",
      "inventory":[]
    },
    "225917-0":{
      "refId":"flora_muckspunge_06",
      "inventory":[{
          "refId":"ingred_muck_01",
          "count":1,
          "charge":-1,
          "enchantmentCharge":-1,
          "soul":""
        }]
    },
    "225918-0":{
      "refId":"flora_muckspunge_04",
      "inventory":[{
          "refId":"ingred_muck_01",
          "count":1,
          "charge":-1,
          "enchantmentCharge":-1,
          "soul":""
        }]
    },
    "359395-0":{
      "refId":"flora_comberry_01",
      "inventory":[]
    },
    "359396-0":{
      "refId":"flora_corkbulb",
      "inventory":[{
          "refId":"ingred_corkbulb_root_01",
          "count":1,
          "charge":-1,
          "enchantmentCharge":-1,
          "soul":""
        }]
    },
    "359410-0":{
      "refId":"flora_corkbulb",
      "inventory":[{
          "refId":"ingred_corkbulb_root_01",
          "count":1,
          "charge":-1,
          "enchantmentCharge":-1,
          "soul":""
        }]
    },
    "359413-0":{
      "refId":"flora_willow_flower_02",
      "inventory":[]
    },
    "359414-0":{
      "refId":"flora_willow_flower_01",
      "inventory":[]
    },
    "359415-0":{
      "refId":"flora_willow_flower_02",
      "inventory":[]
    },
    "461401-0":{
      "refId":"kollop_02_pearl",
      "inventory":[{
          "refId":"ingred_pearl_01",
          "count":1,
          "charge":-1,
          "enchantmentCharge":-1,
          "soul":""
        }]
    },
    "461458-0":{
      "refId":"kollop_02_pearl",
      "inventory":[]
    },
    "461462-0":{
      "refId":"kollop_03_pearl",
      "inventory":[{
          "refId":"ingred_pearl_01",
          "count":1,
          "charge":-1,
          "enchantmentCharge":-1,
          "soul":""
        }]
    },
    "461464-0":{
      "refId":"kollop_03_pearl",
      "inventory":[]
    },
    "461471-0":{
      "refId":"kollop_03_pearl",
      "inventory":[]
    },
    "461476-0":{
      "refId":"kollop_03_pearl",
      "inventory":[]
    },
    "461479-0":{
      "refId":"kollop_02_pearl",
      "inventory":[{
          "refId":"ingred_pearl_01",
          "count":1,
          "charge":-1,
          "enchantmentCharge":-1,
          "soul":""
        }]
    },
    "477125-0":{
      "refId":"flora_marshmerrow_01",
      "inventory":[{
          "refId":"ingred_marshmerrow_01",
          "count":1,
          "charge":-1,
          "enchantmentCharge":-1,
          "soul":""
        }]
    },
    "477126-0":{
      "refId":"flora_marshmerrow_02",
      "inventory":[{
          "refId":"ingred_marshmerrow_01",
          "count":1,
          "charge":-1,
          "enchantmentCharge":-1,
          "soul":""
        }]
    },
    "477127-0":{
      "refId":"flora_marshmerrow_03",
      "inventory":[]
    },
    "477128-0":{
      "refId":"flora_marshmerrow_03",
      "inventory":[{
          "refId":"ingred_marshmerrow_01",
          "count":1,
          "charge":-1,
          "enchantmentCharge":-1,
          "soul":""
        }]
    },
    "477129-0":{
      "refId":"flora_marshmerrow_01",
      "inventory":[{
          "refId":"ingred_marshmerrow_01",
          "count":1,
          "charge":-1,
          "enchantmentCharge":-1,
          "soul":""
        }]
    },
    "477130-0":{
      "refId":"flora_marshmerrow_02",
      "inventory":[{
          "refId":"ingred_marshmerrow_01",
          "count":1,
          "charge":-1,
          "enchantmentCharge":-1,
          "soul":""
        }]
    },
    "477131-0":{
      "refId":"flora_saltrice_01",
      "inventory":[{
          "refId":"ingred_saltrice_01",
          "count":1,
          "charge":-1,
          "enchantmentCharge":-1,