{
  "packets":{
    "actorList":["0-246","0-245","0-247"],
    "ai":[],
    "cellChangeFrom":[],
    "cellChangeTo":[],
    "container":["164020-0","164044-0","164045-0","164052-0","164053-0","164058-0","164059-0","164081-0","164096-0","175534-0","175535-0","0-245","0-246","0-247"],
    "death":[],
    "delete":[],
    "doorState":[],
    "equipment":[],
    "lock":[],
    "place":[],
    "position":["0-246","0-245","0-247"],
    "scale":[],
    "spawn":["0-246","0-245","0-247"],
    "state":[],
    "statsDynamic":["0-246","0-245","0-247"],
    "trap":[],
    "miscellaneous":[],
    "clientScriptLocal":[],
    "spellsActive":[]
  },
  "entry":{
    "description":"1, -3",
    "creationTime":1715355393
  },
  "lastVisit":{
    "Fidgug":1715366990,
    "Benoit":1715366992
  },
  "recordLinks":[],
  "objectData":{
    "0-246":{
      "refId":"scrib",
      "location":{
        "posX":11281.486328125,
        "posY":-17484.91015625,
        "posZ":706.32525634766,
        "rotX":-0.11085937172174,
        "rotZ":-2.5414383411407,
        "rotY":0
      },
      "stats":{
        "magickaCurrent":12,
        "fatigueBase":300,
        "fatigueCurrent":300,
        "fatigueModified":300,
        "healthModified":8,
        "magickaModified":12,
        "healthBase":8,
        "healthCurrent":8,
        "magickaBase":12
      },
      "inventory":[{
          "refId":"ingred_scrib_jelly_01",
          "count":1,
          "charge":-1,
          "enchantmentCharge":-1,
          "soul":""
        }]
    },
    "0-245":{
      "refId":"alit",
      "location":{
        "posX":15800.052734375,
        "posY":-16760.2578125,
        "posZ":1767.4982910156,
        "rotX":0.70974063873291,
        "rotZ":0.87434029579163,
        "rotY":0
      },
      "stats":{
        "magickaCurrent":75,
        "fatigueBase":400,
        "fatigueCurrent":400,
        "fatigueModified":400,
        "healthModified":30,
        "magickaModified":75,
        "healthBase":30,
        "healthCurrent":30,
        "magickaBase":75
      },
      "inventory":[{
          "refId":"ingred_alit_hide_01",
          "count":1,
          "charge":-1,
          "enchantmentCharge":-1,
          "soul":""
        }]
    },
    "0-247":{
      "refId":"scrib diseased",
      "location":{
        "posX":9682.7802734375,
        "posY":-23460.060546875,
        "posZ":1042.1350097656,
        "rotX":0.0034380443394184,
        "rotZ":1.8918516635895,
        "rotY":0
      },
      "stats":{
        "magickaCurrent":12,
        "fatigueBase":75,
        "fatigueCurrent":75,
        "fatigueModified":75,
        "healthModified":8,
        "magickaModified":12,
        "healthBase":8,
        "healthCurrent":8,
        "magickaBase":12
      },
      "inventory":[{
          "refId":"ingred_scrib_jelly_01",
          "count":2,
          "charge":-1,
          "enchantmentCharge":-1,
          "soul":""
        }]
    },
    "164020-0":{
      "refId":"contain_trama_shrub_01",
      "inventory":[{
          "refId":"ingred_trama_root_01",
          "count":1,
          "charge":-1,
          "enchantmentCharge":-1,
          "soul":""
        }]
    },
    "164044-0":{
      "refId":"contain_trama_shrub_01",
      "inventory":[{
          "refId":"ingred_trama_root_01",
          "count":2,
          "charge":-1,
          "enchantmentCharge":-1,
          "soul":""
        }]
    },
    "164045-0":{
      "refId":"contain_trama_shrub_03",
      "inventory":[{
          "refId":"ingred_trama_root_01",
          "count":3,
          "charge":-1,
          "enchantmentCharge":-1,
          "soul":""
        }]
    },
    "164052-0":{
      "refId":"contain_trama_shrub_01",
      "inventory":[{
          "refId":"ingred_trama_root_01",
          "count":2,
          "charge":-1,
          "enchantmentCharge":-1,
          "soul":""
        }]
    },
    "164053-0":{
      "refId":"contain_trama_shrub_01",
      "inventory":[{
          "refId":"ingred_trama_root_01",
          "count":1,
          "charge":-1,
          "enchantmentCharge":-1,
          "soul":""
        }]
    },
    "164058-0":{
      "refId":"contain_trama_shrub_01",
      "inventory":[{
          "refId":"ingred_trama_root_01",
          "count":2,
          "charge":-1,
          "enchantmentCharge":-1,
          "soul":""
        }]
    },
    "164059-0":{
      "refId":"contain_trama_shrub_01",
      "inventory":[{
          "refId":"ingred_trama_root_01",
          "count":2,
          "charge":-1,
          "enchantmentCharge":-1,
          "soul":""
        }]
    },
    "164081-0":{
      "refId":"contain_trama_shrub_01",
      "inventory":[{
          "refId":"ingred_trama_root_01",
          "count":2,
          "charge":-1,
          "enchantmentCharge":-1,
          "soul":""
        }]
    },
    "164096-0":{
      "refId":"contain_trama_shrub_04",
      "inventory":[{
          "refId":"ingred_trama_root_01",
          "count":3,
          "charge":-1,
          "enchantmentCharge":-1,
          "soul":""
        }]
    },
    "175534-0":{
      "refId":"flora_fire_fern_02",
      "inventory":[{
          "refId":"ingred_fire_petal_01",
          "count":1,
          "charge":-1,
          "enchantmentCharge":-1,
          "soul":""
        }]
    },
    "175535-0":{
      "refId":"flora_fire_fern_02",
      "inventory":[{
          "refId":"ingred_fire_petal_01",
          "count":1,
          "charge":-1,
          "enchantmentCharge":-1,
          "soul":""
        }]
    }
  },
  "loadState":{
    "hasFullActorList":true,
    "hasFullContainerData":true
  }
}