{
  "packets":{
    "actorList":["0-51","405163-0","184196-0"],
    "ai":[],
    "cellChangeFrom":[],
    "cellChangeTo":[],
    "container":["184120-0","184122-0","184131-0","184134-0","184142-0","184149-0","184152-0","184156-0","184157-0","184167-0","184170-0","184174-0","184175-0","184177-0","184180-0","184186-0","184187-0","184188-0","184191-0","184192-0","184193-0","319013-0","319014-0","319015-0","319016-0","319017-0","319018-0","319019-0","319020-0","319021-0","319022-0","319023-0","319024-0","319025-0","319026-0","319027-0","461569-0","405163-0","0-51","184196-0"],
    "death":[],
    "delete":[],
    "doorState":[],
    "equipment":["184196-0"],
    "lock":[],
    "place":[],
    "position":["405163-0","0-51","184196-0"],
    "scale":[],
    "spawn":["0-51"],
    "state":[],
    "statsDynamic":["405163-0","0-51","184196-0"],
    "trap":[],
    "clientScriptLocal":[],
    "spellsActive":[],
    "miscellaneous":[]
  },
  "entry":{
    "creationTime":1713905824,
    "description":"1, -7"
  },
  "lastVisit":{
    "Fidgug":1714758299,
    "Benoit":1714758298
  },
  "recordLinks":[],
  "objectData":{
    "405163-0":{
      "refId":"guar_llovyn_unique",
      "location":{
        "rotY":0,
        "posX":13893.90625,
        "posY":-56830.078125,
        "posZ":97.50838470459,
        "rotX":-0.013951838947833,
        "rotZ":-1.6719777584076
      },
      "stats":{
        "healthBase":38,
        "healthCurrent":38,
        "magickaBase":5,
        "magickaCurrent":5,
        "fatigueBase":400,
        "fatigueCurrent":400,
        "healthModified":38,
        "magickaModified":5,
        "fatigueModified":400
      },
      "inventory":[]
    },
    "184196-0":{
      "refId":"llovyn andus",
      "location":{
        "rotY":0,
        "posX":13518.435546875,
        "posY":-56891.1875,
        "posZ":106.68348693848,
        "rotX":-0.12881529331207,
        "rotZ":2.4399678707123
      },
      "stats":{
        "healthBase":60,
        "healthCurrent":60,
        "magickaBase":84,
        "magickaCurrent":84,
        "fatigueBase":170,
        "fatigueCurrent":170,
        "healthModified":60,
        "magickaModified":84,
        "fatigueModified":170
      },
      "equipment":{
        "7":{
          "refId":"common_shoes_05",
          "count":1,
          "charge":-1,
          "enchantmentCharge":-1
        },
        "8":{
          "refId":"common_shirt_02_h",
          "count":1,
          "charge":-1,
          "enchantmentCharge":-1
        },
        "15":{
          "refId":"common_belt_01",
          "count":1,
          "charge":-1,
          "enchantmentCharge":-1
        },
        "9":{
          "refId":"common_pants_04",
          "count":1,
          "charge":-1,
          "enchantmentCharge":-1
        }
      },
      "inventory":[{
          "refId":"common_belt_01",
          "count":1,
          "charge":-1,
          "enchantmentCharge":-1,
          "soul":""
        },{
          "refId":"common_shirt_02_h",
          "count":1,
          "charge":-1,
          "enchantmentCharge":-1,
          "soul":""
        },{
          "refId":"common_shoes_05",
          "count":1,
          "charge":-1,
          "enchantmentCharge":-1,
          "soul":""
        },{
          "refId":"common_pants_04",
          "count":1,
          "charge":-1,
          "enchantmentCharge":-1,
          "soul":""
        },{
          "refId":"ingred_saltrice_01",
          "count":2,
          "charge":-1,
          "enchantmentCharge":-1,
          "soul":""
        }]
    },
    "184120-0":{
      "refId":"flora_saltrice_02",
      "inventory":[{
          "refId":"ingred_saltrice_01",
          "count":1,
          "charge":-1,
          "enchantmentCharge":-1,
          "soul":""
        }]
    },
    "184122-0":{
      "refId":"flora_saltrice_02",
      "inventory":[{
          "refId":"ingred_saltrice_01",
          "count":1,
          "charge":-1,
          "enchantmentCharge":-1,
          "soul":""
        }]
    },
    "184131-0":{
      "refId":"flora_saltrice_01",
      "inventory":[{
          "refId":"ingred_saltrice_01",
          "count":1,
          "charge":-1,
          "enchantmentCharge":-1,
          "soul":""
        }]
    },
    "184134-0":{
      "refId":"flora_saltrice_02",
      "inventory":[{
          "refId":"ingred_saltrice_01",
          "count":1,
          "charge":-1,
          "enchantmentCharge":-1,
          "soul":""
        }]
    },
    "184142-0":{
      "refId":"flora_saltrice_01",
      "inventory":[{
          "refId":"ingred_saltrice_01",
          "count":1,
          "charge":-1,
          "enchantmentCharge":-1,
          "soul":""
        }]
    },
    "184149-0":{
      "refId":"flora_saltrice_01",
      "inventory":[{
          "refId":"ingred_saltrice_01",
          "count":1,
          "charge":-1,
          "enchantmentCharge":-1,
          "soul":""
        }]
    },
    "184152-0":{
      "refId":"flora_saltrice_02",
      "inventory":[{
          "refId":"ingred_saltrice_01",
          "count":1,
          "charge":-1,
          "enchantmentCharge":-1,
          "soul":""
        }]
    },
    "184156-0":{
      "refId":"flora_saltrice_01",
      "inventory":[{
          "refId":"ingred_saltrice_01",
          "count":1,
          "charge":-1,
          "enchantmentCharge":-1,
          "soul":""
        }]
    },
    "184157-0":{
      "refId":"flora_saltrice_02",
      "inventory":[{
          "refId":"ingred_saltrice_01",
          "count":1,
          "charge":-1,
          "enchantmentCharge":-1,
          "soul":""
        }]
    },
    "184167-0":{
      "refId":"flora_saltrice_01",
      "inventory":[{
          "refId":"ingred_saltrice_01",
          "count":1,
          "charge":-1,
          "enchantmentCharge":-1,
          "soul":""
        }]
    },
    "184170-0":{
      "refId":"flora_saltrice_02",
      "inventory":[{
          "refId":"ingred_saltrice_01",
          "count":1,
          "charge":-1,
          "enchantmentCharge":-1,
          "soul":""
        }]
    },
    "184174-0":{
      "refId":"flora_saltrice_02",
      "inventory":[{
          "refId":"ingred_saltrice_01",
          "count":1,
          "charge":-1,
          "enchantmentCharge":-1,
          "soul":""
        }]
    },
    "184175-0":{
      "refId":"flora_saltrice_01",
      "inventory":[]
    },
    "184177-0":{
      "refId":"flora_saltrice_01",
      "inventory":[{
          "refId":"ingred_saltrice_01",
          "count":1,
          "charge":-1,
          "enchantmentCharge":-1,
          "soul":""
        }]
    },
    "184180-0":{
      "refId":"flora_saltrice_01",
      "inventory":[{
          "refId":"ingred_saltrice_01",
          "count":1,
          "charge":-1,
          "enchantmentCharge":-1,
          "soul":""
        }]
    },
    "184186-0":{
      "refId":"flora_saltrice_01",
      "inventory":[{
          "refId":"ingred_saltrice_01",
          "count":1,
          "charge":-1,
          "enchantmentCharge":-1,
          "soul":""
        }]
    },
    "184187-0":{
      "refId":"flora_saltrice_02",
      "inventory":[{
          "refId":"ingred_saltrice_01",
          "count":1,
          "charge":-1,
          "enchantmentCharge":-1,
          "soul":""
        }]
    },
    "184188-0":{
      "refId":"flora_saltrice_02",
      "inventory":[{
          "refId":"ingred_saltrice_01",
          "count":1,
          "charge":-1,
          "enchantmentCharge":-1,
          "soul":""
        }]
    },
    "184191-0":{
      "refId":"flora_saltrice_01",
      "inventory":[{
          "refId":"ingred_saltrice_01",
          "count":1,
          "charge":-1,
          "enchantmentCharge":-1,
          "soul":""
        }]
    },
    "184192-0":{
      "refId":"flora_saltrice_02",
      "inventory":[{
          "refId":"ingred_saltrice_01",
          "count":1,
          "charge":-1,
          "enchantmentCharge":-1,
          "soul":""
        }]
    },