{
  "packets":{
    "actorList":["0-1145","0-1146","0-1140","0-1141","0-1142","0-1143","0-1144"],
    "ai":[],
    "cellChangeFrom":[],
    "cellChangeTo":[],
    "container":["461949-0","461957-0","461964-0","461971-0","478465-0","478466-0","478467-0","478468-0","478469-0","478470-0","478471-0","0-1145","0-1146","0-1140","0-1141","0-1142","0-1143","0-1144"],
    "death":[],
    "delete":[],
    "doorState":[],
    "equipment":[],
    "lock":[],
    "place":[],
    "position":["0-1140","0-1141","0-1142","0-1143","0-1144","0-1145","0-1146"],
    "scale":[],
    "spawn":["0-1145","0-1146","0-1140","0-1141","0-1142","0-1143","0-1144"],
    "state":[],
    "statsDynamic":["0-1140","0-1141","0-1142","0-1143","0-1144","0-1145","0-1146"],
    "trap":[],
    "spellsActive":[],
    "miscellaneous":[],
    "clientScriptLocal":[]
  },
  "entry":{
    "creationTime":1717790544,
    "description":"1, -14"
  },
  "lastVisit":{
    "Benoit":1717790560
  },
  "recordLinks":[],
  "objectData":{
    "0-1140":{
      "refId":"kwama forager",
      "location":{
        "posX":13733.143554688,
        "posY":-107447.890625,
        "posZ":230.6202545166,
        "rotX":0.058736197650433,
        "rotZ":-0.88948893547058,
        "rotY":0
      },
      "stats":{
        "healthBase":23,
        "healthCurrent":23,
        "magickaBase":15,
        "healthModified":23,
        "magickaModified":15,
        "fatigueCurrent":300,
        "fatigueModified":300,
        "magickaCurrent":15,
        "fatigueBase":300
      },
      "inventory":[{
          "refId":"ingred_kwama_cuttle_01",
          "count":1,
          "charge":-1,
          "enchantmentCharge":-1,
          "soul":""
        }]
    },
    "0-1141":{
      "refId":"slaughterfish",
      "location":{
        "posX":10348.349609375,
        "posY":-112652.0859375,
        "posZ":-1838.7390136719,
        "rotX":0,
        "rotZ":-0.25413346290588,
        "rotY":0
      },
      "stats":{
        "healthBase":23,
        "healthCurrent":23,
        "magickaBase":10,
        "healthModified":23,
        "magickaModified":10,
        "fatigueCurrent":400,
        "fatigueModified":400,
        "magickaCurrent":10,
        "fatigueBase":400
      },
      "inventory":[{
          "refId":"ingred_scales_01",
          "count":2,
          "charge":-1,
          "enchantmentCharge":-1,
          "soul":""
        }]
    },
    "0-1142":{
      "refId":"slaughterfish",
      "location":{
        "posX":12642.124023438,
        "posY":-109091.109375,
        "posZ":-190.75416564941,
        "rotX":0,
        "rotZ":2.310524225235,
        "rotY":0
      },
      "stats":{
        "healthBase":23,
        "healthCurrent":23,
        "magickaBase":10,
        "healthModified":23,
        "magickaModified":10,
        "fatigueCurrent":400,
        "fatigueModified":400,
        "magickaCurrent":10,
        "fatigueBase":400
      },
      "inventory":[{
          "refId":"ingred_scales_01",
          "count":2,
          "charge":-1,
          "enchantmentCharge":-1,
          "soul":""
        }]
    },
    "0-1143":{
      "refId":"slaughterfish",
      "location":{
        "posX":15866.427734375,
        "posY":-111018.71875,
        "posZ":-351.55725097656,
        "rotX":0,
        "rotZ":2.1248424053192,
        "rotY":0
      },
      "stats":{
        "healthBase":23,
        "healthCurrent":23,
        "magickaBase":10,
        "healthModified":23,
        "magickaModified":10,
        "fatigueCurrent":400,
        "fatigueModified":400,
        "magickaCurrent":10,
        "fatigueBase":400
      },
      "inventory":[{
          "refId":"ingred_scales_01",
          "count":2,
          "charge":-1,
          "enchantmentCharge":-1,
          "soul":""
        }]
    },
    "461949-0":{
      "refId":"kollop_03_pearl",
      "inventory":[]
    },
    "0-1145":{
      "refId":"slaughterfish_small",
      "location":{
        "posX":8652.23828125,
        "posY":-110435.9140625,
        "posZ":-497.90625,
        "rotX":0,
        "rotZ":-3.0680849552155,
        "rotY":0
      },
      "stats":{
        "healthBase":15,
        "healthCurrent":15,
        "magickaBase":10,
        "healthModified":15,
        "magickaModified":10,
        "fatigueCurrent":300,
        "fatigueModified":300,
        "magickaCurrent":10,
        "fatigueBase":300
      },
      "inventory":[]
    },
    "0-1146":{
      "refId":"slaughterfish",
      "location":{
        "posX":13606.560546875,
        "posY":-114498.3125,
        "posZ":-144.53538513184,
        "rotX":0,
        "rotZ":3.1415927410126,
        "rotY":0
      },
      "stats":{
        "healthBase":23,
        "healthCurrent":23,
        "magickaBase":10,
        "healthModified":23,
        "magickaModified":10,
        "fatigueCurrent":400,
        "fatigueModified":400,
        "magickaCurrent":10,
        "fatigueBase":400
      },
      "inventory":[]
    },
    "461971-0":{
      "refId":"kollop_02_pearl",
      "inventory":[{
          "refId":"ingred_pearl_01",
          "count":1,
          "charge":-1,
          "enchantmentCharge":-1,
          "soul":""
        }]
    },
    "478465-0":{
      "refId":"flora_black_anther_02",
      "inventory":[]
    },
    "478466-0":{
      "refId":"flora_black_anther_01",
      "inventory":[{
          "refId":"ingred_black_anther_01",
          "count":1,
          "charge":-1,
          "enchantmentCharge":-1,
          "soul":""
        }]
    },
    "478467-0":{
      "refId":"flora_black_anther_02",
      "inventory":[{
          "refId":"ingred_black_anther_01",
          "count":1,
          "charge":-1,
          "enchantmentCharge":-1,
          "soul":""
        }]
    },
    "478468-0":{
      "refId":"flora_willow_flower_01",
      "inventory":[{
          "refId":"ingred_willow_anther_01",
          "count":1,
          "charge":-1,
          "enchantmentCharge":-1,
          "soul":""
        }]
    },
    "478469-0":{
      "refId":"flora_willow_flower_02",
      "inventory":[{
          "refId":"ingred_willow_anther_01",
          "count":1,
          "charge":-1,
          "enchantmentCharge":-1,
          "soul":""
        }]
    },
    "478470-0":{
      "refId":"flora_willow_flower_01",
      "inventory":[{
          "refId":"ingred_willow_anther_01",
          "count":1,
          "charge":-1,
          "enchantmentCharge":-1,
          "soul":""
        }]
    },
    "478471-0":{
      "refId":"flora_willow_flower_02",
      "inventory":[]
    },
    "0-1144":{
      "refId":"slaughterfish_small",
      "location":{
        "posX":11687.82421875,
        "posY":-111742.6875,
        "posZ":-858.31457519531,
        "rotX":0,
        "rotZ":-2.0993187427521,
        "rotY":0
      },
      "stats":{
        "healthBase":15,
        "healthCurrent":15,
        "magickaBase":10,
        "healthModified":15,
        "magickaModified":10,
        "fatigueCurrent":300,
        "fatigueModified":300,
        "magickaCurrent":10,
        "fatigueBase":300
      },
      "inventory":[{
          "refId":"ingred_scales_01",
          "count":1,
          "charge":-1,
          "enchantmentCharge":-1,
          "soul":""
        }]
    },
    "461964-0":{
      "refId":"kollop_02_pearl",
      "inventory":[]
    },
    "461957-0":{
      "refId":"kollop_03_pearl",
      "inventory":[]
    }
  },
  "loadState":{
    "hasFullContainerData":true,
    "hasFullActorList":true
  }
}