{
  "packets":{
    "actorList":["0-1131","0-1128","0-1129"],
    "ai":[],
    "cellChangeFrom":[],
    "cellChangeTo":[],
    "container":["461890-0","461897-0","461904-0","461912-0","478426-0","478429-0","478431-0","478435-0","478436-0","478438-0","478440-0","478441-0","478445-0","478447-0","478453-0","478454-0","478455-0","478456-0","478457-0","478458-0","478459-0","478460-0","478461-0","0-1131","0-1128","0-1129"],
    "death":[],
    "delete":[],
    "doorState":[],
    "equipment":[],
    "lock":[],
    "place":[],
    "position":["0-1128","0-1129","0-1131"],
    "scale":[],
    "spawn":["0-1131","0-1128","0-1129"],
    "state":[],
    "statsDynamic":["0-1128","0-1129","0-1131"],
    "trap":[],
    "spellsActive":[],
    "miscellaneous":[],
    "clientScriptLocal":[]
  },
  "entry":{
    "description":"1, -12",
    "creationTime":1717790121
  },
  "lastVisit":{
    "Benoit":1718727906,
    "Fidgug":1717790637
  },
  "recordLinks":[],
  "objectData":{
    "0-1131":{
      "refId":"slaughterfish_small",
      "location":{
        "rotY":0,
        "posX":10642.395507813,
        "posY":-93906.703125,
        "posZ":-155.15042114258,
        "rotX":0,
        "rotZ":1.1736600399017
      },
      "stats":{
        "healthBase":15,
        "healthCurrent":15,
        "magickaBase":10,
        "magickaCurrent":10,
        "fatigueBase":300,
        "healthModified":15,
        "magickaModified":10,
        "fatigueModified":300,
        "fatigueCurrent":300
      },
      "inventory":[]
    },
    "0-1128":{
      "refId":"slaughterfish",
      "location":{
        "rotY":0,
        "posX":9495.556640625,
        "posY":-97641.5625,
        "posZ":-277.24011230469,
        "rotX":0.00021709222346544,
        "rotZ":-2.1741049289703
      },
      "stats":{
        "healthBase":23,
        "healthCurrent":23,
        "magickaBase":10,
        "magickaCurrent":10,
        "fatigueBase":400,
        "healthModified":23,
        "magickaModified":10,
        "fatigueModified":400,
        "fatigueCurrent":400
      },
      "inventory":[]
    },
    "0-1129":{
      "refId":"slaughterfish",
      "location":{
        "rotY":0,
        "posX":10621.600585938,
        "posY":-97012.15625,
        "posZ":-277.51620483398,
        "rotX":1.7628073692322e-05,
        "rotZ":-0.55616092681885
      },
      "stats":{
        "healthBase":23,
        "healthCurrent":23,
        "magickaBase":10,
        "magickaCurrent":10,
        "fatigueBase":400,
        "healthModified":23,
        "magickaModified":10,
        "fatigueModified":400,
        "fatigueCurrent":400
      },
      "inventory":[{
          "refId":"ingred_scales_01",
          "count":2,
          "charge":-1,
          "enchantmentCharge":-1,
          "soul":""
        }]
    },
    "461890-0":{
      "refId":"kollop_02_pearl",
      "inventory":[{
          "refId":"ingred_pearl_01",
          "count":1,
          "charge":-1,
          "enchantmentCharge":-1,
          "soul":""
        }]
    },
    "461897-0":{
      "refId":"kollop_02_pearl",
      "inventory":[]
    },
    "461904-0":{
      "refId":"kollop_03_pearl",
      "inventory":[]
    },
    "461912-0":{
      "refId":"kollop_03_pearl",
      "inventory":[]
    },
    "478426-0":{
      "refId":"flora_corkbulb",
      "inventory":[{
          "refId":"ingred_corkbulb_root_01",
          "count":1,
          "charge":-1,
          "enchantmentCharge":-1,
          "soul":""
        }]
    },
    "478429-0":{
      "refId":"flora_heather_01",
      "inventory":[{
          "refId":"ingred_heather_01",
          "count":2,
          "charge":-1,
          "enchantmentCharge":-1,
          "soul":""
        }]
    },
    "478431-0":{
      "refId":"flora_heather_01",
      "inventory":[{
          "refId":"ingred_heather_01",
          "count":2,
          "charge":-1,
          "enchantmentCharge":-1,
          "soul":""
        }]
    },
    "478435-0":{
      "refId":"flora_gold_kanet_01",
      "inventory":[{
          "refId":"ingred_gold_kanet_01",
          "count":1,
          "charge":-1,
          "enchantmentCharge":-1,
          "soul":""
        }]
    },
    "478436-0":{
      "refId":"flora_gold_kanet_02",
      "inventory":[]
    },
    "478438-0":{
      "refId":"flora_corkbulb",
      "inventory":[]
    },
    "478440-0":{
      "refId":"flora_gold_kanet_01",
      "inventory":[{
          "refId":"ingred_gold_kanet_01",
          "count":1,
          "charge":-1,
          "enchantmentCharge":-1,
          "soul":""
        }]
    },
    "478441-0":{
      "refId":"flora_gold_kanet_02",
      "inventory":[{
          "refId":"ingred_gold_kanet_01",
          "count":1,
          "charge":-1,
          "enchantmentCharge":-1,
          "soul":""
        }]
    },
    "478445-0":{
      "refId":"flora_heather_01",
      "inventory":[{
          "refId":"ingred_heather_01",
          "count":2,
          "charge":-1,
          "enchantmentCharge":-1,
          "soul":""
        }]
    },
    "478447-0":{
      "refId":"flora_heather_01",
      "inventory":[{
          "refId":"ingred_heather_01",
          "count":2,
          "charge":-1,
          "enchantmentCharge":-1,
          "soul":""
        }]
    },
    "478453-0":{
      "refId":"flora_black_anther_02",
      "inventory":[{
          "refId":"ingred_black_anther_01",
          "count":1,
          "charge":-1,
          "enchantmentCharge":-1,
          "soul":""
        }]
    },
    "478454-0":{
      "refId":"flora_black_anther_01",
      "inventory":[{
          "refId":"ingred_black_anther_01",
          "count":2,
          "charge":-1,
          "enchantmentCharge":-1,
          "soul":""
        }]
    },
    "478455-0":{
      "refId":"flora_black_anther_02",
      "inventory":[{
          "refId":"ingred_black_anther_01",
          "count":1,
          "charge":-1,
          "enchantmentCharge":-1,
          "soul":""
        }]
    },
    "478456-0":{
      "refId":"flora_black_anther_01",
      "inventory":[{
          "refId":"ingred_black_anther_01",
          "count":2,
          "charge":-1,
          "enchantmentCharge":-1,
          "soul":""
        }]
    },
    "478457-0":{
      "refId":"flora_willow_flower_01",
      "inventory":[{
          "refId":"ingred_willow_anther_01",
          "count":1,
          "charge":-1,
          "enchantmentCharge":-1,
          "soul":""
        }]
    },
    "478458-0":{
      "refId":"flora_willow_flower_02",
      "inventory":[{
          "refId":"ingred_willow_anther_01",
          "count":1,
          "charge":-1,
          "enchantmentCharge":-1,
          "soul":""
        }]
    },
    "478459-0":{
      "refId":"flora_willow_flower_01",
      "inventory":[{
          "refId":"ingred_willow_anther_01",
          "count":1,
          "charge":-1,
          "enchantmentCharge":-1,
          "soul":""
        }]
    },
    "478460-0":{
      "refId":"flora_willow_flower_02",
      "inventory":[{
          "refId":"ingred_willow_anther_01",
          "count":1,
          "charge":-1,
          "enchantmentCharge":-1,
          "soul":""
        }]
    },
    "478461-0":{
      "refId":"flora_corkbulb",
      "inventory":[{
          "refId":"ingred_corkbulb_root_01",
          "count":1,
          "charge":-1,
          "enchantmentCharge":-1,
          "soul":""
        }]
    }
  },
  "loadState":{
    "hasFullActorList":true,
    "hasFullContainerData":true
  }
}