{
  "packets":{
    "actorList":["0-242","0-243","0-240"],
    "ai":[],
    "cellChangeFrom":[],
    "cellChangeTo":[],
    "container":["163895-0","163898-0","163916-0","163919-0","163920-0","163921-0","163929-0","163930-0","163936-0","163937-0","175620-0","163532-0","163712-0","0-242","0-243","0-240"],
    "death":["0-243","0-240"],
    "delete":[],
    "doorState":[],
    "equipment":[],
    "lock":[],
    "place":[],
    "position":["0-240","0-242","0-243"],
    "scale":[],
    "spawn":["0-242","0-243","0-240"],
    "state":[],
    "statsDynamic":["0-240","0-242","0-243"],
    "trap":[],
    "miscellaneous":[],
    "clientScriptLocal":[],
    "spellsActive":[]
  },
  "entry":{
    "description":"1, -2",
    "creationTime":1715355393
  },
  "lastVisit":{
    "Fidgug":1715359832,
    "Benoit":1715359833
  },
  "recordLinks":[],
  "objectData":{
    "0-242":{
      "refId":"scrib",
      "location":{
        "posX":12590.866210938,
        "posY":-11188.254882813,
        "posZ":913.46630859375,
        "rotX":-0.14121429622173,
        "rotZ":1.7970116138458,
        "rotY":0
      },
      "stats":{
        "magickaCurrent":12,
        "fatigueBase":300,
        "fatigueCurrent":300,
        "fatigueModified":300,
        "healthModified":8,
        "magickaModified":12,
        "healthBase":8,
        "healthCurrent":8,
        "magickaBase":12
      },
      "inventory":[{
          "refId":"ingred_scrib_jelly_01",
          "count":1,
          "charge":-1,
          "enchantmentCharge":-1,
          "soul":""
        }]
    },
    "0-243":{
      "refId":"cliff racer",
      "location":{
        "posX":13429.114257813,
        "posY":-10471.51953125,
        "posZ":850.55767822266,
        "rotX":1.1432362794876,
        "rotZ":-0.93440413475037,
        "rotY":0
      },
      "stats":{
        "magickaCurrent":20,
        "fatigueBase":400,
        "fatigueCurrent":400,
        "fatigueModified":400,
        "healthModified":45,
        "magickaModified":20,
        "healthBase":45,
        "healthCurrent":0,
        "magickaBase":20
      },
      "inventory":[],
      "killer":{
        "playerName":"Fidgug"
      },
      "deathState":46
    },
    "0-240":{
      "refId":"kwama forager",
      "location":{
        "posX":13570.6875,
        "posY":-10276.564453125,
        "posZ":773.96728515625,
        "rotX":-0.35541382431984,
        "rotZ":1.0772302150726,
        "rotY":0
      },
      "stats":{
        "magickaCurrent":15,
        "fatigueBase":300,
        "fatigueCurrent":299.99642944336,
        "fatigueModified":300,
        "healthModified":23,
        "magickaModified":15,
        "healthBase":23,
        "healthCurrent":0,
        "magickaBase":15
      },
      "inventory":[],
      "killer":{
        "playerName":"Fidgug"
      },
      "deathState":38
    },
    "163895-0":{
      "refId":"tramaroot_01",
      "inventory":[{
          "refId":"ingred_trama_root_01",
          "count":3,
          "charge":-1,
          "enchantmentCharge":-1,
          "soul":""
        }]
    },
    "163898-0":{
      "refId":"tramaroot_05",
      "inventory":[{
          "refId":"ingred_trama_root_01",
          "count":1,
          "charge":-1,
          "enchantmentCharge":-1,
          "soul":""
        }]
    },
    "163916-0":{
      "refId":"tramaroot_01",
      "inventory":[{
          "refId":"ingred_trama_root_01",
          "count":2,
          "charge":-1,
          "enchantmentCharge":-1,
          "soul":""
        }]
    },
    "163919-0":{
      "refId":"tramaroot_04",
      "inventory":[{
          "refId":"ingred_trama_root_01",
          "count":1,
          "charge":-1,
          "enchantmentCharge":-1,
          "soul":""
        }]
    },
    "163920-0":{
      "refId":"tramaroot_05",
      "inventory":[{
          "refId":"ingred_trama_root_01",
          "count":1,
          "charge":-1,
          "enchantmentCharge":-1,
          "soul":""
        }]
    },
    "163921-0":{
      "refId":"tramaroot_06",
      "inventory":[]
    },
    "163929-0":{
      "refId":"tramaroot_04",
      "inventory":[{
          "refId":"ingred_trama_root_01",
          "count":1,
          "charge":-1,
          "enchantmentCharge":-1,
          "soul":""
        }]
    },
    "163930-0":{
      "refId":"tramaroot_05",
      "inventory":[{
          "refId":"ingred_trama_root_01",
          "count":1,
          "charge":-1,
          "enchantmentCharge":-1,
          "soul":""
        }]
    },
    "163936-0":{
      "refId":"tramaroot_01",
      "inventory":[{
          "refId":"ingred_trama_root_01",
          "count":3,
          "charge":-1,
          "enchantmentCharge":-1,
          "soul":""
        }]
    },
    "163937-0":{
      "refId":"tramaroot_05",
      "inventory":[{
          "refId":"ingred_trama_root_01",
          "count":1,
          "charge":-1,
          "enchantmentCharge":-1,
          "soul":""
        }]
    },
    "175620-0":{
      "refId":"tramaroot_06",
      "inventory":[]
    },
    "163532-0":{
      "refId":"contain_trama_shrub_04",
      "inventory":[{
          "refId":"ingred_trama_root_01",
          "count":3,
          "charge":-1,
          "enchantmentCharge":-1,
          "soul":""
        }]
    },
    "163712-0":{
      "refId":"contain_trama_shrub_01",
      "inventory":[{
          "refId":"ingred_trama_root_01",
          "count":1,
          "charge":-1,
          "enchantmentCharge":-1,
          "soul":""
        }]
    }
  },
  "loadState":{
    "hasFullActorList":true,
    "hasFullContainerData":true
  }
}