{
  "packets":{
    "actorList":["0-1702","0-1703","0-1704","0-1705","0-1706","0-1707","0-1708","0-1709","0-1710"],
    "ai":[],
    "cellChangeFrom":[],
    "cellChangeTo":[],
    "container":["166660-0","166668-0","166670-0","166671-0","166672-0","429446-0","0-1702","0-1703","0-1704","0-1705","0-1706","0-1707","0-1708","0-1709","0-1710"],
    "death":[],
    "delete":[],
    "doorState":[],
    "equipment":[],
    "lock":[],
    "place":[],
    "position":["0-1702","0-1703","0-1704","0-1705","0-1706","0-1707","0-1708","0-1709","0-1710"],
    "scale":[],
    "spawn":["0-1702","0-1703","0-1704","0-1705","0-1706","0-1707","0-1708","0-1709","0-1710"],
    "state":[],
    "statsDynamic":["0-1702","0-1703","0-1704","0-1705","0-1706","0-1707","0-1708","0-1709","0-1710"],
    "trap":[],
    "miscellaneous":[],
    "clientScriptLocal":[],
    "spellsActive":[]
  },
  "entry":{
    "description":"1, 19",
    "creationTime":1723749685
  },
  "lastVisit":{
    "Benoit":1723749918,
    "Fidgug":1723749916
  },
  "recordLinks":[],
  "objectData":{
    "429446-0":{
      "refId":"kollop_02_pearl",
      "inventory":[{
          "refId":"ingred_pearl_01",
          "count":1,
          "charge":-1,
          "enchantmentCharge":-1,
          "soul":""
        }]
    },
    "0-1702":{
      "refId":"scrib",
      "location":{
        "posY":158101.640625,
        "posZ":-46.484760284424,
        "rotX":0,
        "rotZ":-2.0999987125397,
        "rotY":0,
        "posX":13833.86328125
      },
      "stats":{
        "healthBase":8,
        "healthCurrent":8,
        "magickaBase":12,
        "magickaModified":12,
        "fatigueBase":300,
        "fatigueCurrent":300,
        "fatigueModified":300,
        "magickaCurrent":12,
        "healthModified":8
      },
      "inventory":[{
          "refId":"ingred_scrib_jelly_01",
          "count":1,
          "charge":-1,
          "enchantmentCharge":-1,
          "soul":""
        }]
    },
    "0-1703":{
      "refId":"rat_diseased",
      "location":{
        "posY":157605.5,
        "posZ":301.44964599609,
        "rotX":0,
        "rotZ":0,
        "rotY":0,
        "posX":16096.978515625
      },
      "stats":{
        "healthBase":23,
        "healthCurrent":23,
        "magickaBase":10,
        "magickaModified":10,
        "fatigueBase":95,
        "fatigueCurrent":95,
        "fatigueModified":95,
        "magickaCurrent":10,
        "healthModified":23
      },
      "inventory":[]
    },
    "0-1704":{
      "refId":"cliff racer_blighted",
      "location":{
        "posY":160447.65625,
        "posZ":1415.1945800781,
        "rotX":0,
        "rotZ":-0.039611577987671,
        "rotY":0,
        "posX":14855.893554688
      },
      "stats":{
        "healthBase":90,
        "healthCurrent":90,
        "magickaBase":20,
        "magickaModified":20,
        "fatigueBase":400,
        "fatigueCurrent":400,
        "fatigueModified":400,
        "magickaCurrent":20,
        "healthModified":90
      },
      "inventory":[{
          "refId":"ingred_racer_plumes_01",
          "count":1,
          "charge":-1,
          "enchantmentCharge":-1,
          "soul":""
        }]
    },
    "0-1705":{
      "refId":"mudcrab-diseased",
      "location":{
        "posY":161070.796875,
        "posZ":134.79470825195,
        "rotX":0.17669415473938,
        "rotZ":1.5365278720856,
        "rotY":0,
        "posX":15467.62109375
      },
      "stats":{
        "healthBase":15,
        "healthCurrent":15,
        "magickaBase":5,
        "magickaModified":5,
        "fatigueBase":25,
        "fatigueCurrent":25,
        "fatigueModified":25,
        "magickaCurrent":5,
        "healthModified":15
      },
      "inventory":[{
          "refId":"ingred_crab_meat_01",
          "count":1,
          "charge":-1,
          "enchantmentCharge":-1,
          "soul":""
        }]
    },
    "0-1706":{
      "refId":"cliff racer_blighted",
      "location":{
        "posY":159087.21875,
        "posZ":1739.3883056641,
        "rotX":0.00058478116989136,
        "rotZ":3.0035293102264,
        "rotY":0,
        "posX":12096.610351563
      },
      "stats":{
        "healthBase":90,
        "healthCurrent":90,
        "magickaBase":20,
        "magickaModified":20,
        "fatigueBase":400,
        "fatigueCurrent":400,
        "fatigueModified":400,
        "magickaCurrent":20,
        "healthModified":90
      },
      "inventory":[{
          "refId":"ingred_racer_plumes_01",
          "count":1,
          "charge":-1,
          "enchantmentCharge":-1,
          "soul":""
        }]
    },
    "0-1707":{
      "refId":"mudcrab-diseased",
      "location":{
        "posY":159981.03125,
        "posZ":199.87515258789,
        "rotX":0,
        "rotZ":1.8000004291534,
        "rotY":0,
        "posX":9111.7265625
      },
      "stats":{
        "healthBase":15,
        "healthCurrent":15,
        "magickaBase":5,
        "magickaModified":5,
        "fatigueBase":25,
        "fatigueCurrent":25,
        "fatigueModified":25,
        "magickaCurrent":5,
        "healthModified":15
      },
      "inventory":[{
          "refId":"ingred_crab_meat_01",
          "count":1,
          "charge":-1,
          "enchantmentCharge":-1,
          "soul":""
        }]
    },
    "0-1708":{
      "refId":"mudcrab",
      "location":{
        "posY":162181.8125,
        "posZ":55.934665679932,
        "rotX":0,
        "rotZ":-2.9831855297089,
        "rotY":0,
        "posX":11127.30859375
      },
      "stats":{
        "healthBase":15,
        "healthCurrent":15,
        "magickaBase":5,
        "magickaModified":5,
        "fatigueBase":400,
        "fatigueCurrent":400,
        "fatigueModified":400,
        "magickaCurrent":5,
        "healthModified":15
      },
      "inventory":[{
          "refId":"ingred_crab_meat_01",
          "count":2,
          "charge":-1,
          "enchantmentCharge":-1,
          "soul":""
        }]
    },
    "0-1709":{
      "refId":"mudcrab",
      "location":{
        "posY":162331.96875,
        "posZ":51.008255004883,
        "rotX":0,
        "rotZ":-2.9831855297089,
        "rotY":0,
        "posX":11693.629882813
      },
      "stats":{
        "healthBase":15,
        "healthCurrent":15,
        "magickaBase":5,
        "magickaModified":5,
        "fatigueBase":400,
        "fatigueCurrent":400,
        "fatigueModified":400,
        "magickaCurrent":5,
        "healthModified":15
      },
      "inventory":[{
          "refId":"ingred_crab_meat_01",
          "count":1,
          "charge":-1,
          "enchantmentCharge":-1,
          "soul":""
        }]
    },
    "0-1710":{
      "refId":"slaughterfish_small",
      "location":{
        "posY":163124.25,
        "posZ":-475.13812255859,
        "rotX":0,
        "rotZ":1.132497549057,
        "rotY":0,
        "posX":15318.681640625
      },
      "stats":{
        "healthBase":15,
        "healthCurrent":15,
        "magickaBase":10,
        "magickaModified":10,
        "fatigueBase":300,
        "fatigueCurrent":300,
        "fatigueModified":300,
        "magickaCurrent":10,
        "healthModified":15
      },
      "inventory":[{
          "refId":"ingred_scales_01",
          "count":1,
          "charge":-1,
          "enchantmentCharge":-1,
          "soul":""
        }]
    },
    "166660-0":{
      "refId":"flora_kreshweed_03",
      "inventory":[{
          "refId":"ingred_kresh_fiber_01",
          "count":1,
          "charge":-1,
          "enchantmentCharge":-1,
          "soul":""
        }]
    },
    "166668-0":{
      "refId":"flora_kreshweed_02",
      "inventory":[{
          "refId":"ingred_kresh_fiber_01",
          "count":1,
          "charge":-1,
          "enchantmentCharge":-1,
          "soul":""
        }]
    },
    "166670-0":{
      "refId":"flora_gold_kanet_01",
      "inventory":[{
          "refId":"ingred_gold_kanet_01",
          "count":1,
          "charge":-1,