{
  "packets":{
    "actorList":["0-951","0-948","0-949","0-950","410974-0","0-952"],
    "ai":[],
    "cellChangeFrom":[],
    "cellChangeTo":["410973-0"],
    "container":["325203-0","371333-0","429264-0","429265-0","429266-0","429267-0","429268-0","429273-0","429286-0","429296-0","429306-0","0-952","410974-0","0-951","0-948","0-949","0-950"],
    "death":["0-949","410974-0"],
    "delete":[],
    "doorState":[],
    "equipment":[],
    "lock":[],
    "place":[],
    "position":["410974-0","0-948","0-949","0-950","0-951","0-952"],
    "scale":[],
    "spawn":["0-951","0-948","0-949","0-950","0-952"],
    "state":[],
    "statsDynamic":["410974-0","0-948","0-949","0-950","0-951","0-952"],
    "trap":[],
    "clientScriptLocal":[],
    "spellsActive":["410974-0"],
    "miscellaneous":[]
  },
  "entry":{
    "description":"1, 22",
    "creationTime":1717186689
  },
  "lastVisit":{
    "Benoit":1717187144,
    "Fidgug":1717187435
  },
  "recordLinks":[],
  "objectData":{
    "429273-0":{
      "refId":"kollop_01_pearl",
      "inventory":[{
          "refId":"ingred_pearl_01",
          "count":1,
          "charge":-1,
          "enchantmentCharge":-1,
          "soul":""
        }]
    },
    "0-951":{
      "refId":"slaughterfish",
      "location":{
        "posX":10980.72265625,
        "posY":184844.75,
        "posZ":-280.92980957031,
        "rotX":0.0055815661326051,
        "rotZ":-0.29273152351379,
        "rotY":0
      },
      "stats":{
        "magickaCurrent":10,
        "fatigueBase":400,
        "fatigueCurrent":399.95123291016,
        "fatigueModified":400,
        "magickaBase":10,
        "healthModified":23,
        "healthBase":23,
        "healthCurrent":23,
        "magickaModified":10
      },
      "inventory":[]
    },
    "0-948":{
      "refId":"slaughterfish_small",
      "location":{
        "posX":15021.537109375,
        "posY":184009.578125,
        "posZ":-253.09771728516,
        "rotX":0,
        "rotZ":-0.34746408462524,
        "rotY":0
      },
      "stats":{
        "magickaCurrent":10,
        "fatigueBase":300,
        "fatigueCurrent":300,
        "fatigueModified":300,
        "magickaBase":10,
        "healthModified":15,
        "healthBase":15,
        "healthCurrent":15,
        "magickaModified":10
      },
      "inventory":[]
    },
    "0-949":{
      "refId":"rat",
      "location":{
        "posX":9091.6044921875,
        "posY":186312.609375,
        "posZ":623.09912109375,
        "rotX":0.29641854763031,
        "rotZ":1.3536579608917,
        "rotY":0
      },
      "stats":{
        "magickaCurrent":10,
        "fatigueBase":300,
        "fatigueCurrent":298.05877685547,
        "fatigueModified":300,
        "magickaBase":10,
        "healthModified":23,
        "healthBase":23,
        "healthCurrent":0,
        "magickaModified":10
      },
      "inventory":[{
          "refId":"ingred_rat_meat_01",
          "count":1,
          "charge":-1,
          "enchantmentCharge":-1,
          "soul":""
        }],
      "deathState":38,
      "killer":{
        "playerName":"Fidgug"
      }
    },
    "0-950":{
      "refId":"slaughterfish",
      "location":{
        "posX":10211.104492188,
        "posY":183339.4375,
        "posZ":-116.03837585449,
        "rotX":0,
        "rotZ":0.59658074378967,
        "rotY":0
      },
      "stats":{
        "magickaCurrent":10,
        "fatigueBase":400,
        "fatigueCurrent":400,
        "fatigueModified":400,
        "magickaBase":10,
        "healthModified":23,
        "healthBase":23,
        "healthCurrent":23,
        "magickaModified":10
      },
      "inventory":[]
    },
    "410974-0":{
      "refId":"cliff racer",
      "location":{
        "posX":8362.7861328125,
        "posY":186078.03125,
        "posZ":879.68865966797,
        "rotX":0.72006684541702,
        "rotZ":-0.61790323257446,
        "rotY":0
      },
      "stats":{
        "magickaCurrent":20,
        "fatigueBase":400,
        "fatigueCurrent":400,
        "fatigueModified":400,
        "magickaBase":20,
        "healthModified":45,
        "healthBase":45,
        "healthCurrent":0,
        "magickaModified":20
      },
      "inventory":[],
      "deathState":38,
      "killer":{
        "playerName":"Fidgug"
      },
      "spellsActive":{
        "$custom_spell_6":[{
            "displayName":"Flare",
            "stackingState":false,
            "startTime":1717186889,
            "caster":{
              "playerName":"Benoit"
            },
            "effects":[{
                "arg":-1,
                "duration":1,
                "id":14,
                "timeLeft":1,
                "magnitude":28
              }]
          }]
      }
    },
    "0-952":{
      "refId":"slaughterfish",
      "location":{
        "posX":13345.850585938,
        "posY":181322.5625,
        "posZ":-128.27735900879,
        "rotX":0,
        "rotZ":-0.028258562088013,
        "rotY":0
      },
      "stats":{
        "magickaCurrent":10,
        "fatigueBase":400,
        "fatigueCurrent":399.98364257813,
        "fatigueModified":400,
        "magickaBase":10,
        "healthModified":23,
        "healthBase":23,
        "healthCurrent":23,
        "magickaModified":10
      },
      "inventory":[{
          "refId":"ingred_scales_01",
          "count":2,
          "charge":-1,
          "enchantmentCharge":-1,
          "soul":""
        }]
    },
    "325203-0":{
      "refId":"flora_kreshweed_01",
      "inventory":[]
    },
    "371333-0":{
      "refId":"barrel_01_ingredients_f",
      "inventory":[]
    },
    "429264-0":{
      "refId":"kollop_01_pearl",
      "inventory":[{
          "refId":"ingred_pearl_01",
          "count":1,
          "charge":-1,
          "enchantmentCharge":-1,
          "soul":""
        }]
    },
    "429265-0":{
      "refId":"kollop_03_pearl",
      "inventory":[]
    },
    "429266-0":{
      "refId":"kollop_03_pearl",
      "inventory":[{
          "refId":"ingred_pearl_01",
          "count":1,
          "charge":-1,
          "enchantmentCharge":-1,
          "soul":""
        }]
    },
    "429267-0":{
      "refId":"kollop_02_pearl",
      "inventory":[{
          "refId":"ingred_pearl_01",
          "count":1,
          "charge":-1,
          "enchantmentCharge":-1,
          "soul":""
        }]
    },
    "429268-0":{
      "refId":"kollop_02_pearl",
      "inventory":[{
          "refId":"ingred_pearl_01",
          "count":1,
          "charge":-1,
          "enchantmentCharge":-1,
          "soul":""
        }]
    },
    "410973-0":{
      "cellChangeTo":"0, 23"
    },
    "429286-0":{
      "refId":"kollop_03_pearl",
      "inventory":[]
    },
    "429296-0":{
      "refId":"kollop_01_pearl",
      "inventory":[{
          "refId":"ingred_pearl_01",
          "count":1,
          "charge":-1,
          "enchantmentCharge":-1,
          "soul":""
        }]
    },
    "429306-0":{
      "refId":"kollop_03_pearl",
      "inventory":[{
          "refId":"ingred_pearl_01",
          "count":1,
          "charge":-1,
          "enchantmentCharge":-1,
          "soul":""
        }]
    }
  },
  "loadState":{
    "hasFullActorList":true,
    "hasFullContainerData":true
  }
}