{
  "packets":{
    "actorList":["0-911","0-912","0-913","0-914","0-915","0-916","0-917","0-918","0-919","288976-0","0-910","0-895","0-925"],
    "ai":[],
    "cellChangeFrom":[],
    "cellChangeTo":[],
    "container":["429218-0","429221-0","429232-0","434245-0","434250-0","434270-0","434293-0","434294-0","434298-0","288976-0","0-911","0-912","0-913","0-914","0-915","0-916","0-917","0-918","0-919","0-910","0-895","0-925"],
    "death":["0-912","0-913","0-910","0-911","0-914","0-915","0-925","0-917","0-895"],
    "delete":[],
    "doorState":[],
    "equipment":[],
    "lock":[],
    "place":["0-946","0-947"],
    "position":["0-911","0-912","0-913","0-914","0-915","0-916","0-917","0-918","0-919","0-910","0-895","0-925"],
    "scale":[],
    "spawn":["0-911","0-912","0-913","0-914","0-915","0-916","0-917","0-918","0-919","0-910","0-895","0-925"],
    "state":["288976-0"],
    "statsDynamic":["0-911","0-912","0-913","0-914","0-915","0-916","0-917","0-918","0-919","0-910","0-895","0-925"],
    "trap":[],
    "clientScriptLocal":[],
    "miscellaneous":[],
    "spellsActive":[]
  },
  "entry":{
    "description":"1, 24",
    "creationTime":1713904668
  },
  "lastVisit":{
    "Benoit":1717186874,
    "Fidgug":1717186851
  },
  "recordLinks":[],
  "objectData":{
    "288976-0":{
      "refId":"netch_giant_unique",
      "inventory":[{
          "refId":"ingred_netch_leather_01",
          "count":6,
          "charge":-1,
          "enchantmentCharge":-1,
          "soul":""
        }],
      "state":false
    },
    "434270-0":{
      "refId":"kollop_03_pearl",
      "inventory":[{
          "refId":"ingred_pearl_01",
          "count":1,
          "charge":-1,
          "enchantmentCharge":-1,
          "soul":""
        }]
    },
    "434250-0":{
      "refId":"kollop_01_pearl",
      "inventory":[]
    },
    "0-911":{
      "refId":"mudcrab-diseased",
      "location":{
        "rotZ":-0.72867512702942,
        "rotY":0,
        "posX":11695.541015625,
        "posY":199173.9375,
        "posZ":59.650157928467,
        "rotX":-0.022181157022715
      },
      "stats":{
        "healthBase":15,
        "healthCurrent":0,
        "magickaBase":5,
        "magickaCurrent":5,
        "healthModified":15,
        "magickaModified":5,
        "fatigueModified":55,
        "fatigueCurrent":55,
        "fatigueBase":55
      },
      "inventory":[{
          "refId":"ingred_crab_meat_01",
          "count":2,
          "charge":-1,
          "enchantmentCharge":-1,
          "soul":""
        }],
      "deathState":38,
      "killer":{
        "playerName":"Fidgug"
      }
    },
    "0-912":{
      "refId":"mudcrab",
      "location":{
        "rotZ":-1.5989196300507,
        "rotY":0,
        "posX":9102.2548828125,
        "posY":199162.71875,
        "posZ":51.484035491943,
        "rotX":0.37654206156731
      },
      "stats":{
        "healthBase":15,
        "healthCurrent":0,
        "magickaBase":5,
        "magickaCurrent":5,
        "healthModified":15,
        "magickaModified":5,
        "fatigueModified":400,
        "fatigueCurrent":398.93017578125,
        "fatigueBase":400
      },
      "inventory":[{
          "refId":"ingred_crab_meat_01",
          "count":2,
          "charge":-1,
          "enchantmentCharge":-1,
          "soul":""
        }],
      "deathState":39,
      "killer":{
        "playerName":"Benoit"
      },
      "spellsActive":[]
    },
    "0-913":{
      "refId":"mudcrab",
      "location":{
        "rotZ":-2.3948681354523,
        "rotY":0,
        "posX":9884.9169921875,
        "posY":199702.953125,
        "posZ":70.397262573242,
        "rotX":0.10742446780205
      },
      "stats":{
        "healthBase":15,
        "healthCurrent":0,
        "magickaBase":5,
        "magickaCurrent":5,
        "healthModified":15,
        "magickaModified":5,
        "fatigueModified":400,
        "fatigueCurrent":395.84814453125,
        "fatigueBase":400
      },
      "inventory":[{
          "refId":"ingred_crab_meat_01",
          "count":1,
          "charge":-1,
          "enchantmentCharge":-1,
          "soul":""
        }],
      "deathState":38,
      "killer":{
        "playerName":"Fidgug"
      }
    },
    "0-914":{
      "refId":"mudcrab-diseased",
      "location":{
        "rotZ":-2.1966750621796,
        "rotY":0,
        "posX":12948.669921875,
        "posY":200656.53125,
        "posZ":36.51736831665,
        "rotX":-0.057226866483688
      },
      "stats":{
        "healthBase":15,
        "healthCurrent":0,
        "magickaBase":5,
        "magickaCurrent":5,
        "healthModified":15,
        "magickaModified":5,
        "fatigueModified":55,
        "fatigueCurrent":48.522254943848,
        "fatigueBase":55
      },
      "inventory":[{
          "refId":"ingred_crab_meat_01",
          "count":2,
          "charge":-1,
          "enchantmentCharge":-1,
          "soul":""
        }],
      "deathState":38,
      "killer":{
        "playerName":"Fidgug"
      }
    },
    "0-915":{
      "refId":"mudcrab",
      "location":{
        "rotZ":-2.3806917667389,
        "rotY":0,
        "posX":14409.051757813,
        "posY":202067.71875,
        "posZ":321.98828125,
        "rotX":0.0043989047408104
      },
      "stats":{
        "healthBase":15,
        "healthCurrent":0,
        "magickaBase":5,
        "magickaCurrent":5,
        "healthModified":15,
        "magickaModified":5,
        "fatigueModified":400,
        "fatigueCurrent":399.18865966797,
        "fatigueBase":400
      },
      "inventory":[{
          "refId":"ingred_crab_meat_01",
          "count":2,
          "charge":-1,
          "enchantmentCharge":-1,
          "soul":""
        }],
      "deathState":39,
      "killer":{
        "playerName":"Fidgug"
      }
    },
    "0-916":{
      "refId":"slaughterfish",
      "location":{
        "rotZ":2.403126001358,
        "rotY":0,
        "posX":12288.220703125,
        "posY":202929.46875,
        "posZ":-37.722221374512,
        "rotX":0.00047660246491432
      },
      "stats":{
        "healthBase":23,
        "healthCurrent":23,
        "magickaBase":10,
        "magickaCurrent":10,
        "healthModified":23,
        "magickaModified":10,
        "fatigueModified":400,
        "fatigueCurrent":400,
        "fatigueBase":400
      },
      "inventory":[]
    },
    "0-917":{
      "refId":"slaughterfish",
      "location":{
        "rotZ":-2.8341205120087,
        "rotY":0,
        "posX":10366.350585938,
        "posY":198430.75,
        "posZ":-109.59610748291,
        "rotX":0.091949552297592
      },
      "stats":{
        "healthBase":23,
        "healthCurrent":0,
        "magickaBase":10,
        "magickaCurrent":10,
        "healthModified":23,
        "magickaModified":10,
        "fatigueModified":400,
        "fatigueCurrent":400,
        "fatigueBase":400
      },
      "inventory":[{
          "refId":"ingred_scales_01",
          "count":2,
          "charge":-1,
          "enchantmentCharge":-1,
          "soul":""
        }],
      "deathState":38,
      "killer":{
        "playerName":"Fidgug"
      }
    },
    "0-918":{
      "refId":"dreugh",
      "location":{
        "rotZ":1.7555687427521,
        "rotY":0,
        "posX":12005.478515625,
        "posY":198314.8125,
        "posZ":-296.88653564453,
        "rotX":0.00068448111414909
      },
      "stats":{
        "healthBase":60,
        "healthCurrent":44.368286132813,
        "magickaBase":75,
        "magickaCurrent":75,
        "healthModified":60,
        "magickaModified":75,
        "fatigueModified":400,
        "fatigueCurrent":365.85516357422,
        "fatigueBase":400
      },
      "inventory":[{
          "refId":"ingred_dreugh_wax_01",
          "count":1,
          "charge":-1,
          "enchantmentCharge":-1,
          "soul":""
        }]
    },
    "0-919":{
      "refId":"slaughterfish_small",
      "location":{
        "rotZ":-3.0097754001617,
        "rotY":0,