{
  "packets":{
    "actorList":["0-1253","0-1254","0-1255","347346-0","347347-0","340986-0","0-1256","0-1233"],
    "ai":[],
    "cellChangeFrom":[],
    "cellChangeTo":[],
    "container":["455175-0","455176-0","455183-0","455197-0","455222-0","455232-0","455242-0","347346-0","347347-0","340986-0","0-1253","0-1254","0-1255","0-1256","0-1233"],
    "death":[],
    "delete":[],
    "doorState":[],
    "equipment":[],
    "lock":[],
    "place":[],
    "position":["340986-0","347346-0","347347-0","0-1253","0-1254","0-1255","0-1256","0-1233"],
    "scale":[],
    "spawn":["0-1253","0-1254","0-1255","0-1256","0-1233"],
    "state":[],
    "statsDynamic":["340986-0","347346-0","347347-0","0-1253","0-1254","0-1255","0-1256","0-1233"],
    "trap":[],
    "spellsActive":[],
    "miscellaneous":[],
    "clientScriptLocal":[]
  },
  "entry":{
    "description":"10, -8",
    "creationTime":1718728829
  },
  "lastVisit":{
    "Benoit":1718729357,
    "Fidgug":1718729341
  },
  "recordLinks":[],
  "objectData":{
    "347346-0":{
      "refId":"mudcrab",
      "location":{
        "rotY":0,
        "posX":88236.6796875,
        "posY":-58769.3125,
        "posZ":234.84069824219,
        "rotX":0,
        "rotZ":3.0000002384186
      },
      "stats":{
        "healthBase":15,
        "healthCurrent":15,
        "magickaBase":5,
        "magickaCurrent":5,
        "fatigueBase":400,
        "healthModified":15,
        "magickaModified":5,
        "fatigueModified":400,
        "fatigueCurrent":400
      },
      "inventory":[{
          "refId":"ingred_crab_meat_01",
          "count":2,
          "charge":-1,
          "enchantmentCharge":-1,
          "soul":""
        }]
    },
    "347347-0":{
      "refId":"mudcrab",
      "location":{
        "rotY":0,
        "posX":83535.3046875,
        "posY":-58461.36328125,
        "posZ":236.42163085938,
        "rotX":0,
        "rotZ":-1.8999989032745
      },
      "stats":{
        "healthBase":15,
        "healthCurrent":15,
        "magickaBase":5,
        "magickaCurrent":5,
        "fatigueBase":400,
        "healthModified":15,
        "magickaModified":5,
        "fatigueModified":400,
        "fatigueCurrent":400
      },
      "inventory":[{
          "refId":"ingred_crab_meat_01",
          "count":2,
          "charge":-1,
          "enchantmentCharge":-1,
          "soul":""
        }]
    },
    "340986-0":{
      "refId":"slaughterfish",
      "location":{
        "rotY":0,
        "posX":87198.8203125,
        "posY":-60335.08203125,
        "posZ":-77.875869750977,
        "rotX":8.0689787864685e-06,
        "rotZ":-1.5897266864777
      },
      "stats":{
        "healthBase":23,
        "healthCurrent":23,
        "magickaBase":10,
        "magickaCurrent":10,
        "fatigueBase":400,
        "healthModified":23,
        "magickaModified":10,
        "fatigueModified":400,
        "fatigueCurrent":400
      },
      "inventory":[{
          "refId":"ingred_scales_01",
          "count":2,
          "charge":-1,
          "enchantmentCharge":-1,
          "soul":""
        }]
    },
    "455175-0":{
      "refId":"kollop_03_pearl",
      "inventory":[]
    },
    "455176-0":{
      "refId":"kollop_03_pearl",
      "inventory":[]
    },
    "455183-0":{
      "refId":"kollop_02_pearl",
      "inventory":[]
    },
    "455197-0":{
      "refId":"kollop_02_pearl",
      "inventory":[]
    },
    "455222-0":{
      "refId":"kollop_03_pearl",
      "inventory":[{
          "refId":"ingred_pearl_01",
          "count":1,
          "charge":-1,
          "enchantmentCharge":-1,
          "soul":""
        }]
    },
    "455232-0":{
      "refId":"kollop_03_pearl",
      "inventory":[]
    },
    "455242-0":{
      "refId":"kollop_02_pearl",
      "inventory":[{
          "refId":"ingred_pearl_01",
          "count":1,
          "charge":-1,
          "enchantmentCharge":-1,
          "soul":""
        }]
    },
    "0-1233":{
      "refId":"mudcrab-diseased",
      "location":{
        "rotY":0,
        "posX":82272.125,
        "posY":-65481.0703125,
        "posZ":146.76683044434,
        "rotX":0.70357310771942,
        "rotZ":1.465827703476
      },
      "stats":{
        "healthBase":15,
        "healthCurrent":15,
        "magickaBase":5,
        "magickaCurrent":5,
        "fatigueBase":27,
        "healthModified":15,
        "magickaModified":5,
        "fatigueModified":27,
        "fatigueCurrent":27
      },
      "inventory":[{
          "refId":"ingred_crab_meat_01",
          "count":1,
          "charge":-1,
          "enchantmentCharge":-1,
          "soul":""
        }]
    },
    "0-1256":{
      "refId":"mudcrab",
      "location":{
        "rotY":0,
        "posX":82038.453125,
        "posY":-62088.453125,
        "posZ":128.7731628418,
        "rotX":0.19860790669918,
        "rotZ":-0.9034378528595
      },
      "stats":{
        "healthBase":15,
        "healthCurrent":15,
        "magickaBase":5,
        "magickaCurrent":5,
        "fatigueBase":400,
        "healthModified":15,
        "magickaModified":5,
        "fatigueModified":400,
        "fatigueCurrent":400
      },
      "inventory":[{
          "refId":"ingred_crab_meat_01",
          "count":2,
          "charge":-1,
          "enchantmentCharge":-1,
          "soul":""
        }]
    },
    "0-1253":{
      "refId":"cliff racer",
      "location":{
        "rotY":0,
        "posX":86087.375,
        "posY":-62698.15625,
        "posZ":-61.76000213623,
        "rotX":0,
        "rotZ":0
      },
      "stats":{
        "healthBase":45,
        "healthCurrent":45,
        "magickaBase":20,
        "magickaCurrent":20,
        "fatigueBase":400,
        "healthModified":45,
        "magickaModified":20,
        "fatigueModified":400,
        "fatigueCurrent":400
      },
      "inventory":[]
    },
    "0-1254":{
      "refId":"cliff racer_diseased",
      "location":{
        "rotY":0,
        "posX":85832.109375,
        "posY":-62881.6171875,
        "posZ":-60.31616973877,
        "rotX":0,
        "rotZ":-0.60000061988831
      },
      "stats":{
        "healthBase":45,
        "healthCurrent":45,
        "magickaBase":20,
        "magickaCurrent":20,
        "fatigueBase":170,
        "healthModified":45,
        "magickaModified":20,
        "fatigueModified":170,
        "fatigueCurrent":170
      },
      "inventory":[{
          "refId":"ingred_racer_plumes_01",
          "count":1,
          "charge":-1,
          "enchantmentCharge":-1,
          "soul":""
        }]
    },
    "0-1255":{
      "refId":"cliff racer_diseased",
      "location":{
        "rotY":0,
        "posX":85911.75,
        "posY":-59646.32421875,
        "posZ":310.29034423828,
        "rotX":0.0001008277758956,
        "rotZ":1.4796998500824
      },
      "stats":{
        "healthBase":45,
        "healthCurrent":45,
        "magickaBase":20,
        "magickaCurrent":20,
        "fatigueBase":170,
        "healthModified":45,
        "magickaModified":20,
        "fatigueModified":170,
        "fatigueCurrent":170
      },
      "inventory":[]
    }
  },
  "loadState":{
    "hasFullActorList":true,
    "hasFullContainerData":true
  }
}