{
  "packets":{
    "actorList":["0-1082","0-1081","0-1130"],
    "ai":[],
    "cellChangeFrom":[],
    "cellChangeTo":[],
    "container":["478291-0","478292-0","478293-0","478294-0","478295-0","478296-0","478297-0","478298-0","478299-0","478307-0","478308-0","478309-0","478310-0","478311-0","478312-0","478313-0","478314-0","478315-0","478317-0","478318-0","478319-0","478320-0","478321-0","478322-0","478323-0","478324-0","478325-0","478326-0","478327-0","478328-0","478329-0","478330-0","478331-0","478332-0","478333-0","0-1082","0-1081","0-1130"],
    "death":[],
    "delete":[],
    "doorState":[],
    "equipment":[],
    "lock":[],
    "place":[],
    "position":["0-1081","0-1082","0-1130"],
    "scale":[],
    "spawn":["0-1082","0-1081","0-1130"],
    "state":[],
    "statsDynamic":["0-1081","0-1082","0-1130"],
    "trap":[],
    "spellsActive":[],
    "miscellaneous":[],
    "clientScriptLocal":[]
  },
  "entry":{
    "description":"2, -12",
    "creationTime":1717785965
  },
  "lastVisit":{
    "Benoit":1718727906,
    "Fidgug":1717790672
  },
  "recordLinks":[],
  "objectData":{
    "0-1082":{
      "refId":"mudcrab-diseased",
      "location":{
        "rotY":0,
        "posX":23123.61328125,
        "posY":-92001.546875,
        "posZ":137,
        "rotX":-0.049194533377886,
        "rotZ":-1.3751156330109
      },
      "stats":{
        "healthBase":15,
        "healthCurrent":15,
        "magickaBase":5,
        "magickaCurrent":5,
        "fatigueBase":25,
        "healthModified":15,
        "magickaModified":5,
        "fatigueModified":25,
        "fatigueCurrent":25
      },
      "inventory":[{
          "refId":"ingred_crab_meat_01",
          "count":2,
          "charge":-1,
          "enchantmentCharge":-1,
          "soul":""
        }]
    },
    "0-1081":{
      "refId":"mudcrab",
      "location":{
        "rotY":0,
        "posX":22093.380859375,
        "posY":-92882.7578125,
        "posZ":237.96539306641,
        "rotX":0.17613446712494,
        "rotZ":-0.85524487495422
      },
      "stats":{
        "healthBase":15,
        "healthCurrent":15,
        "magickaBase":5,
        "magickaCurrent":5,
        "fatigueBase":400,
        "healthModified":15,
        "magickaModified":5,
        "fatigueModified":400,
        "fatigueCurrent":400
      },
      "inventory":[{
          "refId":"ingred_crab_meat_01",
          "count":2,
          "charge":-1,
          "enchantmentCharge":-1,
          "soul":""
        }]
    },
    "0-1130":{
      "refId":"netch_bull",
      "location":{
        "rotY":0,
        "posX":17309.052734375,
        "posY":-96045.6796875,
        "posZ":1132.2277832031,
        "rotX":-0.10809084028006,
        "rotZ":-2.195344209671
      },
      "stats":{
        "healthBase":45,
        "healthCurrent":45,
        "magickaBase":100,
        "magickaCurrent":100,
        "fatigueBase":400,
        "fatigueCurrent":400,
        "magickaModified":100,
        "fatigueModified":400,
        "healthModified":45
      },
      "inventory":[{
          "refId":"ingred_netch_leather_01",
          "count":1,
          "charge":-1,
          "enchantmentCharge":-1,
          "soul":""
        }]
    },
    "478291-0":{
      "refId":"flora_black_anther_02",
      "inventory":[]
    },
    "478292-0":{
      "refId":"flora_black_anther_01",
      "inventory":[{
          "refId":"ingred_black_anther_01",
          "count":2,
          "charge":-1,
          "enchantmentCharge":-1,
          "soul":""
        }]
    },
    "478293-0":{
      "refId":"flora_black_anther_02",
      "inventory":[{
          "refId":"ingred_black_anther_01",
          "count":1,
          "charge":-1,
          "enchantmentCharge":-1,
          "soul":""
        }]
    },
    "478294-0":{
      "refId":"flora_black_anther_01",
      "inventory":[{
          "refId":"ingred_black_anther_01",
          "count":2,
          "charge":-1,
          "enchantmentCharge":-1,
          "soul":""
        }]
    },
    "478295-0":{
      "refId":"flora_willow_flower_01",
      "inventory":[{
          "refId":"ingred_willow_anther_01",
          "count":1,
          "charge":-1,
          "enchantmentCharge":-1,
          "soul":""
        }]
    },
    "478296-0":{
      "refId":"flora_willow_flower_02",
      "inventory":[{
          "refId":"ingred_willow_anther_01",
          "count":1,
          "charge":-1,
          "enchantmentCharge":-1,
          "soul":""
        }]
    },
    "478297-0":{
      "refId":"flora_willow_flower_01",
      "inventory":[{
          "refId":"ingred_willow_anther_01",
          "count":1,
          "charge":-1,
          "enchantmentCharge":-1,
          "soul":""
        }]
    },
    "478298-0":{
      "refId":"flora_willow_flower_02",
      "inventory":[{
          "refId":"ingred_willow_anther_01",
          "count":1,
          "charge":-1,
          "enchantmentCharge":-1,
          "soul":""
        }]
    },
    "478299-0":{
      "refId":"flora_corkbulb",
      "inventory":[{
          "refId":"ingred_corkbulb_root_01",
          "count":1,
          "charge":-1,
          "enchantmentCharge":-1,
          "soul":""
        }]
    },
    "478307-0":{
      "refId":"flora_black_anther_02",
      "inventory":[{
          "refId":"ingred_black_anther_01",
          "count":1,
          "charge":-1,
          "enchantmentCharge":-1,
          "soul":""
        }]
    },
    "478308-0":{
      "refId":"flora_black_anther_01",
      "inventory":[{
          "refId":"ingred_black_anther_01",
          "count":1,
          "charge":-1,
          "enchantmentCharge":-1,
          "soul":""
        }]
    },
    "478309-0":{
      "refId":"flora_black_anther_02",
      "inventory":[{
          "refId":"ingred_black_anther_01",
          "count":1,
          "charge":-1,
          "enchantmentCharge":-1,
          "soul":""
        }]
    },
    "478310-0":{
      "refId":"flora_black_anther_01",
      "inventory":[{
          "refId":"ingred_black_anther_01",
          "count":2,
          "charge":-1,
          "enchantmentCharge":-1,
          "soul":""
        }]
    },
    "478311-0":{
      "refId":"flora_willow_flower_01",
      "inventory":[{
          "refId":"ingred_willow_anther_01",
          "count":1,
          "charge":-1,
          "enchantmentCharge":-1,
          "soul":""
        }]
    },
    "478312-0":{
      "refId":"flora_willow_flower_02",
      "inventory":[{
          "refId":"ingred_willow_anther_01",
          "count":1,
          "charge":-1,
          "enchantmentCharge":-1,
          "soul":""
        }]
    },
    "478313-0":{
      "refId":"flora_willow_flower_01",
      "inventory":[{
          "refId":"ingred_willow_anther_01",
          "count":1,
          "charge":-1,
          "enchantmentCharge":-1,
          "soul":""
        }]
    },
    "478314-0":{
      "refId":"flora_willow_flower_02",
      "inventory":[{
          "refId":"ingred_willow_anther_01",
          "count":1,
          "charge":-1,
          "enchantmentCharge":-1,
          "soul":""
        }]
    },
    "478315-0":{
      "refId":"flora_corkbulb",
      "inventory":[{
          "refId":"ingred_corkbulb_root_01",
          "count":1,
          "charge":-1,
          "enchantmentCharge":-1,
          "soul":""
        }]
    },
    "478317-0":{
      "refId":"flora_gold_kanet_01",
      "inventory":[{
          "refId":"ingred_gold_kanet_01",
          "count":1,
          "charge":-1,
          "enchantmentCharge":-1,
          "soul":""
        }]
    },
    "478318-0":{
      "refId":"flora_gold_kanet_02",
      "inventory":[{
          "refId":"ingred_gold_kanet_01",
          "count":1,
          "charge":-1,
          "enchantmentCharge":-1,
          "soul":""
        }]
    },
    "478319-0":{
      "refId":"flora_gold_kanet_01",
      "inventory":[{
          "refId":"ingred_gold_kanet_01",
          "count":1,
          "charge":-1,
          "enchantmentCharge":-1,