{
  "packets":{
    "actorList":["0-1074","0-1075","0-1071","194011-0","0-1073","194012-0","0-1072"],
    "ai":[],
    "cellChangeFrom":[],
    "cellChangeTo":[],
    "container":["461090-0","461098-0","461100-0","461127-0","461129-0","477058-0","478191-0","478192-0","478193-0","478194-0","478195-0","478197-0","478199-0","194012-0","0-1074","0-1075","0-1071","0-1073","194011-0","0-1072"],
    "death":[],
    "delete":[],
    "doorState":[],
    "equipment":[],
    "lock":[],
    "place":[],
    "position":["194012-0","0-1071","194011-0","0-1073","0-1074","0-1075","0-1072"],
    "scale":[],
    "spawn":["0-1074","0-1075","0-1071","0-1073","0-1072"],
    "state":[],
    "statsDynamic":["194012-0","0-1071","194011-0","0-1073","0-1074","0-1075","0-1072"],
    "trap":[],
    "spellsActive":[],
    "miscellaneous":[],
    "clientScriptLocal":[]
  },
  "entry":{
    "description":"2, -9",
    "creationTime":1717784987
  },
  "lastVisit":{
    "Benoit":1717785965,
    "Fidgug":1717785966
  },
  "recordLinks":[],
  "objectData":{
    "0-1074":{
      "refId":"netch_bull",
      "location":{
        "posX":17480.984375,
        "posY":-67808.3125,
        "posZ":690.23492431641,
        "rotX":0.0020821988582611,
        "rotZ":2.8765285015106,
        "rotY":0
      },
      "stats":{
        "healthBase":45,
        "healthCurrent":45,
        "magickaBase":100,
        "healthModified":45,
        "magickaModified":100,
        "fatigueCurrent":400,
        "fatigueBase":400,
        "fatigueModified":400,
        "magickaCurrent":100
      },
      "inventory":[{
          "refId":"ingred_netch_leather_01",
          "count":2,
          "charge":-1,
          "enchantmentCharge":-1,
          "soul":""
        }]
    },
    "0-1075":{
      "refId":"mudcrab",
      "location":{
        "posX":24037.869140625,
        "posY":-72318.4765625,
        "posZ":242.36352539063,
        "rotX":-0.081285439431667,
        "rotZ":-2.4710838794708,
        "rotY":0
      },
      "stats":{
        "healthBase":15,
        "healthCurrent":15,
        "magickaBase":5,
        "healthModified":15,
        "magickaModified":5,
        "fatigueCurrent":400,
        "fatigueBase":400,
        "fatigueModified":400,
        "magickaCurrent":5
      },
      "inventory":[{
          "refId":"ingred_crab_meat_01",
          "count":1,
          "charge":-1,
          "enchantmentCharge":-1,
          "soul":""
        }]
    },
    "0-1071":{
      "refId":"mudcrab",
      "location":{
        "posX":18420.638671875,
        "posY":-70542.578125,
        "posZ":54.966533660889,
        "rotX":0,
        "rotZ":0,
        "rotY":0
      },
      "stats":{
        "healthBase":15,
        "healthCurrent":15,
        "magickaBase":5,
        "healthModified":15,
        "magickaModified":5,
        "fatigueCurrent":400,
        "fatigueBase":400,
        "fatigueModified":400,
        "magickaCurrent":5
      },
      "inventory":[{
          "refId":"ingred_crab_meat_01",
          "count":1,
          "charge":-1,
          "enchantmentCharge":-1,
          "soul":""
        }]
    },
    "194011-0":{
      "refId":"netch_betty_ranched",
      "location":{
        "posX":24317.505859375,
        "posY":-66054.6640625,
        "posZ":1043.6711425781,
        "rotX":0,
        "rotZ":-2.7850019931793,
        "rotY":0
      },
      "stats":{
        "healthBase":113,
        "healthCurrent":113,
        "magickaBase":75,
        "healthModified":113,
        "magickaModified":75,
        "fatigueCurrent":400,
        "fatigueBase":400,
        "fatigueModified":400,
        "magickaCurrent":75
      },
      "inventory":[{
          "refId":"ingred_netch_leather_01",
          "count":1,
          "charge":-1,
          "enchantmentCharge":-1,
          "soul":""
        }]
    },
    "0-1073":{
      "refId":"scrib diseased",
      "location":{
        "posX":20296.0859375,
        "posY":-71546.390625,
        "posZ":862.38122558594,
        "rotX":0,
        "rotZ":0,
        "rotY":0
      },
      "stats":{
        "healthBase":8,
        "healthCurrent":8,
        "magickaBase":12,
        "healthModified":8,
        "magickaModified":12,
        "fatigueCurrent":79,
        "fatigueBase":79,
        "fatigueModified":79,
        "magickaCurrent":12
      },
      "inventory":[{
          "refId":"ingred_scrib_jelly_01",
          "count":2,
          "charge":-1,
          "enchantmentCharge":-1,
          "soul":""
        }]
    },
    "194012-0":{
      "refId":"netch_betty_ranched",
      "location":{
        "posX":20766.2890625,
        "posY":-67843.75,
        "posZ":754.81927490234,
        "rotX":0,
        "rotZ":-2.567586183548,
        "rotY":0
      },
      "stats":{
        "healthBase":113,
        "healthCurrent":113,
        "magickaBase":75,
        "healthModified":113,
        "magickaModified":75,
        "fatigueCurrent":400,
        "fatigueBase":400,
        "fatigueModified":400,
        "magickaCurrent":75
      },
      "inventory":[{
          "refId":"ingred_netch_leather_01",
          "count":2,
          "charge":-1,
          "enchantmentCharge":-1,
          "soul":""
        }]
    },
    "461090-0":{
      "refId":"kollop_03_pearl",
      "inventory":[]
    },
    "461098-0":{
      "refId":"kollop_03_pearl",
      "inventory":[{
          "refId":"ingred_pearl_01",
          "count":1,
          "charge":-1,
          "enchantmentCharge":-1,
          "soul":""
        }]
    },
    "461100-0":{
      "refId":"kollop_02_pearl",
      "inventory":[]
    },
    "461127-0":{
      "refId":"kollop_03_pearl",
      "inventory":[]
    },
    "461129-0":{
      "refId":"kollop_02_pearl",
      "inventory":[{
          "refId":"ingred_pearl_01",
          "count":1,
          "charge":-1,
          "enchantmentCharge":-1,
          "soul":""
        }]
    },
    "477058-0":{
      "refId":"flora_corkbulb",
      "inventory":[{
          "refId":"ingred_corkbulb_root_01",
          "count":1,
          "charge":-1,
          "enchantmentCharge":-1,
          "soul":""
        }]
    },
    "478191-0":{
      "refId":"flora_corkbulb",
      "inventory":[{
          "refId":"ingred_corkbulb_root_01",
          "count":1,
          "charge":-1,
          "enchantmentCharge":-1,
          "soul":""
        }]
    },
    "478194-0":{
      "refId":"flora_gold_kanet_01",
      "inventory":[{
          "refId":"ingred_gold_kanet_01",
          "count":1,
          "charge":-1,
          "enchantmentCharge":-1,
          "soul":""
        }]
    },
    "478195-0":{
      "refId":"flora_heather_01",
      "inventory":[]
    },
    "478197-0":{
      "refId":"flora_heather_01",
      "inventory":[{
          "refId":"ingred_heather_01",
          "count":2,
          "charge":-1,
          "enchantmentCharge":-1,
          "soul":""
        }]
    },
    "478199-0":{
      "refId":"flora_heather_01",
      "inventory":[{
          "refId":"ingred_heather_01",
          "count":2,
          "charge":-1,
          "enchantmentCharge":-1,
          "soul":""
        }]
    },
    "0-1072":{
      "refId":"dreugh",
      "location":{
        "posX":16891.265625,
        "posY":-73727.7734375,
        "posZ":-223.58020019531,
        "rotX":0.0014485297724605,
        "rotZ":-0.87999606132507,
        "rotY":0
      },
      "stats":{
        "healthBase":60,
        "healthCurrent":60,
        "magickaBase":75,
        "healthModified":60,
        "magickaModified":75,
        "fatigueCurrent":400,
        "fatigueModified":400,
        "magickaCurrent":75,
        "fatigueBase":400
      },
      "inventory":[{
          "refId":"ingred_dreugh_wax_01",
          "count":1,
          "charge":-1,
          "enchantmentCharge":-1,
          "soul":""
        }]
    },
    "478193-0":{
      "refId":"flora_gold_kanet_02",
      "inventory":[{
          "refId":"ingred_gold_kanet_01",
          "count":1,
          "charge":-1,