{
  "packets":{
    "actorList":["0-1155","0-1156","0-1157","0-1158","0-1159"],
    "ai":[],
    "cellChangeFrom":[],
    "cellChangeTo":[],
    "container":["461248-0","461256-0","478350-0","478351-0","478352-0","478353-0","478354-0","478355-0","478356-0","478357-0","478358-0","478363-0","478364-0","478365-0","478366-0","478367-0","478368-0","478369-0","0-1155","0-1156","0-1157","0-1158","0-1159"],
    "death":[],
    "delete":[],
    "doorState":[],
    "equipment":[],
    "lock":[],
    "place":[],
    "position":["0-1155","0-1156","0-1157","0-1158","0-1159"],
    "scale":[],
    "spawn":["0-1155","0-1156","0-1157","0-1158","0-1159"],
    "state":[],
    "statsDynamic":["0-1155","0-1156","0-1157","0-1158","0-1159"],
    "trap":[],
    "spellsActive":[],
    "miscellaneous":[],
    "clientScriptLocal":[]
  },
  "entry":{
    "description":"2, -14",
    "creationTime":1717790544
  },
  "lastVisit":{
    "Benoit":1718727906
  },
  "recordLinks":[],
  "objectData":{
    "0-1155":{
      "refId":"guar_feral",
      "location":{
        "rotY":0,
        "posX":22104.3671875,
        "posY":-111160.7265625,
        "posZ":937.58917236328,
        "rotX":0,
        "rotZ":0
      },
      "stats":{
        "healthBase":38,
        "healthCurrent":38,
        "magickaBase":5,
        "magickaCurrent":5,
        "fatigueBase":400,
        "healthModified":38,
        "magickaModified":5,
        "fatigueModified":400,
        "fatigueCurrent":400
      },
      "inventory":[{
          "refId":"ingred_guar_hide_01",
          "count":2,
          "charge":-1,
          "enchantmentCharge":-1,
          "soul":""
        }]
    },
    "0-1156":{
      "refId":"scrib",
      "location":{
        "rotY":0,
        "posX":22754.412109375,
        "posY":-113708.8125,
        "posZ":-47.976371765137,
        "rotX":0,
        "rotZ":0
      },
      "stats":{
        "healthBase":8,
        "healthCurrent":8,
        "magickaBase":12,
        "magickaCurrent":12,
        "fatigueBase":300,
        "healthModified":8,
        "magickaModified":12,
        "fatigueModified":300,
        "fatigueCurrent":300
      },
      "inventory":[{
          "refId":"ingred_scrib_jelly_01",
          "count":1,
          "charge":-1,
          "enchantmentCharge":-1,
          "soul":""
        }]
    },
    "0-1157":{
      "refId":"scrib",
      "location":{
        "rotY":0,
        "posX":19302.470703125,
        "posY":-110517.734375,
        "posZ":806.19555664063,
        "rotX":0,
        "rotZ":0
      },
      "stats":{
        "healthBase":8,
        "healthCurrent":8,
        "magickaBase":12,
        "magickaCurrent":12,
        "fatigueBase":300,
        "healthModified":8,
        "magickaModified":12,
        "fatigueModified":300,
        "fatigueCurrent":300
      },
      "inventory":[]
    },
    "0-1158":{
      "refId":"scrib",
      "location":{
        "rotY":0,
        "posX":17517.72265625,
        "posY":-107888.75,
        "posZ":201.93472290039,
        "rotX":-0.10032709687948,
        "rotZ":1.5751321315765
      },
      "stats":{
        "healthBase":8,
        "healthCurrent":8,
        "magickaBase":12,
        "magickaCurrent":12,
        "fatigueBase":300,
        "healthModified":8,
        "magickaModified":12,
        "fatigueModified":300,
        "fatigueCurrent":300
      },
      "inventory":[]
    },
    "0-1159":{
      "refId":"slaughterfish_small",
      "location":{
        "rotY":0,
        "posX":16681.884765625,
        "posY":-113753.4609375,
        "posZ":-405.14279174805,
        "rotX":0.00049643870443106,
        "rotZ":-1.4538624286652
      },
      "stats":{
        "healthBase":15,
        "healthCurrent":15,
        "magickaBase":10,
        "magickaCurrent":10,
        "fatigueBase":300,
        "healthModified":15,
        "magickaModified":10,
        "fatigueModified":300,
        "fatigueCurrent":300
      },
      "inventory":[{
          "refId":"ingred_scales_01",
          "count":1,
          "charge":-1,
          "enchantmentCharge":-1,
          "soul":""
        }]
    },
    "461248-0":{
      "refId":"kollop_03_pearl",
      "inventory":[]
    },
    "461256-0":{
      "refId":"kollop_03_pearl",
      "inventory":[{
          "refId":"ingred_pearl_01",
          "count":1,
          "charge":-1,
          "enchantmentCharge":-1,
          "soul":""
        }]
    },
    "478350-0":{
      "refId":"flora_black_anther_02",
      "inventory":[{
          "refId":"ingred_black_anther_01",
          "count":1,
          "charge":-1,
          "enchantmentCharge":-1,
          "soul":""
        }]
    },
    "478351-0":{
      "refId":"flora_black_anther_01",
      "inventory":[{
          "refId":"ingred_black_anther_01",
          "count":2,
          "charge":-1,
          "enchantmentCharge":-1,
          "soul":""
        }]
    },
    "478352-0":{
      "refId":"flora_black_anther_02",
      "inventory":[{
          "refId":"ingred_black_anther_01",
          "count":1,
          "charge":-1,
          "enchantmentCharge":-1,
          "soul":""
        }]
    },
    "478353-0":{
      "refId":"flora_black_anther_01",
      "inventory":[{
          "refId":"ingred_black_anther_01",
          "count":2,
          "charge":-1,
          "enchantmentCharge":-1,
          "soul":""
        }]
    },
    "478354-0":{
      "refId":"flora_willow_flower_01",
      "inventory":[{
          "refId":"ingred_willow_anther_01",
          "count":1,
          "charge":-1,
          "enchantmentCharge":-1,
          "soul":""
        }]
    },
    "478355-0":{
      "refId":"flora_willow_flower_02",
      "inventory":[{
          "refId":"ingred_willow_anther_01",
          "count":1,
          "charge":-1,
          "enchantmentCharge":-1,
          "soul":""
        }]
    },
    "478356-0":{
      "refId":"flora_willow_flower_01",
      "inventory":[{
          "refId":"ingred_willow_anther_01",
          "count":1,
          "charge":-1,
          "enchantmentCharge":-1,
          "soul":""
        }]
    },
    "478357-0":{
      "refId":"flora_willow_flower_02",
      "inventory":[]
    },
    "478358-0":{
      "refId":"flora_corkbulb",
      "inventory":[{
          "refId":"ingred_corkbulb_root_01",
          "count":1,
          "charge":-1,
          "enchantmentCharge":-1,
          "soul":""
        }]
    },
    "478363-0":{
      "refId":"flora_gold_kanet_01",
      "inventory":[]
    },
    "478364-0":{
      "refId":"flora_gold_kanet_02",
      "inventory":[]
    },
    "478365-0":{
      "refId":"flora_gold_kanet_01",
      "inventory":[{
          "refId":"ingred_gold_kanet_01",
          "count":1,
          "charge":-1,
          "enchantmentCharge":-1,
          "soul":""
        }]
    },
    "478366-0":{
      "refId":"flora_gold_kanet_02",
      "inventory":[]
    },
    "478367-0":{
      "refId":"flora_black_anther_01",
      "inventory":[{
          "refId":"ingred_black_anther_01",
          "count":1,
          "charge":-1,
          "enchantmentCharge":-1,
          "soul":""
        }]
    },
    "478368-0":{
      "refId":"flora_black_anther_01",
      "inventory":[{
          "refId":"ingred_black_anther_01",
          "count":2,
          "charge":-1,
          "enchantmentCharge":-1,
          "soul":""
        }]
    },
    "478369-0":{
      "refId":"flora_willow_flower_02",
      "inventory":[{
          "refId":"ingred_willow_anther_01",
          "count":1,
          "charge":-1,
          "enchantmentCharge":-1,
          "soul":""
        }]
    }
  },
  "loadState":{
    "hasFullActorList":true,
    "hasFullContainerData":true
  }
}