{
  "packets":{
    "actorList":["0-1690","0-1691","0-1692","0-1689"],
    "ai":[],
    "cellChangeFrom":[],
    "cellChangeTo":[],
    "container":["434095-0","434099-0","434100-0","434101-0","434108-0","434110-0","434113-0","434117-0","0-1690","0-1691","0-1692","0-1689"],
    "death":[],
    "delete":[],
    "doorState":[],
    "equipment":[],
    "lock":[],
    "place":[],
    "position":["0-1689","0-1690","0-1691","0-1692"],
    "scale":[],
    "spawn":["0-1690","0-1691","0-1692","0-1689"],
    "state":[],
    "statsDynamic":["0-1689","0-1690","0-1691","0-1692"],
    "trap":[],
    "miscellaneous":[],
    "clientScriptLocal":[],
    "spellsActive":[]
  },
  "entry":{
    "description":"2, 19",
    "creationTime":1723749099
  },
  "lastVisit":{
    "Benoit":1723749918,
    "Fidgug":1723749916
  },
  "recordLinks":[],
  "objectData":{
    "0-1690":{
      "refId":"netch_bull",
      "location":{
        "posY":162658,
        "posZ":192.46846008301,
        "rotX":0.017623860388994,
        "rotZ":-0.32260727882385,
        "rotY":0,
        "posX":22646.732421875
      },
      "stats":{
        "healthBase":45,
        "healthCurrent":45,
        "magickaBase":100,
        "magickaModified":100,
        "fatigueBase":400,
        "fatigueCurrent":400,
        "fatigueModified":400,
        "magickaCurrent":100,
        "healthModified":45
      },
      "inventory":[{
          "refId":"ingred_netch_leather_01",
          "count":2,
          "charge":-1,
          "enchantmentCharge":-1,
          "soul":""
        }]
    },
    "0-1691":{
      "refId":"shalk",
      "location":{
        "posY":161836.328125,
        "posZ":143.4577331543,
        "rotX":0.18370242416859,
        "rotZ":-0.68743109703064,
        "rotY":0,
        "posX":21611.181640625
      },
      "stats":{
        "healthBase":38,
        "healthCurrent":38,
        "magickaBase":30,
        "magickaModified":30,
        "fatigueBase":400,
        "fatigueCurrent":400,
        "fatigueModified":400,
        "magickaCurrent":30,
        "healthModified":38
      },
      "inventory":[{
          "refId":"ingred_shalk_resin_01",
          "count":2,
          "charge":-1,
          "enchantmentCharge":-1,
          "soul":""
        }]
    },
    "0-1692":{
      "refId":"cliff racer",
      "location":{
        "posY":155844.140625,
        "posZ":2574.2521972656,
        "rotX":0,
        "rotZ":-2.4678213596344,
        "rotY":0,
        "posX":22155.33203125
      },
      "stats":{
        "healthBase":45,
        "healthCurrent":45,
        "magickaBase":20,
        "magickaModified":20,
        "fatigueBase":400,
        "fatigueCurrent":400,
        "fatigueModified":400,
        "magickaCurrent":20,
        "healthModified":45
      },
      "inventory":[{
          "refId":"ingred_racer_plumes_01",
          "count":1,
          "charge":-1,
          "enchantmentCharge":-1,
          "soul":""
        }]
    },
    "0-1689":{
      "refId":"scrib",
      "location":{
        "posY":156539.234375,
        "posZ":1116.4664306641,
        "rotX":0,
        "rotZ":1.7000000476837,
        "rotY":0,
        "posX":20476.4609375
      },
      "stats":{
        "healthBase":8,
        "healthCurrent":8,
        "magickaBase":12,
        "magickaModified":12,
        "fatigueBase":300,
        "fatigueCurrent":300,
        "fatigueModified":300,
        "magickaCurrent":12,
        "healthModified":8
      },
      "inventory":[{
          "refId":"ingred_scrib_jelly_01",
          "count":1,
          "charge":-1,
          "enchantmentCharge":-1,
          "soul":""
        }]
    },
    "434095-0":{
      "refId":"kollop_01_pearl",
      "inventory":[{
          "refId":"ingred_pearl_01",
          "count":1,
          "charge":-1,
          "enchantmentCharge":-1,
          "soul":""
        }]
    },
    "434099-0":{
      "refId":"kollop_03_pearl",
      "inventory":[{
          "refId":"ingred_pearl_01",
          "count":1,
          "charge":-1,
          "enchantmentCharge":-1,
          "soul":""
        }]
    },
    "434100-0":{
      "refId":"kollop_02_pearl",
      "inventory":[]
    },
    "434101-0":{
      "refId":"kollop_02_pearl",
      "inventory":[]
    },
    "434108-0":{
      "refId":"kollop_01_pearl",
      "inventory":[{
          "refId":"ingred_pearl_01",
          "count":1,
          "charge":-1,
          "enchantmentCharge":-1,
          "soul":""
        }]
    },
    "434110-0":{
      "refId":"kollop_03_pearl",
      "inventory":[{
          "refId":"ingred_pearl_01",
          "count":1,
          "charge":-1,
          "enchantmentCharge":-1,
          "soul":""
        }]
    },
    "434113-0":{
      "refId":"kollop_02_pearl",
      "inventory":[{
          "refId":"ingred_pearl_01",
          "count":1,
          "charge":-1,
          "enchantmentCharge":-1,
          "soul":""
        }]
    },
    "434117-0":{
      "refId":"kollop_03_pearl",
      "inventory":[{
          "refId":"ingred_pearl_01",
          "count":1,
          "charge":-1,
          "enchantmentCharge":-1,
          "soul":""
        }]
    }
  },
  "loadState":{
    "hasFullActorList":true,
    "hasFullContainerData":true
  }
}