{
  "packets":{
    "actorList":["0-283","0-284","0-285","0-286","0-287","0-288","127492-0","127493-0","0-270"],
    "ai":[],
    "cellChangeFrom":[],
    "cellChangeTo":[],
    "container":["175265-0","175272-0","175309-0","175345-0","275016-0","127492-0","127493-0","0-283","0-284","0-285","0-286","0-287","0-288","0-270"],
    "death":[],
    "delete":[],
    "doorState":[],
    "equipment":[],
    "lock":[],
    "place":[],
    "position":["127492-0","127493-0","0-283","0-284","0-285","0-286","0-287","0-288","0-270"],
    "scale":[],
    "spawn":["0-283","0-284","0-285","0-286","0-287","0-288","0-270"],
    "state":[],
    "statsDynamic":["127492-0","127493-0","0-283","0-284","0-285","0-286","0-287","0-288","0-270"],
    "trap":[],
    "miscellaneous":[],
    "clientScriptLocal":[],
    "spellsActive":[]
  },
  "entry":{
    "description":"3, -3",
    "creationTime":1715358094
  },
  "lastVisit":{
    "Fidgug":1715366563,
    "Benoit":1715366567
  },
  "recordLinks":[],
  "objectData":{
    "275016-0":{
      "refId":"contain_trama_shrub_06",
      "inventory":[{
          "refId":"ingred_trama_root_01",
          "count":3,
          "charge":-1,
          "enchantmentCharge":-1,
          "soul":""
        }]
    },
    "0-270":{
      "refId":"kwama forager",
      "location":{
        "posX":24576.021484375,
        "posY":-18271.95703125,
        "posZ":793.86181640625,
        "rotX":-0.13920056819916,
        "rotZ":-3.1261074542999,
        "rotY":0
      },
      "stats":{
        "magickaCurrent":15,
        "fatigueBase":300,
        "fatigueCurrent":300,
        "fatigueModified":300,
        "healthModified":23,
        "magickaModified":15,
        "healthBase":23,
        "healthCurrent":23,
        "magickaBase":15
      },
      "inventory":[]
    },
    "0-283":{
      "refId":"rat",
      "location":{
        "posX":30496.296875,
        "posY":-21553.4921875,
        "posZ":1835.1538085938,
        "rotX":-0.13331131637096,
        "rotZ":2.1705696582794,
        "rotY":0
      },
      "stats":{
        "magickaCurrent":10,
        "fatigueBase":300,
        "fatigueCurrent":300,
        "fatigueModified":300,
        "healthModified":23,
        "magickaModified":10,
        "healthBase":23,
        "healthCurrent":23,
        "magickaBase":10
      },
      "inventory":[{
          "refId":"ingred_rat_meat_01",
          "count":1,
          "charge":-1,
          "enchantmentCharge":-1,
          "soul":""
        }]
    },
    "0-284":{
      "refId":"scrib",
      "location":{
        "posX":29983.43359375,
        "posY":-23530.2890625,
        "posZ":2262.9736328125,
        "rotX":0.40858009457588,
        "rotZ":0.98486876487732,
        "rotY":0
      },
      "stats":{
        "magickaCurrent":12,
        "fatigueBase":300,
        "fatigueCurrent":300,
        "fatigueModified":300,
        "healthModified":8,
        "magickaModified":12,
        "healthBase":8,
        "healthCurrent":8,
        "magickaBase":12
      },
      "inventory":[{
          "refId":"ingred_scrib_jelly_01",
          "count":1,
          "charge":-1,
          "enchantmentCharge":-1,
          "soul":""
        }]
    },
    "0-285":{
      "refId":"scamp",
      "location":{
        "posX":26096.591796875,
        "posY":-19939.654296875,
        "posZ":965.12872314453,
        "rotX":0.39228373765945,
        "rotZ":0.8260805606842,
        "rotY":0
      },
      "stats":{
        "magickaCurrent":100,
        "fatigueBase":400,
        "fatigueCurrent":400,
        "fatigueModified":400,
        "healthModified":45,
        "magickaModified":100,
        "healthBase":45,
        "healthCurrent":45,
        "magickaBase":100
      },
      "inventory":[{
          "refId":"ingred_scamp_skin_01",
          "count":1,
          "charge":-1,
          "enchantmentCharge":-1,
          "soul":""
        }]
    },
    "0-286":{
      "refId":"scamp",
      "location":{
        "posX":26524.724609375,
        "posY":-23939.240234375,
        "posZ":2401.3122558594,
        "rotX":-0.1241413205862,
        "rotZ":2.3227531909943,
        "rotY":0
      },
      "stats":{
        "magickaCurrent":100,
        "fatigueBase":400,
        "fatigueCurrent":400,
        "fatigueModified":400,
        "healthModified":45,
        "magickaModified":100,
        "healthBase":45,
        "healthCurrent":45,
        "magickaBase":100
      },
      "inventory":[{
          "refId":"ingred_scamp_skin_01",
          "count":1,
          "charge":-1,
          "enchantmentCharge":-1,
          "soul":""
        }]
    },
    "0-287":{
      "refId":"scamp",
      "location":{
        "posX":27446.716796875,
        "posY":-21718.607421875,
        "posZ":1913.5130615234,
        "rotX":0.13620547950268,
        "rotZ":-0.92491698265076,
        "rotY":0
      },
      "stats":{
        "magickaCurrent":100,
        "fatigueBase":400,
        "fatigueCurrent":400,
        "fatigueModified":400,
        "healthModified":45,
        "magickaModified":100,
        "healthBase":45,
        "healthCurrent":45,
        "magickaBase":100
      },
      "inventory":[]
    },
    "0-288":{
      "refId":"nix-hound",
      "location":{
        "posX":25974.935546875,
        "posY":-19682.95703125,
        "posZ":877.60211181641,
        "rotX":0.098396174609661,
        "rotZ":1.7454574108124,
        "rotY":0
      },
      "stats":{
        "magickaCurrent":10,
        "fatigueBase":400,
        "fatigueCurrent":400,
        "fatigueModified":400,
        "healthModified":23,
        "magickaModified":10,
        "healthBase":23,
        "healthCurrent":23,
        "magickaBase":10
      },
      "inventory":[{
          "refId":"ingred_hound_meat_01",
          "count":1,
          "charge":-1,
          "enchantmentCharge":-1,
          "soul":""
        }]
    },
    "127492-0":{
      "refId":"scamp",
      "location":{
        "posX":28368.5546875,
        "posY":-16810.4765625,
        "posZ":977,
        "rotX":-0.15340855717659,
        "rotZ":2.4349081516266,
        "rotY":0
      },
      "stats":{
        "magickaCurrent":100,
        "fatigueBase":400,
        "fatigueCurrent":400,
        "fatigueModified":400,
        "healthModified":45,
        "magickaModified":100,
        "healthBase":45,
        "healthCurrent":45,
        "magickaBase":100
      },
      "inventory":[{
          "refId":"ingred_scamp_skin_01",
          "count":1,
          "charge":-1,
          "enchantmentCharge":-1,
          "soul":""
        }]
    },
    "127493-0":{
      "refId":"scamp",
      "location":{
        "posX":27941.38671875,
        "posY":-17886.73828125,
        "posZ":1226.1599121094,
        "rotX":-0.16805832087994,
        "rotZ":2.2880299091339,
        "rotY":0
      },
      "stats":{
        "magickaCurrent":100,
        "fatigueBase":400,
        "fatigueCurrent":400,
        "fatigueModified":400,
        "healthModified":45,
        "magickaModified":100,
        "healthBase":45,
        "healthCurrent":45,
        "magickaBase":100
      },
      "inventory":[]
    },
    "175265-0":{
      "refId":"contain_trama_shrub_01",
      "inventory":[{
          "refId":"ingred_trama_root_01",
          "count":2,
          "charge":-1,
          "enchantmentCharge":-1,
          "soul":""
        }]
    },
    "175272-0":{
      "refId":"contain_trama_shrub_06",
      "inventory":[{
          "refId":"ingred_trama_root_01",
          "count":3,
          "charge":-1,
          "enchantmentCharge":-1,
          "soul":""
        }]
    },
    "175309-0":{
      "refId":"contain_trama_shrub_06",
      "inventory":[{
          "refId":"ingred_trama_root_01",
          "count":2,
          "charge":-1,
          "enchantmentCharge":-1,
          "soul":""
        }]
    },
    "175345-0":{
      "refId":"tramaroot_01",
      "inventory":[{
          "refId":"ingred_trama_root_01",
          "count":2,
          "charge":-1,