{
  "packets":{
    "actorList":["193647-0","184000-0","0-356"],
    "ai":[],
    "cellChangeFrom":[],
    "cellChangeTo":[],
    "container":["184002-0","184003-0","184005-0","184009-0","184012-0","184014-0","184015-0","184016-0","184025-0","184026-0","184027-0","184028-0","184033-0","193652-0","193656-0","193660-0","193661-0","193663-0","193664-0","193666-0","193667-0","193669-0","193670-0","193672-0","193673-0","193675-0","193678-0","193679-0","193680-0","318625-0","318626-0","318633-0","318634-0","318639-0","318641-0","318644-0","318646-0","318653-0","318654-0","318655-0","318656-0","318657-0","318640-0","476908-0","184000-0","193647-0","0-356"],
    "death":[],
    "delete":[],
    "doorState":[],
    "equipment":["193647-0","184000-0"],
    "lock":[],
    "place":[],
    "position":["184000-0","193647-0","0-356"],
    "scale":[],
    "spawn":["0-356"],
    "state":[],
    "statsDynamic":["184000-0","193647-0","0-356"],
    "trap":[],
    "miscellaneous":[],
    "clientScriptLocal":[],
    "spellsActive":[]
  },
  "entry":{
    "description":"3, -6",
    "creationTime":1715365561
  },
  "lastVisit":{
    "Benoit":1715366440,
    "Fidgug":1715366243
  },
  "recordLinks":[],
  "objectData":{
    "184028-0":{
      "refId":"flora_marshmerrow_02",
      "inventory":[{
          "refId":"ingred_marshmerrow_01",
          "count":1,
          "charge":-1,
          "enchantmentCharge":-1,
          "soul":""
        }]
    },
    "0-356":{
      "refId":"slaughterfish",
      "location":{
        "posX":32572.984375,
        "posY":-43843.44921875,
        "posZ":-171.66609191895,
        "rotX":-5.1539391279221e-06,
        "rotZ":1.1122515201569,
        "rotY":0
      },
      "stats":{
        "magickaCurrent":10,
        "fatigueBase":400,
        "fatigueCurrent":400,
        "healthBase":23,
        "healthModified":23,
        "magickaModified":10,
        "fatigueModified":400,
        "healthCurrent":23,
        "magickaBase":10
      },
      "inventory":[{
          "refId":"ingred_scales_01",
          "count":2,
          "charge":-1,
          "enchantmentCharge":-1,
          "soul":""
        }]
    },
    "184002-0":{
      "refId":"flora_marshmerrow_02",
      "inventory":[{
          "refId":"ingred_marshmerrow_01",
          "count":1,
          "charge":-1,
          "enchantmentCharge":-1,
          "soul":""
        }]
    },
    "184003-0":{
      "refId":"flora_marshmerrow_03",
      "inventory":[{
          "refId":"ingred_marshmerrow_01",
          "count":1,
          "charge":-1,
          "enchantmentCharge":-1,
          "soul":""
        }]
    },
    "184005-0":{
      "refId":"flora_marshmerrow_01",
      "inventory":[{
          "refId":"ingred_marshmerrow_01",
          "count":1,
          "charge":-1,
          "enchantmentCharge":-1,
          "soul":""
        }]
    },
    "184009-0":{
      "refId":"flora_marshmerrow_02",
      "inventory":[{
          "refId":"ingred_marshmerrow_01",
          "count":1,
          "charge":-1,
          "enchantmentCharge":-1,
          "soul":""
        }]
    },
    "184012-0":{
      "refId":"flora_marshmerrow_02",
      "inventory":[{
          "refId":"ingred_marshmerrow_01",
          "count":1,
          "charge":-1,
          "enchantmentCharge":-1,
          "soul":""
        }]
    },
    "184014-0":{
      "refId":"flora_marshmerrow_03",
      "inventory":[{
          "refId":"ingred_marshmerrow_01",
          "count":1,
          "charge":-1,
          "enchantmentCharge":-1,
          "soul":""
        }]
    },
    "184015-0":{
      "refId":"flora_marshmerrow_01",
      "inventory":[{
          "refId":"ingred_marshmerrow_01",
          "count":1,
          "charge":-1,
          "enchantmentCharge":-1,
          "soul":""
        }]
    },
    "184016-0":{
      "refId":"flora_marshmerrow_02",
      "inventory":[{
          "refId":"ingred_marshmerrow_01",
          "count":1,
          "charge":-1,
          "enchantmentCharge":-1,
          "soul":""
        }]
    },
    "184025-0":{
      "refId":"flora_marshmerrow_01",
      "inventory":[{
          "refId":"ingred_marshmerrow_01",
          "count":1,
          "charge":-1,
          "enchantmentCharge":-1,
          "soul":""
        }]
    },
    "184026-0":{
      "refId":"flora_marshmerrow_03",
      "inventory":[{
          "refId":"ingred_marshmerrow_01",
          "count":1,
          "charge":-1,
          "enchantmentCharge":-1,
          "soul":""
        }]
    },
    "184027-0":{
      "refId":"flora_marshmerrow_01",
      "inventory":[]
    },
    "193673-0":{
      "refId":"flora_saltrice_02",
      "inventory":[{
          "refId":"ingred_saltrice_01",
          "count":1,
          "charge":-1,
          "enchantmentCharge":-1,
          "soul":""
        }]
    },
    "193672-0":{
      "refId":"flora_saltrice_01",
      "inventory":[{
          "refId":"ingred_saltrice_01",
          "count":1,
          "charge":-1,
          "enchantmentCharge":-1,
          "soul":""
        }]
    },
    "193675-0":{
      "refId":"flora_saltrice_01",
      "inventory":[{
          "refId":"ingred_saltrice_01",
          "count":1,
          "charge":-1,
          "enchantmentCharge":-1,
          "soul":""
        }]
    },
    "193678-0":{
      "refId":"flora_saltrice_01",
      "inventory":[{
          "refId":"ingred_saltrice_01",
          "count":1,
          "charge":-1,
          "enchantmentCharge":-1,
          "soul":""
        }]
    },
    "193679-0":{
      "refId":"flora_saltrice_01",
      "inventory":[{
          "refId":"ingred_saltrice_01",
          "count":1,
          "charge":-1,
          "enchantmentCharge":-1,
          "soul":""
        }]
    },
    "193680-0":{
      "refId":"flora_saltrice_02",
      "inventory":[{
          "refId":"ingred_saltrice_01",
          "count":1,
          "charge":-1,
          "enchantmentCharge":-1,
          "soul":""
        }]
    },
    "318625-0":{
      "refId":"flora_heather_01",
      "inventory":[{
          "refId":"ingred_heather_01",
          "count":1,
          "charge":-1,
          "enchantmentCharge":-1,
          "soul":""
        }]
    },
    "318626-0":{
      "refId":"flora_heather_01",
      "inventory":[{
          "refId":"ingred_heather_01",
          "count":2,
          "charge":-1,
          "enchantmentCharge":-1,
          "soul":""
        }]
    },
    "318633-0":{
      "refId":"barrel_01_cheapfood20",
      "inventory":[{
          "refId":"ingred_saltrice_01",
          "count":20,
          "charge":-1,
          "enchantmentCharge":-1,
          "soul":""
        }]
    },
    "318634-0":{
      "refId":"barrel_01_cheapfood20",
      "inventory":[{
          "refId":"ingred_hackle-lo_leaf_01",
          "count":20,
          "charge":-1,
          "enchantmentCharge":-1,
          "soul":""
        }]
    },
    "318639-0":{
      "refId":"urn_04_food",
      "inventory":[{
          "refId":"ingred_hound_meat_01",
          "count":4,
          "charge":-1,
          "enchantmentCharge":-1,
          "soul":""
        }]
    },
    "318641-0":{
      "refId":"urn_02_food",
      "inventory":[{
          "refId":"ingred_saltrice_01",
          "count":4,
          "charge":-1,
          "enchantmentCharge":-1,
          "soul":""
        }]
    },
    "318644-0":{
      "refId":"flora_heather_01",
      "inventory":[]
    },
    "318646-0":{
      "refId":"flora_heather_01",
      "inventory":[{
          "refId":"ingred_heather_01",
          "count":1,
          "charge":-1,
          "enchantmentCharge":-1,
          "soul":""
        }]
    },
    "318653-0":{
      "refId":"flora_comberry_01",
      "inventory":[{
          "refId":"ingred_comberry_01",
          "count":1,
          "charge":-1,
          "enchantmentCharge":-1,
          "soul":""
        }]
    },
    "318654-0":{
      "refId":"flora_comberry_01",
      "inventory":[{
          "refId":"ingred_comberry_01",