{
  "packets":{
    "actorList":["0-1069","0-1070","193704-0","399159-0","363340-0","193702-0","193703-0","476733-0"],
    "ai":[],
    "cellChangeFrom":[],
    "cellChangeTo":[],
    "container":["318800-0","318801-0","318802-0","318803-0","318804-0","318805-0","318806-0","318807-0","318808-0","460737-0","478107-0","478111-0","478112-0","478114-0","478118-0","478122-0","193704-0","363340-0","399159-0","193702-0","193703-0","476733-0","0-1069","0-1070"],
    "death":[],
    "delete":[],
    "doorState":[],
    "equipment":["193704-0","363340-0"],
    "lock":[],
    "place":[],
    "position":["193702-0","193703-0","193704-0","363340-0","476733-0","0-1069","0-1070"],
    "scale":[],
    "spawn":["0-1069","0-1070"],
    "state":["399159-0"],
    "statsDynamic":["193702-0","193703-0","193704-0","363340-0","476733-0","0-1069","0-1070"],
    "trap":[],
    "spellsActive":[],
    "miscellaneous":[],
    "clientScriptLocal":[]
  },
  "entry":{
    "creationTime":1713904668,
    "description":"3, -9"
  },
  "lastVisit":{
    "Benoit":1717785965,
    "Fidgug":1717785966
  },
  "recordLinks":[],
  "objectData":{
    "0-1069":{
      "refId":"kagouti",
      "location":{
        "posX":30128.88671875,
        "posY":-66673.5390625,
        "posZ":658.69000244141,
        "rotX":0,
        "rotZ":0,
        "rotY":0
      },
      "stats":{
        "healthBase":45,
        "healthCurrent":45,
        "magickaBase":10,
        "healthModified":45,
        "magickaModified":10,
        "fatigueCurrent":400,
        "fatigueModified":400,
        "magickaCurrent":10,
        "fatigueBase":400
      },
      "inventory":[{
          "refId":"ingred_kagouti_hide_01",
          "count":1,
          "charge":-1,
          "enchantmentCharge":-1,
          "soul":""
        }]
    },
    "0-1070":{
      "refId":"guar_feral",
      "location":{
        "posX":29911.60546875,
        "posY":-66431.34375,
        "posZ":709.03698730469,
        "rotX":0,
        "rotZ":0,
        "rotY":0
      },
      "stats":{
        "healthBase":38,
        "healthCurrent":38,
        "magickaBase":5,
        "healthModified":38,
        "magickaModified":5,
        "fatigueCurrent":400,
        "fatigueModified":400,
        "magickaCurrent":5,
        "fatigueBase":400
      },
      "inventory":[{
          "refId":"ingred_guar_hide_01",
          "count":3,
          "charge":-1,
          "enchantmentCharge":-1,
          "soul":""
        }]
    },
    "193704-0":{
      "refId":"fevasa saryon",
      "location":{
        "posX":27556.396484375,
        "posY":-65846.6640625,
        "posZ":729.82464599609,
        "rotX":0,
        "rotZ":0.20000000298023,
        "rotY":0
      },
      "stats":{
        "healthBase":60,
        "healthCurrent":60,
        "magickaBase":84,
        "healthModified":60,
        "magickaModified":84,
        "fatigueCurrent":184,
        "fatigueModified":184,
        "magickaCurrent":84,
        "fatigueBase":184
      },
      "equipment":[{
          "refId":"netch_leather_boiled_cuirass",
          "count":1,
          "charge":-1,
          "enchantmentCharge":-1
        },{
          "refId":"netch_leather_greaves",
          "count":1,
          "charge":-1,
          "enchantmentCharge":-1
        },{
          "refId":"netch_leather_pauldron_left",
          "count":1,
          "charge":-1,
          "enchantmentCharge":-1
        },{
          "refId":"netch_leather_pauldron_right",
          "count":1,
          "charge":-1,
          "enchantmentCharge":-1
        },{
          "refId":"netch_leather_gauntlet_left",
          "count":1,
          "charge":-1,
          "enchantmentCharge":-1
        },null,{
          "refId":"netch_leather_boots",
          "count":1,
          "charge":-1,
          "enchantmentCharge":-1
        },null,{
          "refId":"common_pants_03",
          "count":1,
          "charge":-1,
          "enchantmentCharge":-1
        },null,null,null,null,null,null,{
          "refId":"iron long spear",
          "count":1,
          "charge":-1,
          "enchantmentCharge":-1
        }],
      "inventory":[{
          "refId":"netch_leather_gauntlet_left",
          "count":1,
          "charge":-1,
          "enchantmentCharge":-1,
          "soul":""
        },{
          "refId":"netch_leather_boots",
          "count":1,
          "charge":-1,
          "enchantmentCharge":-1,
          "soul":""
        },{
          "refId":"netch_leather_greaves",
          "count":1,
          "charge":-1,
          "enchantmentCharge":-1,
          "soul":""
        },{
          "refId":"netch_leather_pauldron_right",
          "count":1,
          "charge":-1,
          "enchantmentCharge":-1,
          "soul":""
        },{
          "refId":"netch_leather_pauldron_left",
          "count":1,
          "charge":-1,
          "enchantmentCharge":-1,
          "soul":""
        },{
          "refId":"netch_leather_boiled_cuirass",
          "count":1,
          "charge":-1,
          "enchantmentCharge":-1,
          "soul":""
        },{
          "refId":"common_pants_03",
          "count":1,
          "charge":-1,
          "enchantmentCharge":-1,
          "soul":""
        },{
          "refId":"iron long spear",
          "count":1,
          "charge":-1,
          "enchantmentCharge":-1,
          "soul":""
        }]
    },
    "399159-0":{
      "refId":"tarvyn faren",
      "inventory":[{
          "refId":"extravagant_shirt_01_h",
          "count":1,
          "charge":-1,
          "enchantmentCharge":-1,
          "soul":""
        },{
          "refId":"extravagant_shoes_01",
          "count":1,
          "charge":-1,
          "enchantmentCharge":-1,
          "soul":""
        },{
          "refId":"extravagant_pants_01",
          "count":1,
          "charge":-1,
          "enchantmentCharge":-1,
          "soul":""
        },{
          "refId":"misc_com_plate_01",
          "count":1,
          "charge":-1,
          "enchantmentCharge":-1,
          "soul":""
        },{
          "refId":"misc_com_plate_02",
          "count":2,
          "charge":-1,
          "enchantmentCharge":-1,
          "soul":""
        },{
          "refId":"misc_com_plate_03",
          "count":2,
          "charge":-1,
          "enchantmentCharge":-1,
          "soul":""
        },{
          "refId":"misc_com_plate_04",
          "count":1,
          "charge":-1,
          "enchantmentCharge":-1,
          "soul":""
        },{
          "refId":"misc_com_plate_05",
          "count":2,
          "charge":-1,
          "enchantmentCharge":-1,
          "soul":""
        },{
          "refId":"misc_com_plate_06",
          "count":1,
          "charge":-1,
          "enchantmentCharge":-1,
          "soul":""
        },{
          "refId":"misc_com_plate_07",
          "count":1,
          "charge":-1,
          "enchantmentCharge":-1,
          "soul":""
        },{
          "refId":"misc_com_plate_08",
          "count":2,
          "charge":-1,
          "enchantmentCharge":-1,
          "soul":""
        }],
      "state":false
    },
    "363340-0":{
      "refId":"adondasi sadalvel",
      "location":{
        "posX":32318.943359375,
        "posY":-72129.859375,
        "posZ":913.12628173828,
        "rotX":0,
        "rotZ":4.7123889923096,
        "rotY":0
      },
      "stats":{
        "healthBase":67,
        "healthCurrent":67,
        "magickaBase":110,
        "healthModified":67,
        "magickaModified":110,
        "fatigueCurrent":177,
        "fatigueModified":177,
        "magickaCurrent":110,
        "fatigueBase":177
      },
      "equipment":{
        "7":{
          "refId":"common_shoes_01",
          "count":1,
          "charge":-1,
          "enchantmentCharge":-1
        },
        "8":{
          "refId":"common_shirt_01",
          "count":1,
          "charge":-1,
          "enchantmentCharge":-1
        },
        "15":{
          "refId":"common_belt_01",