{
  "packets":{
    "actorList":["0-1680","0-1682","0-1679","0-1681"],
    "ai":[],
    "cellChangeFrom":[],
    "cellChangeTo":[],
    "container":["433240-0","433255-0","433262-0","433264-0","433278-0","433281-0","433282-0","433312-0","433313-0","433314-0","433322-0","433325-0","433326-0","433331-0","433333-0","433352-0","433362-0","433369-0","433370-0","433374-0","0-1680","0-1682","0-1679","0-1681"],
    "death":[],
    "delete":[],
    "doorState":[],
    "equipment":[],
    "lock":[],
    "place":[],
    "position":["0-1679","0-1680","0-1682","0-1681"],
    "scale":[],
    "spawn":["0-1680","0-1682","0-1679","0-1681"],
    "state":[],
    "statsDynamic":["0-1679","0-1680","0-1682","0-1681"],
    "trap":[],
    "miscellaneous":[],
    "clientScriptLocal":[],
    "spellsActive":[]
  },
  "entry":{
    "description":"3, 19",
    "creationTime":1723749035
  },
  "lastVisit":{
    "Benoit":1723749918,
    "Fidgug":1723749916
  },
  "recordLinks":[],
  "objectData":{
    "0-1680":{
      "refId":"slaughterfish",
      "location":{
        "posY":155843.3125,
        "posZ":-215.00573730469,
        "rotX":0,
        "rotZ":-2.9001533985138,
        "rotY":0,
        "posX":28776.90234375
      },
      "stats":{
        "healthBase":23,
        "healthCurrent":23,
        "magickaBase":10,
        "magickaModified":10,
        "fatigueBase":400,
        "fatigueCurrent":400,
        "fatigueModified":400,
        "magickaCurrent":10,
        "healthModified":23
      },
      "inventory":[{
          "refId":"ingred_scales_01",
          "count":2,
          "charge":-1,
          "enchantmentCharge":-1,
          "soul":""
        }]
    },
    "0-1682":{
      "refId":"slaughterfish",
      "location":{
        "posY":162254.09375,
        "posZ":-37.345260620117,
        "rotX":-1.5230948925018,
        "rotZ":1.5193378925323,
        "rotY":0,
        "posX":28213.947265625
      },
      "stats":{
        "healthBase":23,
        "healthCurrent":23,
        "magickaBase":10,
        "magickaModified":10,
        "fatigueBase":400,
        "fatigueCurrent":400,
        "fatigueModified":400,
        "magickaCurrent":10,
        "healthModified":23
      },
      "inventory":[{
          "refId":"ingred_scales_01",
          "count":2,
          "charge":-1,
          "enchantmentCharge":-1,
          "soul":""
        }]
    },
    "0-1679":{
      "refId":"slaughterfish_small",
      "location":{
        "posY":161257.40625,
        "posZ":-211.72761535645,
        "rotX":0.00057515408843756,
        "rotZ":3.0064079761505,
        "rotY":0,
        "posX":28506.927734375
      },
      "stats":{
        "healthBase":15,
        "healthCurrent":15,
        "magickaBase":10,
        "magickaModified":10,
        "fatigueBase":300,
        "fatigueCurrent":300,
        "fatigueModified":300,
        "magickaCurrent":10,
        "healthModified":15
      },
      "inventory":[{
          "refId":"ingred_scales_01",
          "count":1,
          "charge":-1,
          "enchantmentCharge":-1,
          "soul":""
        }]
    },
    "0-1681":{
      "refId":"slaughterfish",
      "location":{
        "posY":163022.46875,
        "posZ":-504.95330810547,
        "rotX":0,
        "rotZ":1.8720543384552,
        "rotY":0,
        "posX":25357.037109375
      },
      "stats":{
        "healthBase":23,
        "healthCurrent":23,
        "magickaBase":10,
        "magickaModified":10,
        "fatigueBase":400,
        "fatigueCurrent":400,
        "fatigueModified":400,
        "magickaCurrent":10,
        "healthModified":23
      },
      "inventory":[]
    },
    "433240-0":{
      "refId":"kollop_03_pearl",
      "inventory":[{
          "refId":"ingred_pearl_01",
          "count":1,
          "charge":-1,
          "enchantmentCharge":-1,
          "soul":""
        }]
    },
    "433255-0":{
      "refId":"kollop_03_pearl",
      "inventory":[]
    },
    "433262-0":{
      "refId":"kollop_02_pearl",
      "inventory":[{
          "refId":"ingred_pearl_01",
          "count":1,
          "charge":-1,
          "enchantmentCharge":-1,
          "soul":""
        }]
    },
    "433264-0":{
      "refId":"kollop_01_pearl",
      "inventory":[]
    },
    "433278-0":{
      "refId":"kollop_03_pearl",
      "inventory":[{
          "refId":"ingred_pearl_01",
          "count":1,
          "charge":-1,
          "enchantmentCharge":-1,
          "soul":""
        }]
    },
    "433281-0":{
      "refId":"kollop_01_pearl",
      "inventory":[{
          "refId":"ingred_pearl_01",
          "count":1,
          "charge":-1,
          "enchantmentCharge":-1,
          "soul":""
        }]
    },
    "433282-0":{
      "refId":"kollop_02_pearl",
      "inventory":[{
          "refId":"ingred_pearl_01",
          "count":1,
          "charge":-1,
          "enchantmentCharge":-1,
          "soul":""
        }]
    },
    "433312-0":{
      "refId":"kollop_01_pearl",
      "inventory":[{
          "refId":"ingred_pearl_01",
          "count":1,
          "charge":-1,
          "enchantmentCharge":-1,
          "soul":""
        }]
    },
    "433313-0":{
      "refId":"kollop_02_pearl",
      "inventory":[{
          "refId":"ingred_pearl_01",
          "count":1,
          "charge":-1,
          "enchantmentCharge":-1,
          "soul":""
        }]
    },
    "433314-0":{
      "refId":"kollop_03_pearl",
      "inventory":[{
          "refId":"ingred_pearl_01",
          "count":1,
          "charge":-1,
          "enchantmentCharge":-1,
          "soul":""
        }]
    },
    "433322-0":{
      "refId":"kollop_03_pearl",
      "inventory":[]
    },
    "433325-0":{
      "refId":"kollop_01_pearl",
      "inventory":[]
    },
    "433326-0":{
      "refId":"kollop_02_pearl",
      "inventory":[{
          "refId":"ingred_pearl_01",
          "count":1,
          "charge":-1,
          "enchantmentCharge":-1,
          "soul":""
        }]
    },
    "433331-0":{
      "refId":"kollop_03_pearl",
      "inventory":[{
          "refId":"ingred_pearl_01",
          "count":1,
          "charge":-1,
          "enchantmentCharge":-1,
          "soul":""
        }]
    },
    "433333-0":{
      "refId":"kollop_02_pearl",
      "inventory":[{
          "refId":"ingred_pearl_01",
          "count":1,
          "charge":-1,
          "enchantmentCharge":-1,
          "soul":""
        }]
    },
    "433352-0":{
      "refId":"kollop_03_pearl",
      "inventory":[{
          "refId":"ingred_pearl_01",
          "count":1,
          "charge":-1,
          "enchantmentCharge":-1,
          "soul":""
        }]
    },
    "433362-0":{
      "refId":"kollop_03_pearl",
      "inventory":[]
    },
    "433369-0":{
      "refId":"kollop_02_pearl",
      "inventory":[{
          "refId":"ingred_pearl_01",
          "count":1,
          "charge":-1,
          "enchantmentCharge":-1,
          "soul":""
        }]
    },
    "433370-0":{
      "refId":"kollop_02_pearl",
      "inventory":[{
          "refId":"ingred_pearl_01",
          "count":1,
          "charge":-1,
          "enchantmentCharge":-1,
          "soul":""
        }]
    },
    "433374-0":{
      "refId":"kollop_02_pearl",
      "inventory":[]
    }
  },
  "loadState":{
    "hasFullActorList":true,
    "hasFullContainerData":true
  }
}