{
  "packets":{
    "actorList":["0-1674","0-1676","0-1677","0-1678","0-1675"],
    "ai":[],
    "cellChangeFrom":[],
    "cellChangeTo":[],
    "container":["318574-0","318575-0","318576-0","318577-0","318578-0","318579-0","318580-0","318582-0","318583-0","318585-0","318586-0","318587-0","0-1674","0-1676","0-1677","0-1678","0-1675"],
    "death":["0-1676","0-1677"],
    "delete":[],
    "doorState":[],
    "equipment":[],
    "lock":[],
    "place":[],
    "position":["0-1674","0-1676","0-1677","0-1678","0-1675"],
    "scale":[],
    "spawn":["0-1674","0-1676","0-1677","0-1678","0-1675"],
    "state":[],
    "statsDynamic":["0-1674","0-1676","0-1677","0-1678","0-1675"],
    "trap":[],
    "miscellaneous":[],
    "clientScriptLocal":[],
    "spellsActive":[]
  },
  "entry":{
    "description":"3, 20",
    "creationTime":1723749024
  },
  "lastVisit":{
    "Benoit":1723750010,
    "Fidgug":1723750005
  },
  "recordLinks":[],
  "objectData":{
    "0-1674":{
      "refId":"netch_bull",
      "location":{
        "posY":168849.640625,
        "posZ":459.52914428711,
        "rotX":0.90832442045212,
        "rotZ":-0.62241172790527,
        "rotY":0,
        "posX":27607.23828125
      },
      "stats":{
        "healthBase":45,
        "healthCurrent":45,
        "magickaBase":100,
        "magickaModified":100,
        "fatigueBase":400,
        "fatigueCurrent":400,
        "fatigueModified":400,
        "magickaCurrent":100,
        "healthModified":45
      },
      "inventory":[{
          "refId":"ingred_netch_leather_01",
          "count":1,
          "charge":-1,
          "enchantmentCharge":-1,
          "soul":""
        }]
    },
    "0-1676":{
      "refId":"rat",
      "location":{
        "posY":167666.265625,
        "posZ":725.9296875,
        "rotX":0.12453447282314,
        "rotZ":-0.66634631156921,
        "rotY":0,
        "posX":26278.13671875
      },
      "stats":{
        "healthBase":23,
        "healthCurrent":0,
        "magickaBase":10,
        "magickaModified":10,
        "fatigueBase":300,
        "fatigueCurrent":300,
        "fatigueModified":300,
        "magickaCurrent":10,
        "healthModified":23
      },
      "inventory":[{
          "refId":"ingred_rat_meat_01",
          "count":1,
          "charge":-1,
          "enchantmentCharge":-1,
          "soul":""
        }],
      "killer":{
        "playerName":"Fidgug"
      },
      "deathState":38
    },
    "0-1677":{
      "refId":"rat_diseased",
      "location":{
        "posY":167182.359375,
        "posZ":1028.7652587891,
        "rotX":-0.12907344102859,
        "rotZ":-1.1205627918243,
        "rotY":0,
        "posX":26931.42578125
      },
      "stats":{
        "healthBase":23,
        "healthCurrent":0,
        "magickaBase":10,
        "magickaModified":10,
        "fatigueBase":135,
        "fatigueCurrent":134.05207824707,
        "fatigueModified":135,
        "magickaCurrent":10,
        "healthModified":23
      },
      "inventory":[{
          "refId":"ingred_rat_meat_01",
          "count":2,
          "charge":-1,
          "enchantmentCharge":-1,
          "soul":""
        }],
      "killer":{
        "playerName":"Fidgug"
      },
      "deathState":38
    },
    "0-1678":{
      "refId":"cliff racer",
      "location":{
        "posY":169069.59375,
        "posZ":1934.2362060547,
        "rotX":0.0024779262021184,
        "rotZ":2.7389624118805,
        "rotY":0,
        "posX":29868.263671875
      },
      "stats":{
        "healthBase":45,
        "healthCurrent":45,
        "magickaBase":20,
        "magickaModified":20,
        "fatigueBase":400,
        "fatigueCurrent":400,
        "fatigueModified":400,
        "magickaCurrent":20,
        "healthModified":45
      },
      "inventory":[{
          "refId":"ingred_racer_plumes_01",
          "count":1,
          "charge":-1,
          "enchantmentCharge":-1,
          "soul":""
        }]
    },
    "0-1675":{
      "refId":"mudcrab",
      "location":{
        "posY":168270.875,
        "posZ":608.70361328125,
        "rotX":0.32566609978676,
        "rotZ":1.8762428760529,
        "rotY":0,
        "posX":25954.408203125
      },
      "stats":{
        "healthBase":15,
        "healthCurrent":15,
        "magickaBase":5,
        "magickaModified":5,
        "fatigueBase":400,
        "fatigueCurrent":400,
        "fatigueModified":400,
        "magickaCurrent":5,
        "healthModified":15
      },
      "inventory":[{
          "refId":"ingred_crab_meat_01",
          "count":1,
          "charge":-1,
          "enchantmentCharge":-1,
          "soul":""
        }]
    },
    "318574-0":{
      "refId":"flora_kreshweed_02",
      "inventory":[{
          "refId":"ingred_kresh_fiber_01",
          "count":1,
          "charge":-1,
          "enchantmentCharge":-1,
          "soul":""
        }]
    },
    "318575-0":{
      "refId":"flora_kreshweed_01",
      "inventory":[{
          "refId":"ingred_kresh_fiber_01",
          "count":1,
          "charge":-1,
          "enchantmentCharge":-1,
          "soul":""
        }]
    },
    "318576-0":{
      "refId":"flora_gold_kanet_01",
      "inventory":[{
          "refId":"ingred_gold_kanet_01",
          "count":1,
          "charge":-1,
          "enchantmentCharge":-1,
          "soul":""
        }]
    },
    "318577-0":{
      "refId":"flora_kreshweed_01",
      "inventory":[{
          "refId":"ingred_kresh_fiber_01",
          "count":1,
          "charge":-1,
          "enchantmentCharge":-1,
          "soul":""
        }]
    },
    "318578-0":{
      "refId":"flora_kreshweed_01",
      "inventory":[{
          "refId":"ingred_kresh_fiber_01",
          "count":1,
          "charge":-1,
          "enchantmentCharge":-1,
          "soul":""
        }]
    },
    "318579-0":{
      "refId":"flora_gold_kanet_01",
      "inventory":[{
          "refId":"ingred_gold_kanet_01",
          "count":1,
          "charge":-1,
          "enchantmentCharge":-1,
          "soul":""
        }]
    },
    "318580-0":{
      "refId":"flora_willow_flower_01",
      "inventory":[{
          "refId":"ingred_willow_anther_01",
          "count":1,
          "charge":-1,
          "enchantmentCharge":-1,
          "soul":""
        }]
    },
    "318582-0":{
      "refId":"flora_kreshweed_01",
      "inventory":[{
          "refId":"ingred_kresh_fiber_01",
          "count":1,
          "charge":-1,
          "enchantmentCharge":-1,
          "soul":""
        }]
    },
    "318583-0":{
      "refId":"flora_kreshweed_03",
      "inventory":[]
    },
    "318585-0":{
      "refId":"flora_kreshweed_01",
      "inventory":[{
          "refId":"ingred_kresh_fiber_01",
          "count":1,
          "charge":-1,
          "enchantmentCharge":-1,
          "soul":""
        }]
    },
    "318586-0":{
      "refId":"flora_kreshweed_03",
      "inventory":[]
    },
    "318587-0":{
      "refId":"flora_kreshweed_01",
      "inventory":[{
          "refId":"ingred_kresh_fiber_01",
          "count":1,
          "charge":-1,
          "enchantmentCharge":-1,
          "soul":""
        }]
    }
  },
  "loadState":{
    "hasFullActorList":true,
    "hasFullContainerData":true
  }
}