{
  "packets":{
    "actorList":["0-352","183839-0","0-365","0-327","0-294","0-295"],
    "ai":[],
    "cellChangeFrom":[],
    "cellChangeTo":[],
    "container":["183740-0","183742-0","183743-0","183744-0","183745-0","183747-0","183748-0","183754-0","183758-0","183761-0","183765-0","183767-0","183768-0","183770-0","183774-0","183776-0","183777-0","183779-0","183780-0","183781-0","183787-0","183788-0","183789-0","183790-0","183791-0","183792-0","183793-0","183796-0","183797-0","183799-0","183800-0","183801-0","183807-0","183809-0","183810-0","183811-0","183812-0","183813-0","183836-0","183837-0","309228-0","309229-0","309230-0","309231-0","309232-0","309233-0","309234-0","309235-0","309236-0","309237-0","309241-0","309242-0","183839-0","0-352","0-365","0-327","0-294","0-295"],
    "death":["0-365","0-295","0-294"],
    "delete":[],
    "doorState":[],
    "equipment":["183839-0","0-365"],
    "lock":[],
    "place":[],
    "position":["183839-0","0-352","0-294","0-295","0-327","0-365"],
    "scale":[],
    "spawn":["0-352","0-365","0-294","0-295","0-327"],
    "state":[],
    "statsDynamic":["183839-0","0-352","0-294","0-295","0-327","0-365"],
    "trap":[],
    "miscellaneous":[],
    "clientScriptLocal":[],
    "spellsActive":[]
  },
  "entry":{
    "description":"4, -5",
    "creationTime":1715365276
  },
  "lastVisit":{
    "Fidgug":1715366243,
    "Benoit":1715366412
  },
  "recordLinks":[],
  "objectData":{
    "0-327":{
      "refId":"netch_bull",
      "location":{
        "posX":40924.68359375,
        "posY":-38731.11328125,
        "posZ":1037.5339355469,
        "rotX":0.096443615853786,
        "rotZ":3.0905158519745,
        "rotY":0
      },
      "stats":{
        "magickaCurrent":100,
        "fatigueBase":400,
        "fatigueCurrent":400,
        "fatigueModified":400,
        "healthModified":45,
        "magickaModified":100,
        "healthBase":45,
        "healthCurrent":45,
        "magickaBase":100
      },
      "inventory":[{
          "refId":"ingred_netch_leather_01",
          "count":3,
          "charge":-1,
          "enchantmentCharge":-1,
          "soul":""
        }]
    },
    "0-294":{
      "refId":"guar_feral",
      "location":{
        "posX":36056.78515625,
        "posY":-34521.57421875,
        "posZ":1633.9006347656,
        "rotX":0.0044348016381264,
        "rotZ":1.1612212657928,
        "rotY":0
      },
      "stats":{
        "magickaCurrent":5,
        "fatigueBase":400,
        "fatigueCurrent":400,
        "fatigueModified":400,
        "healthModified":38,
        "magickaModified":5,
        "healthBase":38,
        "healthCurrent":0,
        "magickaBase":5
      },
      "inventory":[],
      "killer":{
        "playerName":"Fidgug"
      },
      "deathState":38
    },
    "0-295":{
      "refId":"cliff racer",
      "location":{
        "posX":36424.0859375,
        "posY":-34554.1171875,
        "posZ":1730.5794677734,
        "rotX":1.3960365056992,
        "rotZ":-0.5670862197876,
        "rotY":0
      },
      "stats":{
        "magickaCurrent":20,
        "fatigueBase":400,
        "fatigueCurrent":400,
        "fatigueModified":400,
        "healthModified":45,
        "magickaModified":20,
        "healthBase":45,
        "healthCurrent":0,
        "magickaBase":20
      },
      "inventory":[],
      "killer":{
        "playerName":"Fidgug"
      },
      "deathState":38
    },
    "183740-0":{
      "refId":"flora_marshmerrow_03",
      "inventory":[{
          "refId":"ingred_marshmerrow_01",
          "count":1,
          "charge":-1,
          "enchantmentCharge":-1,
          "soul":""
        }]
    },
    "183742-0":{
      "refId":"flora_marshmerrow_02",
      "inventory":[{
          "refId":"ingred_marshmerrow_01",
          "count":1,
          "charge":-1,
          "enchantmentCharge":-1,
          "soul":""
        }]
    },
    "183743-0":{
      "refId":"flora_marshmerrow_03",
      "inventory":[{
          "refId":"ingred_marshmerrow_01",
          "count":1,
          "charge":-1,
          "enchantmentCharge":-1,
          "soul":""
        }]
    },
    "183744-0":{
      "refId":"flora_marshmerrow_01",
      "inventory":[{
          "refId":"ingred_marshmerrow_01",
          "count":1,
          "charge":-1,
          "enchantmentCharge":-1,
          "soul":""
        }]
    },
    "183745-0":{
      "refId":"flora_marshmerrow_02",
      "inventory":[{
          "refId":"ingred_marshmerrow_01",
          "count":1,
          "charge":-1,
          "enchantmentCharge":-1,
          "soul":""
        }]
    },
    "183747-0":{
      "refId":"flora_marshmerrow_01",
      "inventory":[]
    },
    "183748-0":{
      "refId":"flora_marshmerrow_02",
      "inventory":[{
          "refId":"ingred_marshmerrow_01",
          "count":1,
          "charge":-1,
          "enchantmentCharge":-1,
          "soul":""
        }]
    },
    "183754-0":{
      "refId":"flora_marshmerrow_03",
      "inventory":[{
          "refId":"ingred_marshmerrow_01",
          "count":1,
          "charge":-1,
          "enchantmentCharge":-1,
          "soul":""
        }]
    },
    "183758-0":{
      "refId":"flora_marshmerrow_03",
      "inventory":[{
          "refId":"ingred_marshmerrow_01",
          "count":1,
          "charge":-1,
          "enchantmentCharge":-1,
          "soul":""
        }]
    },
    "183761-0":{
      "refId":"flora_marshmerrow_01",
      "inventory":[{
          "refId":"ingred_marshmerrow_01",
          "count":1,
          "charge":-1,
          "enchantmentCharge":-1,
          "soul":""
        }]
    },
    "183765-0":{
      "refId":"flora_marshmerrow_03",
      "inventory":[{
          "refId":"ingred_marshmerrow_01",
          "count":1,
          "charge":-1,
          "enchantmentCharge":-1,
          "soul":""
        }]
    },
    "183767-0":{
      "refId":"flora_marshmerrow_01",
      "inventory":[{
          "refId":"ingred_marshmerrow_01",
          "count":1,
          "charge":-1,
          "enchantmentCharge":-1,
          "soul":""
        }]
    },
    "183768-0":{
      "refId":"flora_marshmerrow_02",
      "inventory":[{
          "refId":"ingred_marshmerrow_01",
          "count":1,
          "charge":-1,
          "enchantmentCharge":-1,
          "soul":""
        }]
    },
    "183770-0":{
      "refId":"flora_marshmerrow_03",
      "inventory":[{
          "refId":"ingred_marshmerrow_01",
          "count":1,
          "charge":-1,
          "enchantmentCharge":-1,
          "soul":""
        }]
    },
    "183774-0":{
      "refId":"flora_marshmerrow_03",
      "inventory":[{
          "refId":"ingred_marshmerrow_01",
          "count":1,
          "charge":-1,
          "enchantmentCharge":-1,
          "soul":""
        }]
    },
    "183776-0":{
      "refId":"flora_marshmerrow_02",
      "inventory":[{
          "refId":"ingred_marshmerrow_01",
          "count":1,
          "charge":-1,
          "enchantmentCharge":-1,
          "soul":""
        }]
    },
    "183777-0":{
      "refId":"flora_marshmerrow_01",
      "inventory":[{
          "refId":"ingred_marshmerrow_01",
          "count":1,
          "charge":-1,
          "enchantmentCharge":-1,
          "soul":""
        }]
    },
    "183779-0":{
      "refId":"flora_marshmerrow_01",
      "inventory":[{
          "refId":"ingred_marshmerrow_01",
          "count":1,
          "charge":-1,
          "enchantmentCharge":-1,
          "soul":""
        }]
    },
    "183780-0":{
      "refId":"flora_marshmerrow_02",
      "inventory":[{
          "refId":"ingred_marshmerrow_01",
          "count":1,
          "charge":-1,
          "enchantmentCharge":-1,
          "soul":""
        }]
    },
    "183781-0":{
      "refId":"flora_marshmerrow_03",
      "inventory":[{
          "refId":"ingred_marshmerrow_01",
          "count":1,
          "charge":-1,
          "enchantmentCharge":-1,
          "soul":""
        }]
    },