{
  "packets":{
    "actorList":["98059-0","98062-0","98060-0","98061-0","0-289","0-305","0-293"],
    "ai":[],
    "cellChangeFrom":[],
    "cellChangeTo":[],
    "container":["174950-0","174951-0","98059-0","98060-0","98061-0","98062-0","0-289","0-305","0-293"],
    "death":["0-289","0-305"],
    "delete":[],
    "doorState":[],
    "equipment":["98059-0","98062-0","98060-0","98061-0","0-305"],
    "lock":[],
    "place":[],
    "position":["98059-0","98060-0","98061-0","98062-0","0-289","0-293","0-305"],
    "scale":[],
    "spawn":["0-289","0-305","0-293"],
    "state":[],
    "statsDynamic":["98059-0","98060-0","98061-0","98062-0","0-289","0-293","0-305"],
    "trap":[],
    "miscellaneous":["98062-0"],
    "clientScriptLocal":[],
    "spellsActive":[]
  },
  "entry":{
    "description":"4, -3",
    "creationTime":1715358120
  },
  "lastVisit":{
    "Benoit":1715358738,
    "Fidgug":1715358738
  },
  "recordLinks":[],
  "objectData":{
    "0-305":{
      "refId":"db_assassin1b",
      "location":{
        "posX":37517.6796875,
        "posY":-20884.580078125,
        "posZ":1375.0096435547,
        "rotX":-0.0047181826084852,
        "rotZ":1.2130582332611,
        "rotY":0
      },
      "stats":{
        "magickaCurrent":100,
        "fatigueBase":150,
        "fatigueCurrent":149.76992797852,
        "fatigueModified":150,
        "healthModified":40,
        "magickaModified":100,
        "healthBase":40,
        "healthCurrent":0,
        "magickaBase":100
      },
      "equipment":[],
      "inventory":[],
      "killer":{
        "playerName":"Fidgug"
      },
      "deathState":41
    },
    "174950-0":{
      "refId":"contain_trama_shrub_02",
      "inventory":[{
          "refId":"ingred_trama_root_01",
          "count":3,
          "charge":-1,
          "enchantmentCharge":-1,
          "soul":""
        }]
    },
    "174951-0":{
      "refId":"contain_trama_shrub_02",
      "inventory":[{
          "refId":"ingred_trama_root_01",
          "count":2,
          "charge":-1,
          "enchantmentCharge":-1,
          "soul":""
        }]
    },
    "98059-0":{
      "refId":"virvyn athren",
      "location":{
        "posX":34901.75,
        "posY":-21564.8984375,
        "posZ":2049.2573242188,
        "rotX":0.010367835871875,
        "rotZ":-2.2803785800934,
        "rotY":0
      },
      "stats":{
        "magickaCurrent":162,
        "fatigueBase":232,
        "fatigueCurrent":232,
        "fatigueModified":232,
        "healthModified":120,
        "magickaModified":162,
        "healthBase":120,
        "healthCurrent":120,
        "magickaBase":162
      },
      "equipment":[{
          "refId":"bonemold_gah-julan_cuirass",
          "count":1,
          "charge":-1,
          "enchantmentCharge":-1
        },{
          "refId":"bonemold_greaves",
          "count":1,
          "charge":-1,
          "enchantmentCharge":-1
        },{
          "refId":"bonemold_pauldron_l",
          "count":1,
          "charge":-1,
          "enchantmentCharge":-1
        },{
          "refId":"bonemold_pauldron_r",
          "count":1,
          "charge":-1,
          "enchantmentCharge":-1
        },null,null,{
          "refId":"bonemold_boots",
          "count":1,
          "charge":-1,
          "enchantmentCharge":-1
        },{
          "refId":"common_shirt_05",
          "count":1,
          "charge":-1,
          "enchantmentCharge":-1
        },{
          "refId":"common_pants_05",
          "count":1,
          "charge":-1,
          "enchantmentCharge":-1
        },null,null,{
          "refId":"common_ring_05",
          "count":1,
          "charge":-1,
          "enchantmentCharge":-1
        },null,null,null,{
          "refId":"iron longsword",
          "count":1,
          "charge":-1,
          "enchantmentCharge":-1
        },{
          "refId":"bonemold_shield",
          "count":1,
          "charge":-1,
          "enchantmentCharge":-1
        }],
      "inventory":[{
          "refId":"bonemold_shield",
          "count":1,
          "charge":-1,
          "enchantmentCharge":-1,
          "soul":""
        },{
          "refId":"bonemold_boots",
          "count":1,
          "charge":-1,
          "enchantmentCharge":-1,
          "soul":""
        },{
          "refId":"bonemold_greaves",
          "count":1,
          "charge":-1,
          "enchantmentCharge":-1,
          "soul":""
        },{
          "refId":"bonemold_pauldron_r",
          "count":1,
          "charge":-1,
          "enchantmentCharge":-1,
          "soul":""
        },{
          "refId":"bonemold_pauldron_l",
          "count":1,
          "charge":-1,
          "enchantmentCharge":-1,
          "soul":""
        },{
          "refId":"bonemold_gah-julan_cuirass",
          "count":1,
          "charge":-1,
          "enchantmentCharge":-1,
          "soul":""
        },{
          "refId":"common_ring_05",
          "count":1,
          "charge":-1,
          "enchantmentCharge":-1,
          "soul":""
        },{
          "refId":"common_shirt_05",
          "count":1,
          "charge":-1,
          "enchantmentCharge":-1,
          "soul":""
        },{
          "refId":"common_pants_05",
          "count":1,
          "charge":-1,
          "enchantmentCharge":-1,
          "soul":""
        },{
          "refId":"iron longsword",
          "count":1,
          "charge":-1,
          "enchantmentCharge":-1,
          "soul":""
        }]
    },
    "98060-0":{
      "refId":"dathus selvilo",
      "location":{
        "posX":35180.01171875,
        "posY":-19788.984375,
        "posZ":2058.447265625,
        "rotX":-0.19666120409966,
        "rotZ":1.6750319004059,
        "rotY":0
      },
      "stats":{
        "magickaCurrent":122,
        "fatigueBase":293,
        "fatigueCurrent":293,
        "fatigueModified":293,
        "healthModified":181,
        "magickaModified":122,
        "healthBase":181,
        "healthCurrent":181,
        "magickaBase":122
      },
      "equipment":{
        "0":{
          "refId":"dragonscale_helm",
          "count":1,
          "charge":-1,
          "enchantmentCharge":-1
        },
        "1":{
          "refId":"dragonscale_cuirass",
          "count":1,
          "charge":-1,
          "enchantmentCharge":-1
        },
        "3":{
          "refId":"bonemold_armun-an_pauldron_l",
          "count":1,
          "charge":-1,
          "enchantmentCharge":-1
        },
        "4":{
          "refId":"bonemold_armun-an_pauldron_r",
          "count":1,
          "charge":-1,
          "enchantmentCharge":-1
        },
        "5":{
          "refId":"bonemold_bracer_left",
          "count":1,
          "charge":-1,
          "enchantmentCharge":-1
        },
        "6":{
          "refId":"bonemold_bracer_right",
          "count":1,
          "charge":-1,
          "enchantmentCharge":-1
        },
        "7":{
          "refId":"bonemold_boots",
          "count":1,
          "charge":-1,
          "enchantmentCharge":-1
        },
        "8":{
          "refId":"common_shirt_02_r",
          "count":1,
          "charge":-1,
          "enchantmentCharge":-1
        },
        "9":{
          "refId":"common_pants_02",
          "count":1,
          "charge":-1,
          "enchantmentCharge":-1
        },
        "16":{
          "refId":"steel claymore",
          "count":1,
          "charge":-1,
          "enchantmentCharge":-1
        }
      },
      "inventory":[{
          "refId":"bonemold_bracer_right",
          "count":1,
          "charge":-1,
          "enchantmentCharge":-1,
          "soul":""
        },{
          "refId":"bonemold_bracer_left",
          "count":1,
          "charge":-1,
          "enchantmentCharge":-1,
          "soul":""
        },{
          "refId":"bonemold_boots",
          "count":1,
          "charge":-1,
          "enchantmentCharge":-1,
          "soul":""
        },{
          "refId":"bonemold_armun-an_pauldron_r",