{
  "packets":{
    "actorList":["0-316","0-317","0-315","0-318","0-313"],
    "ai":[],
    "cellChangeFrom":[],
    "cellChangeTo":[],
    "container":["300034-0","300035-0","300036-0","300037-0","300038-0","0-316","0-317","0-315","0-318","0-313"],
    "death":[],
    "delete":[],
    "doorState":[],
    "equipment":[],
    "lock":[],
    "place":[],
    "position":["0-315","0-316","0-317","0-318","0-313"],
    "scale":[],
    "spawn":["0-316","0-317","0-315","0-318","0-313"],
    "state":[],
    "statsDynamic":["0-315","0-316","0-317","0-318","0-313"],
    "trap":[],
    "miscellaneous":[],
    "clientScriptLocal":[],
    "spellsActive":[]
  },
  "entry":{
    "description":"4, 1",
    "creationTime":1715359180
  },
  "lastVisit":{
    "Benoit":1715359358,
    "Fidgug":1715359356
  },
  "recordLinks":[],
  "objectData":{
    "0-316":{
      "refId":"netch_bull",
      "location":{
        "posX":34824.45703125,
        "posY":11124.9453125,
        "posZ":707.99176025391,
        "rotX":1.1621448993683,
        "rotZ":-2.8612473011017,
        "rotY":0
      },
      "stats":{
        "magickaCurrent":100,
        "fatigueBase":400,
        "fatigueCurrent":400,
        "fatigueModified":400,
        "healthModified":45,
        "magickaModified":100,
        "healthBase":45,
        "healthCurrent":45,
        "magickaBase":100
      },
      "inventory":[{
          "refId":"ingred_netch_leather_01",
          "count":3,
          "charge":-1,
          "enchantmentCharge":-1,
          "soul":""
        }]
    },
    "0-317":{
      "refId":"kagouti",
      "location":{
        "posX":38463.93359375,
        "posY":14093.7734375,
        "posZ":1109.8850097656,
        "rotX":0.074948750436306,
        "rotZ":2.6315066814423,
        "rotY":0
      },
      "stats":{
        "magickaCurrent":10,
        "fatigueBase":400,
        "fatigueCurrent":400,
        "fatigueModified":400,
        "healthModified":45,
        "magickaModified":10,
        "healthBase":45,
        "healthCurrent":45,
        "magickaBase":10
      },
      "inventory":[{
          "refId":"ingred_kagouti_hide_01",
          "count":1,
          "charge":-1,
          "enchantmentCharge":-1,
          "soul":""
        }]
    },
    "0-318":{
      "refId":"alit_diseased",
      "location":{
        "posX":33461.53515625,
        "posY":15724.180664063,
        "posZ":801.05816650391,
        "rotX":0.20945657789707,
        "rotZ":1.117125749588,
        "rotY":0
      },
      "stats":{
        "magickaCurrent":75,
        "fatigueBase":170,
        "fatigueCurrent":170,
        "fatigueModified":170,
        "healthModified":30,
        "magickaModified":75,
        "healthBase":30,
        "healthCurrent":30,
        "magickaBase":75
      },
      "inventory":[{
          "refId":"ingred_alit_hide_01",
          "count":1,
          "charge":-1,
          "enchantmentCharge":-1,
          "soul":""
        }]
    },
    "0-313":{
      "refId":"kwama forager",
      "location":{
        "posX":38847.60546875,
        "posY":8575.623046875,
        "posZ":1772.3813476563,
        "rotX":-0.42449867725372,
        "rotZ":0.17664909362793,
        "rotY":0
      },
      "stats":{
        "magickaCurrent":15,
        "fatigueBase":300,
        "fatigueCurrent":300,
        "fatigueModified":300,
        "healthModified":23,
        "magickaModified":15,
        "healthBase":23,
        "healthCurrent":23,
        "magickaBase":15
      },
      "inventory":[]
    },
    "300034-0":{
      "refId":"flora_rm_scathecraw_01",
      "inventory":[]
    },
    "300035-0":{
      "refId":"flora_rm_scathecraw_01",
      "inventory":[{
          "refId":"ingred_scathecraw_01",
          "count":1,
          "charge":-1,
          "enchantmentCharge":-1,
          "soul":""
        }]
    },
    "0-315":{
      "refId":"netch_bull",
      "location":{
        "posX":36242.94921875,
        "posY":10587.333007813,
        "posZ":803.37847900391,
        "rotX":0.35386762022972,
        "rotZ":1.1444284915924,
        "rotY":0
      },
      "stats":{
        "magickaCurrent":100,
        "fatigueBase":400,
        "fatigueCurrent":400,
        "fatigueModified":400,
        "healthModified":45,
        "magickaModified":100,
        "healthBase":45,
        "healthCurrent":45,
        "magickaBase":100
      },
      "inventory":[{
          "refId":"ingred_netch_leather_01",
          "count":2,
          "charge":-1,
          "enchantmentCharge":-1,
          "soul":""
        }]
    },
    "300036-0":{
      "refId":"flora_rm_scathecraw_02",
      "inventory":[{
          "refId":"ingred_scathecraw_01",
          "count":1,
          "charge":-1,
          "enchantmentCharge":-1,
          "soul":""
        }]
    },
    "300037-0":{
      "refId":"flora_rm_scathecraw_02",
      "inventory":[{
          "refId":"ingred_scathecraw_01",
          "count":1,
          "charge":-1,
          "enchantmentCharge":-1,
          "soul":""
        }]
    },
    "300038-0":{
      "refId":"flora_rm_scathecraw_02",
      "inventory":[{
          "refId":"ingred_scathecraw_01",
          "count":1,
          "charge":-1,
          "enchantmentCharge":-1,
          "soul":""
        }]
    }
  },
  "loadState":{
    "hasFullActorList":true,
    "hasFullContainerData":true
  }
}