{
  "packets":{
    "actorList":["0-1662","0-1664","0-1665","0-1666","0-1667","0-1668","0-1661"],
    "ai":[],
    "cellChangeFrom":[],
    "cellChangeTo":[],
    "container":["283641-0","432665-0","432673-0","0-1662","0-1664","0-1665","0-1666","0-1667","0-1668","0-1661"],
    "death":[],
    "delete":[],
    "doorState":[],
    "equipment":[],
    "lock":[],
    "place":[],
    "position":["0-1661","0-1662","0-1664","0-1665","0-1666","0-1667","0-1668"],
    "scale":[],
    "spawn":["0-1662","0-1664","0-1665","0-1666","0-1667","0-1668","0-1661"],
    "state":[],
    "statsDynamic":["0-1661","0-1662","0-1664","0-1665","0-1666","0-1667","0-1668"],
    "trap":[],
    "miscellaneous":[],
    "clientScriptLocal":[],
    "spellsActive":[]
  },
  "entry":{
    "description":"4, 21",
    "creationTime":1723748970
  },
  "lastVisit":{
    "Benoit":1723749687,
    "Fidgug":1723749685
  },
  "recordLinks":[],
  "objectData":{
    "0-1662":{
      "refId":"rat",
      "location":{
        "posY":173615.8125,
        "posZ":425,
        "rotX":-0.17137372493744,
        "rotZ":1.9570519924164,
        "rotY":0,
        "posX":39216.01171875
      },
      "stats":{
        "healthBase":23,
        "healthCurrent":23,
        "magickaBase":10,
        "magickaModified":10,
        "fatigueBase":300,
        "fatigueCurrent":300,
        "fatigueModified":300,
        "magickaCurrent":10,
        "healthModified":23
      },
      "inventory":[]
    },
    "0-1664":{
      "refId":"rat_blighted",
      "location":{
        "posY":174183.5,
        "posZ":537.76892089844,
        "rotX":-0.060073107481003,
        "rotZ":0.059904336929321,
        "rotY":0,
        "posX":39164.13671875
      },
      "stats":{
        "healthBase":45,
        "healthCurrent":45,
        "magickaBase":10,
        "magickaModified":10,
        "fatigueBase":62,
        "fatigueCurrent":62,
        "fatigueModified":62,
        "magickaCurrent":10,
        "healthModified":45
      },
      "inventory":[]
    },
    "0-1665":{
      "refId":"mudcrab-diseased",
      "location":{
        "posY":177122.5625,
        "posZ":97,
        "rotX":0.009522121399641,
        "rotZ":2.6854779720306,
        "rotY":0,
        "posX":38537.49609375
      },
      "stats":{
        "healthBase":15,
        "healthCurrent":15,
        "magickaBase":5,
        "magickaModified":5,
        "fatigueBase":27,
        "fatigueCurrent":27,
        "fatigueModified":27,
        "magickaCurrent":5,
        "healthModified":15
      },
      "inventory":[{
          "refId":"ingred_crab_meat_01",
          "count":1,
          "charge":-1,
          "enchantmentCharge":-1,
          "soul":""
        }]
    },
    "0-1666":{
      "refId":"mudcrab-diseased",
      "location":{
        "posY":179842.875,
        "posZ":71.987701416016,
        "rotX":0,
        "rotZ":-1.3000004291534,
        "rotY":0,
        "posX":35278.46875
      },
      "stats":{
        "healthBase":15,
        "healthCurrent":15,
        "magickaBase":5,
        "magickaModified":5,
        "fatigueBase":34,
        "fatigueCurrent":34,
        "fatigueModified":34,
        "magickaCurrent":5,
        "healthModified":15
      },
      "inventory":[{
          "refId":"ingred_crab_meat_01",
          "count":2,
          "charge":-1,
          "enchantmentCharge":-1,
          "soul":""
        }]
    },
    "0-1667":{
      "refId":"rat",
      "location":{
        "posY":179825.5,
        "posZ":747.90563964844,
        "rotX":0,
        "rotZ":0,
        "rotY":0,
        "posX":33710.234375
      },
      "stats":{
        "healthBase":23,
        "healthCurrent":23,
        "magickaBase":10,
        "magickaModified":10,
        "fatigueBase":300,
        "fatigueCurrent":300,
        "fatigueModified":300,
        "magickaCurrent":10,
        "healthModified":23
      },
      "inventory":[{
          "refId":"ingred_rat_meat_01",
          "count":1,
          "charge":-1,
          "enchantmentCharge":-1,
          "soul":""
        }]
    },
    "0-1668":{
      "refId":"rat_blighted",
      "location":{
        "posY":178895.9375,
        "posZ":863.79571533203,
        "rotX":0,
        "rotZ":0,
        "rotY":0,
        "posX":33782.51171875
      },
      "stats":{
        "healthBase":45,
        "healthCurrent":45,
        "magickaBase":10,
        "magickaModified":10,
        "fatigueBase":69,
        "fatigueCurrent":69,
        "fatigueModified":69,
        "magickaCurrent":10,
        "healthModified":45
      },
      "inventory":[{
          "refId":"ingred_rat_meat_01",
          "count":2,
          "charge":-1,
          "enchantmentCharge":-1,
          "soul":""
        }]
    },
    "0-1661":{
      "refId":"netch_betty",
      "location":{
        "posY":177561.828125,
        "posZ":128.75033569336,
        "rotX":0,
        "rotZ":0.063630819320679,
        "rotY":0,
        "posX":36499.9140625
      },
      "stats":{
        "healthBase":113,
        "healthCurrent":113,
        "magickaBase":75,
        "magickaModified":75,
        "fatigueBase":500,
        "fatigueCurrent":500,
        "fatigueModified":500,
        "magickaCurrent":75,
        "healthModified":113
      },
      "inventory":[{
          "refId":"ingred_netch_leather_01",
          "count":2,
          "charge":-1,
          "enchantmentCharge":-1,
          "soul":""
        }]
    },
    "283641-0":{
      "refId":"flora_kreshweed_03",
      "inventory":[{
          "refId":"ingred_kresh_fiber_01",
          "count":1,
          "charge":-1,
          "enchantmentCharge":-1,
          "soul":""
        }]
    },
    "432665-0":{
      "refId":"kollop_01_pearl",
      "inventory":[{
          "refId":"ingred_pearl_01",
          "count":1,
          "charge":-1,
          "enchantmentCharge":-1,
          "soul":""
        }]
    },
    "432673-0":{
      "refId":"kollop_03_pearl",
      "inventory":[]
    }
  },
  "loadState":{
    "hasFullActorList":true,
    "hasFullContainerData":true
  }
}