{
  "packets":{
    "actorList":["0-1093","0-1094","0-1090","0-1091","0-1092","259445-0","259446-0"],
    "ai":[],
    "cellChangeFrom":[],
    "cellChangeTo":[],
    "container":["478062-0","478064-0","478065-0","478066-0","478067-0","478068-0","478069-0","478070-0","478071-0","478073-0","259445-0","259446-0","0-1093","0-1094","0-1090","0-1091","0-1092"],
    "death":[],
    "delete":[],
    "doorState":[],
    "equipment":["259445-0","259446-0"],
    "lock":[],
    "place":[],
    "position":["259445-0","259446-0","0-1090","0-1091","0-1092","0-1093","0-1094"],
    "scale":[],
    "spawn":["0-1093","0-1094","0-1090","0-1091","0-1092"],
    "state":[],
    "statsDynamic":["259445-0","259446-0","0-1090","0-1091","0-1092","0-1093","0-1094"],
    "trap":[],
    "spellsActive":[],
    "miscellaneous":[],
    "clientScriptLocal":[]
  },
  "entry":{
    "description":"5, -10",
    "creationTime":1717787461
  },
  "lastVisit":{
    "Benoit":1717790717,
    "Fidgug":1717790703
  },
  "recordLinks":[],
  "objectData":{
    "478071-0":{
      "refId":"flora_willow_flower_02",
      "inventory":[{
          "refId":"ingred_willow_anther_01",
          "count":1,
          "charge":-1,
          "enchantmentCharge":-1,
          "soul":""
        }]
    },
    "478073-0":{
      "refId":"flora_comberry_01",
      "inventory":[{
          "refId":"ingred_comberry_01",
          "count":1,
          "charge":-1,
          "enchantmentCharge":-1,
          "soul":""
        }]
    },
    "0-1093":{
      "refId":"rat_diseased",
      "location":{
        "posX":47005.5078125,
        "posY":-74623.3125,
        "posZ":978.68286132813,
        "rotX":0,
        "rotZ":0,
        "rotY":0
      },
      "stats":{
        "healthBase":23,
        "healthCurrent":23,
        "magickaBase":10,
        "healthModified":23,
        "magickaModified":10,
        "fatigueCurrent":101,
        "fatigueModified":101,
        "magickaCurrent":10,
        "fatigueBase":101
      },
      "inventory":[{
          "refId":"ingred_rat_meat_01",
          "count":2,
          "charge":-1,
          "enchantmentCharge":-1,
          "soul":""
        }]
    },
    "0-1094":{
      "refId":"mudcrab-diseased",
      "location":{
        "posX":41923.82421875,
        "posY":-75358.9921875,
        "posZ":238.4052734375,
        "rotX":-0.094085931777954,
        "rotZ":1.8453357219696,
        "rotY":0
      },
      "stats":{
        "healthBase":15,
        "healthCurrent":15,
        "magickaBase":5,
        "healthModified":15,
        "magickaModified":5,
        "fatigueCurrent":25,
        "fatigueModified":25,
        "magickaCurrent":5,
        "fatigueBase":25
      },
      "inventory":[]
    },
    "0-1090":{
      "refId":"mudcrab",
      "location":{
        "posX":48306.8828125,
        "posY":-80157.25,
        "posZ":238.09962463379,
        "rotX":0.23403003811836,
        "rotZ":-2.0477039813995,
        "rotY":0
      },
      "stats":{
        "healthBase":15,
        "healthCurrent":15,
        "magickaBase":5,
        "healthModified":15,
        "magickaModified":5,
        "fatigueCurrent":400,
        "fatigueModified":400,
        "magickaCurrent":5,
        "fatigueBase":400
      },
      "inventory":[{
          "refId":"ingred_crab_meat_01",
          "count":1,
          "charge":-1,
          "enchantmentCharge":-1,
          "soul":""
        }]
    },
    "0-1091":{
      "refId":"kwama forager",
      "location":{
        "posX":48646.87109375,
        "posY":-76641.90625,
        "posZ":976.23858642578,
        "rotX":0,
        "rotZ":0,
        "rotY":0
      },
      "stats":{
        "healthBase":23,
        "healthCurrent":23,
        "magickaBase":15,
        "healthModified":23,
        "magickaModified":15,
        "fatigueCurrent":300,
        "fatigueModified":300,
        "magickaCurrent":15,
        "fatigueBase":300
      },
      "inventory":[]
    },
    "0-1092":{
      "refId":"netch_bull",
      "location":{
        "posX":44438.66015625,
        "posY":-74781.4765625,
        "posZ":1200.3193359375,
        "rotX":0.0043283998966217,
        "rotZ":-1.5009286403656,
        "rotY":0
      },
      "stats":{
        "healthBase":45,
        "healthCurrent":45,
        "magickaBase":100,
        "healthModified":45,
        "magickaModified":100,
        "fatigueCurrent":400,
        "fatigueModified":400,
        "magickaCurrent":100,
        "fatigueBase":400
      },
      "inventory":[{
          "refId":"ingred_netch_leather_01",
          "count":2,
          "charge":-1,
          "enchantmentCharge":-1,
          "soul":""
        }]
    },
    "259445-0":{
      "refId":"ordinator wander",
      "location":{
        "posX":44731.23828125,
        "posY":-81389.375,
        "posZ":577,
        "rotX":0.009517839178443,
        "rotZ":-1.519270658493,
        "rotY":0
      },
      "stats":{
        "healthBase":181,
        "healthCurrent":181,
        "magickaBase":122,
        "healthModified":181,
        "magickaModified":122,
        "fatigueCurrent":318,
        "fatigueModified":318,
        "magickaCurrent":122,
        "fatigueBase":318
      },
      "equipment":{
        "0":{
          "refId":"indoril helmet",
          "count":1,
          "charge":-1,
          "enchantmentCharge":-1
        },
        "1":{
          "refId":"indoril cuirass",
          "count":1,
          "charge":-1,
          "enchantmentCharge":-1
        },
        "3":{
          "refId":"indoril pauldron left",
          "count":1,
          "charge":-1,
          "enchantmentCharge":-1
        },
        "4":{
          "refId":"indoril pauldron right",
          "count":1,
          "charge":-1,
          "enchantmentCharge":-1
        },
        "5":{
          "refId":"indoril left gauntlet",
          "count":1,
          "charge":-1,
          "enchantmentCharge":-1
        },
        "6":{
          "refId":"indoril right gauntlet",
          "count":1,
          "charge":-1,
          "enchantmentCharge":-1
        },
        "7":{
          "refId":"indoril boots",
          "count":1,
          "charge":-1,
          "enchantmentCharge":-1
        },
        "9":{
          "refId":"expensive_pants_02",
          "count":1,
          "charge":-1,
          "enchantmentCharge":-1
        },
        "15":{
          "refId":"indoril_belt",
          "count":1,
          "charge":-1,
          "enchantmentCharge":-1
        },
        "16":{
          "refId":"ebony mace",
          "count":1,
          "charge":-1,
          "enchantmentCharge":-1
        },
        "17":{
          "refId":"torch_infinite_time",
          "count":1,
          "charge":-1,
          "enchantmentCharge":-1
        }
      },
      "inventory":[{
          "refId":"indoril shield",
          "count":1,
          "charge":-1,
          "enchantmentCharge":-1,
          "soul":""
        },{
          "refId":"indoril right gauntlet",
          "count":1,
          "charge":-1,
          "enchantmentCharge":-1,
          "soul":""
        },{
          "refId":"indoril left gauntlet",
          "count":1,
          "charge":-1,
          "enchantmentCharge":-1,
          "soul":""
        },{
          "refId":"indoril boots",
          "count":1,
          "charge":-1,
          "enchantmentCharge":-1,
          "soul":""
        },{
          "refId":"indoril pauldron right",
          "count":1,
          "charge":-1,
          "enchantmentCharge":-1,
          "soul":""
        },{
          "refId":"indoril pauldron left",
          "count":1,
          "charge":-1,
          "enchantmentCharge":-1,
          "soul":""
        },{
          "refId":"indoril cuirass",
          "count":1,
          "charge":-1,
          "enchantmentCharge":-1,
          "soul":""
        },{
          "refId":"indoril helmet",
          "count":1,
          "charge":-1,
          "enchantmentCharge":-1,