{
  "packets":{
    "actorList":["0-1189","0-1190","0-1191","0-1192","0-1193","0-1188","261690-0"],
    "ai":[],
    "cellChangeFrom":[],
    "cellChangeTo":[],
    "container":["478041-0","478043-0","478044-0","478045-0","478046-0","478047-0","478048-0","478049-0","478050-0","478055-0","478057-0","478058-0","0-1189","0-1190","0-1191","0-1192","0-1193","0-1188","261690-0"],
    "death":["0-1188","0-1190","0-1189"],
    "delete":[],
    "doorState":[],
    "equipment":["261690-0"],
    "lock":[],
    "place":[],
    "position":["0-1188","0-1189","0-1190","0-1191","0-1192","0-1193","261690-0"],
    "scale":[],
    "spawn":["0-1189","0-1190","0-1191","0-1192","0-1193","0-1188"],
    "state":[],
    "statsDynamic":["0-1188","0-1189","0-1190","0-1191","0-1192","0-1193","261690-0"],
    "trap":[],
    "spellsActive":[],
    "miscellaneous":["261690-0"],
    "clientScriptLocal":[]
  },
  "entry":{
    "description":"5, -9",
    "creationTime":1718727673
  },
  "lastVisit":{
    "Benoit":1718730642,
    "Fidgug":1718730632
  },
  "recordLinks":[],
  "objectData":{
    "0-1191":{
      "refId":"rat",
      "location":{
        "rotY":0,
        "posX":43619.61328125,
        "posY":-69328.4921875,
        "posZ":736.99993896484,
        "rotX":-0.066670849919319,
        "rotZ":0.35055112838745
      },
      "stats":{
        "healthBase":23,
        "healthCurrent":23,
        "magickaBase":10,
        "magickaCurrent":10,
        "fatigueBase":300,
        "healthModified":23,
        "magickaModified":10,
        "fatigueModified":300,
        "fatigueCurrent":300
      },
      "inventory":[{
          "refId":"ingred_rat_meat_01",
          "count":1,
          "charge":-1,
          "enchantmentCharge":-1,
          "soul":""
        }]
    },
    "0-1192":{
      "refId":"mudcrab-diseased",
      "location":{
        "rotY":0,
        "posX":41703.62109375,
        "posY":-68682.1796875,
        "posZ":441.85870361328,
        "rotX":0.51665490865707,
        "rotZ":-0.22271680831909
      },
      "stats":{
        "healthBase":15,
        "healthCurrent":15,
        "magickaBase":5,
        "magickaCurrent":5,
        "fatigueBase":31,
        "healthModified":15,
        "magickaModified":5,
        "fatigueModified":31,
        "fatigueCurrent":31
      },
      "inventory":[{
          "refId":"ingred_crab_meat_01",
          "count":2,
          "charge":-1,
          "enchantmentCharge":-1,
          "soul":""
        }]
    },
    "0-1193":{
      "refId":"mudcrab",
      "location":{
        "rotY":0,
        "posX":41660.05859375,
        "posY":-67203.203125,
        "posZ":164.82484436035,
        "rotX":0.019783010706306,
        "rotZ":0.11586952209473
      },
      "stats":{
        "healthBase":15,
        "healthCurrent":15,
        "magickaBase":5,
        "magickaCurrent":5,
        "fatigueBase":400,
        "healthModified":15,
        "magickaModified":5,
        "fatigueModified":400,
        "fatigueCurrent":400
      },
      "inventory":[]
    },
    "0-1188":{
      "refId":"kagouti_diseased",
      "location":{
        "rotY":0,
        "posX":46324.5390625,
        "posY":-70635.7578125,
        "posZ":1065.3245849609,
        "rotX":0.3178419470787,
        "rotZ":1.3287165164948
      },
      "stats":{
        "healthBase":45,
        "healthCurrent":0,
        "magickaBase":10,
        "magickaCurrent":10,
        "fatigueBase":282,
        "healthModified":45,
        "magickaModified":10,
        "fatigueModified":282,
        "fatigueCurrent":282
      },
      "inventory":[],
      "deathState":38,
      "killer":{
        "playerName":"Fidgug"
      }
    },
    "261690-0":{
      "refId":"tinos drothan",
      "location":{
        "rotY":0,
        "posX":45741.7265625,
        "posY":-73547.953125,
        "posZ":1119.0576171875,
        "rotX":-0.14284537732601,
        "rotZ":0.66409420967102
      },
      "stats":{
        "healthBase":86,
        "healthCurrent":86,
        "magickaBase":102,
        "magickaCurrent":102,
        "fatigueBase":199,
        "healthModified":86,
        "magickaModified":102,
        "fatigueModified":199,
        "fatigueCurrent":199
      },
      "equipment":{
        "7":{
          "refId":"common_shoes_04",
          "count":1,
          "charge":-1,
          "enchantmentCharge":-1
        },
        "8":{
          "refId":"common_shirt_04",
          "count":1,
          "charge":-1,
          "enchantmentCharge":-1
        },
        "9":{
          "refId":"common_pants_04",
          "count":1,
          "charge":-1,
          "enchantmentCharge":-1
        },
        "12":{
          "refId":"common_ring_04",
          "count":1,
          "charge":-1,
          "enchantmentCharge":-1
        }
      },
      "inventory":[{
          "refId":"common_ring_04",
          "count":1,
          "charge":-1,
          "enchantmentCharge":-1,
          "soul":""
        },{
          "refId":"common_shirt_04",
          "count":1,
          "charge":-1,
          "enchantmentCharge":-1,
          "soul":""
        },{
          "refId":"common_shoes_04",
          "count":1,
          "charge":-1,
          "enchantmentCharge":-1,
          "soul":""
        },{
          "refId":"common_pants_04",
          "count":1,
          "charge":-1,
          "enchantmentCharge":-1,
          "soul":""
        }],
      "goldPool":0,
      "lastGoldRestockHour":6.5556268692017,
      "lastGoldRestockDay":27
    },
    "478041-0":{
      "refId":"flora_corkbulb",
      "inventory":[]
    },
    "478043-0":{
      "refId":"flora_black_anther_02",
      "inventory":[{
          "refId":"ingred_black_anther_01",
          "count":1,
          "charge":-1,
          "enchantmentCharge":-1,
          "soul":""
        }]
    },
    "478044-0":{
      "refId":"flora_black_anther_01",
      "inventory":[{
          "refId":"ingred_black_anther_01",
          "count":1,
          "charge":-1,
          "enchantmentCharge":-1,
          "soul":""
        }]
    },
    "478045-0":{
      "refId":"flora_black_anther_02",
      "inventory":[]
    },
    "478046-0":{
      "refId":"flora_black_anther_01",
      "inventory":[{
          "refId":"ingred_black_anther_01",
          "count":1,
          "charge":-1,
          "enchantmentCharge":-1,
          "soul":""
        }]
    },
    "478047-0":{
      "refId":"flora_willow_flower_01",
      "inventory":[{
          "refId":"ingred_willow_anther_01",
          "count":1,
          "charge":-1,
          "enchantmentCharge":-1,
          "soul":""
        }]
    },
    "478048-0":{
      "refId":"flora_willow_flower_02",
      "inventory":[{
          "refId":"ingred_willow_anther_01",
          "count":1,
          "charge":-1,
          "enchantmentCharge":-1,
          "soul":""
        }]
    },
    "478049-0":{
      "refId":"flora_willow_flower_01",
      "inventory":[{
          "refId":"ingred_willow_anther_01",
          "count":1,
          "charge":-1,
          "enchantmentCharge":-1,
          "soul":""
        }]
    },
    "478050-0":{
      "refId":"flora_willow_flower_02",
      "inventory":[{
          "refId":"ingred_willow_anther_01",
          "count":1,
          "charge":-1,
          "enchantmentCharge":-1,
          "soul":""
        }]
    },
    "478055-0":{
      "refId":"flora_corkbulb",
      "inventory":[{
          "refId":"ingred_corkbulb_root_01",
          "count":1,
          "charge":-1,
          "enchantmentCharge":-1,
          "soul":""
        }]
    },
    "478057-0":{
      "refId":"flora_comberry_01",
      "inventory":[{
          "refId":"ingred_comberry_01",
          "count":1,
          "charge":-1,
          "enchantmentCharge":-1,
          "soul":""
        }]
    },
    "478058-0":{
      "refId":"flora_corkbulb",
      "inventory":[{
          "refId":"ingred_corkbulb_root_01",
          "count":1,
          "charge":-1,
          "enchantmentCharge":-1,