{
  "packets":{
    "actorList":["0-1633","0-1634","0-1635","0-1631","0-1632"],
    "ai":[],
    "cellChangeFrom":[],
    "cellChangeTo":[],
    "container":["432062-0","432063-0","432064-0","432084-0","432085-0","432089-0","0-1633","0-1634","0-1635","0-1631","0-1632"],
    "death":[],
    "delete":[],
    "doorState":[],
    "equipment":[],
    "lock":[],
    "place":[],
    "position":["0-1631","0-1632","0-1633","0-1634","0-1635"],
    "scale":[],
    "spawn":["0-1633","0-1634","0-1635","0-1631","0-1632"],
    "state":[],
    "statsDynamic":["0-1631","0-1632","0-1633","0-1634","0-1635"],
    "trap":[],
    "miscellaneous":[],
    "clientScriptLocal":[],
    "spellsActive":[]
  },
  "entry":{
    "description":"5, 22",
    "creationTime":1723748181
  },
  "lastVisit":{
    "Benoit":1723748875,
    "Fidgug":1723748873
  },
  "recordLinks":[],
  "objectData":{
    "0-1633":{
      "refId":"rat",
      "location":{
        "posY":182552.09375,
        "posZ":1374.9757080078,
        "rotX":0.71741729974747,
        "rotZ":-0.014855146408081,
        "rotY":0,
        "posX":47737.49609375
      },
      "stats":{
        "healthBase":23,
        "healthCurrent":23,
        "magickaBase":10,
        "magickaModified":10,
        "fatigueBase":300,
        "fatigueCurrent":300,
        "fatigueModified":300,
        "magickaCurrent":10,
        "healthModified":23
      },
      "inventory":[]
    },
    "0-1634":{
      "refId":"rat_diseased",
      "location":{
        "posY":181144.03125,
        "posZ":2246.9692382813,
        "rotX":-0.02990584820509,
        "rotZ":-3.0091297626495,
        "rotY":0,
        "posX":46935.84375
      },
      "stats":{
        "healthBase":23,
        "healthCurrent":23,
        "magickaBase":10,
        "magickaModified":10,
        "fatigueBase":113,
        "fatigueCurrent":113,
        "fatigueModified":113,
        "magickaCurrent":10,
        "healthModified":23
      },
      "inventory":[{
          "refId":"ingred_rat_meat_01",
          "count":2,
          "charge":-1,
          "enchantmentCharge":-1,
          "soul":""
        }]
    },
    "0-1635":{
      "refId":"mudcrab",
      "location":{
        "posY":186126.46875,
        "posZ":143.56021118164,
        "rotX":0,
        "rotZ":-3.099999666214,
        "rotY":0,
        "posX":47153.046875
      },
      "stats":{
        "healthBase":15,
        "healthCurrent":15,
        "magickaBase":5,
        "magickaModified":5,
        "fatigueBase":400,
        "fatigueCurrent":400,
        "fatigueModified":400,
        "magickaCurrent":5,
        "healthModified":15
      },
      "inventory":[{
          "refId":"ingred_crab_meat_01",
          "count":1,
          "charge":-1,
          "enchantmentCharge":-1,
          "soul":""
        }]
    },
    "0-1631":{
      "refId":"nix-hound blighted",
      "location":{
        "posY":185300.4375,
        "posZ":217.74641418457,
        "rotX":0,
        "rotZ":-1.2999985218048,
        "rotY":0,
        "posX":45700.328125
      },
      "stats":{
        "healthBase":68,
        "healthCurrent":68,
        "magickaBase":10,
        "magickaModified":10,
        "fatigueBase":132,
        "fatigueCurrent":132,
        "fatigueModified":132,
        "magickaCurrent":10,
        "healthModified":68
      },
      "inventory":[{
          "refId":"ingred_hound_meat_01",
          "count":1,
          "charge":-1,
          "enchantmentCharge":-1,
          "soul":""
        }]
    },
    "0-1632":{
      "refId":"nix-hound blighted",
      "location":{
        "posY":185559.359375,
        "posZ":200.38862609863,
        "rotX":0,
        "rotZ":-2.1999981403351,
        "rotY":0,
        "posX":45576.90234375
      },
      "stats":{
        "healthBase":68,
        "healthCurrent":68,
        "magickaBase":10,
        "magickaModified":10,
        "fatigueBase":118,
        "fatigueCurrent":118,
        "fatigueModified":118,
        "magickaCurrent":10,
        "healthModified":68
      },
      "inventory":[{
          "refId":"ingred_hound_meat_01",
          "count":3,
          "charge":-1,
          "enchantmentCharge":-1,
          "soul":""
        }]
    },
    "432062-0":{
      "refId":"kollop_01_pearl",
      "inventory":[]
    },
    "432063-0":{
      "refId":"kollop_03_pearl",
      "inventory":[{
          "refId":"ingred_pearl_01",
          "count":1,
          "charge":-1,
          "enchantmentCharge":-1,
          "soul":""
        }]
    },
    "432064-0":{
      "refId":"kollop_03_pearl",
      "inventory":[{
          "refId":"ingred_pearl_01",
          "count":1,
          "charge":-1,
          "enchantmentCharge":-1,
          "soul":""
        }]
    },
    "432084-0":{
      "refId":"kollop_03_pearl",
      "inventory":[]
    },
    "432085-0":{
      "refId":"kollop_03_pearl",
      "inventory":[{
          "refId":"ingred_pearl_01",
          "count":1,
          "charge":-1,
          "enchantmentCharge":-1,
          "soul":""
        }]
    },
    "432089-0":{
      "refId":"kollop_01_pearl",
      "inventory":[{
          "refId":"ingred_pearl_01",
          "count":1,
          "charge":-1,
          "enchantmentCharge":-1,
          "soul":""
        }]
    }
  },
  "loadState":{
    "hasFullActorList":true,
    "hasFullContainerData":true
  }
}