{
  "packets":{
    "actorList":["0-324","0-326","0-325","0-323","147028-0","147029-0","0-330"],
    "ai":[],
    "cellChangeFrom":[],
    "cellChangeTo":[],
    "container":["174234-0","163066-0","163068-0","163069-0","147028-0","147029-0","0-324","0-326","0-325","0-323","0-330"],
    "death":[],
    "delete":[],
    "doorState":[],
    "equipment":["147028-0","147029-0"],
    "lock":[],
    "place":[],
    "position":["147028-0","147029-0","0-323","0-324","0-325","0-326","0-330"],
    "scale":[],
    "spawn":["0-324","0-326","0-325","0-323","0-330"],
    "state":[],
    "statsDynamic":["147028-0","147029-0","0-323","0-324","0-325","0-326","0-330"],
    "trap":[],
    "miscellaneous":[],
    "clientScriptLocal":[],
    "spellsActive":[]
  },
  "entry":{
    "description":"6, -5",
    "creationTime":1715364182
  },
  "lastVisit":{
    "Benoit":1715365561,
    "Fidgug":1715365563
  },
  "recordLinks":[],
  "objectData":{
    "0-326":{
      "refId":"alit_diseased",
      "location":{
        "posX":56414.578125,
        "posY":-37549.73828125,
        "posZ":744.92926025391,
        "rotX":0.41911354660988,
        "rotZ":-3.0624887943268,
        "rotY":0
      },
      "stats":{
        "magickaCurrent":75,
        "fatigueBase":170,
        "fatigueCurrent":170,
        "fatigueModified":170,
        "healthModified":30,
        "magickaModified":75,
        "healthBase":30,
        "healthCurrent":30,
        "magickaBase":75
      },
      "inventory":[{
          "refId":"ingred_alit_hide_01",
          "count":1,
          "charge":-1,
          "enchantmentCharge":-1,
          "soul":""
        }]
    },
    "0-325":{
      "refId":"alit_diseased",
      "location":{
        "posX":52981.3671875,
        "posY":-35854.1875,
        "posZ":979.74725341797,
        "rotX":0.22750598192215,
        "rotZ":2.7043211460114,
        "rotY":0
      },
      "stats":{
        "magickaCurrent":75,
        "fatigueBase":170,
        "fatigueCurrent":170,
        "fatigueModified":170,
        "healthModified":30,
        "magickaModified":75,
        "healthBase":30,
        "healthCurrent":30,
        "magickaBase":75
      },
      "inventory":[{
          "refId":"ingred_alit_hide_01",
          "count":1,
          "charge":-1,
          "enchantmentCharge":-1,
          "soul":""
        }]
    },
    "0-323":{
      "refId":"alit",
      "location":{
        "posX":53667.78125,
        "posY":-37384.38671875,
        "posZ":1044.0581054688,
        "rotX":-0.079218909144402,
        "rotZ":2.4831411838531,
        "rotY":0
      },
      "stats":{
        "magickaCurrent":75,
        "fatigueBase":400,
        "fatigueCurrent":400,
        "fatigueModified":400,
        "healthModified":30,
        "magickaModified":75,
        "healthBase":30,
        "healthCurrent":30,
        "magickaBase":75
      },
      "inventory":[]
    },
    "147028-0":{
      "refId":"dinuro ienith",
      "location":{
        "posX":52409.859375,
        "posY":-37699.45703125,
        "posZ":719.875,
        "rotX":0.16173805296421,
        "rotZ":0.43458390235901,
        "rotY":0
      },
      "stats":{
        "magickaCurrent":110,
        "fatigueBase":227,
        "fatigueCurrent":227,
        "fatigueModified":227,
        "healthModified":81,
        "magickaModified":110,
        "healthBase":81,
        "healthCurrent":81,
        "magickaBase":110
      },
      "equipment":{
        "7":{
          "refId":"expensive_shoes_01",
          "count":1,
          "charge":-1,
          "enchantmentCharge":-1
        },
        "16":{
          "refId":"iron warhammer",
          "count":1,
          "charge":-1,
          "enchantmentCharge":-1
        },
        "11":{
          "refId":"expensive_robe_02_a",
          "count":1,
          "charge":-1,
          "enchantmentCharge":-1
        },
        "14":{
          "refId":"expensive_amulet_01",
          "count":1,
          "charge":-1,
          "enchantmentCharge":-1
        }
      },
      "inventory":[{
          "refId":"expensive_amulet_01",
          "count":1,
          "charge":-1,
          "enchantmentCharge":-1,
          "soul":""
        },{
          "refId":"expensive_robe_02_a",
          "count":1,
          "charge":-1,
          "enchantmentCharge":-1,
          "soul":""
        },{
          "refId":"expensive_shoes_01",
          "count":1,
          "charge":-1,
          "enchantmentCharge":-1,
          "soul":""
        },{
          "refId":"iron warhammer",
          "count":1,
          "charge":-1,
          "enchantmentCharge":-1,
          "soul":""
        }]
    },
    "147029-0":{
      "refId":"arns uvalas",
      "location":{
        "posX":51181.03125,
        "posY":-36677.2109375,
        "posZ":686.45184326172,
        "rotX":-0.030567087233067,
        "rotZ":-0.90889286994934,
        "rotY":0
      },
      "stats":{
        "magickaCurrent":90,
        "fatigueBase":209,
        "fatigueCurrent":209,
        "fatigueModified":209,
        "healthModified":72,
        "magickaModified":90,
        "healthBase":72,
        "healthCurrent":72,
        "magickaBase":90
      },
      "equipment":{
        "7":{
          "refId":"common_shoes_05",
          "count":1,
          "charge":-1,
          "enchantmentCharge":-1
        },
        "8":{
          "refId":"common_shirt_05",
          "count":1,
          "charge":-1,
          "enchantmentCharge":-1
        },
        "16":{
          "refId":"chitin throwing star",
          "count":20,
          "charge":-1,
          "enchantmentCharge":-1
        },
        "9":{
          "refId":"common_pants_05",
          "count":1,
          "charge":-1,
          "enchantmentCharge":-1
        }
      },
      "inventory":[{
          "refId":"common_shirt_05",
          "count":1,
          "charge":-1,
          "enchantmentCharge":-1,
          "soul":""
        },{
          "refId":"common_shoes_05",
          "count":1,
          "charge":-1,
          "enchantmentCharge":-1,
          "soul":""
        },{
          "refId":"common_pants_05",
          "count":1,
          "charge":-1,
          "enchantmentCharge":-1,
          "soul":""
        },{
          "refId":"chitin throwing star",
          "count":20,
          "charge":-1,
          "enchantmentCharge":-1,
          "soul":""
        }]
    },
    "174234-0":{
      "refId":"tramaroot_06",
      "inventory":[]
    },
    "163066-0":{
      "refId":"tramaroot_06",
      "inventory":[]
    },
    "163068-0":{
      "refId":"flora_fire_fern_01",
      "inventory":[{
          "refId":"ingred_fire_petal_01",
          "count":1,
          "charge":-1,
          "enchantmentCharge":-1,
          "soul":""
        }]
    },
    "163069-0":{
      "refId":"contain_trama_shrub_05",
      "inventory":[{
          "refId":"ingred_trama_root_01",
          "count":1,
          "charge":-1,
          "enchantmentCharge":-1,
          "soul":""
        }]
    },
    "0-330":{
      "refId":"slaughterfish",
      "location":{
        "posX":49234.39453125,
        "posY":-39196.0390625,
        "posZ":-458.92193603516,
        "rotX":0.0054380688816309,
        "rotZ":-2.9506485462189,
        "rotY":0
      },
      "stats":{
        "magickaCurrent":10,
        "fatigueBase":400,
        "fatigueCurrent":400,
        "healthBase":23,
        "healthModified":23,
        "magickaModified":10,
        "fatigueModified":400,
        "healthCurrent":23,
        "magickaBase":10
      },
      "inventory":[{
          "refId":"ingred_scales_01",
          "count":2,
          "charge":-1,
          "enchantmentCharge":-1,
          "soul":""
        }]
    },
    "0-324":{
      "refId":"alit_diseased",
      "location":{
        "posX":53539.93359375,
        "posY":-38325.9140625,
        "posZ":1068.3896484375,
        "rotX":0.012582394294441,
        "rotZ":2.4713428020477,
        "rotY":0
      },
      "stats":{
        "magickaCurrent":75,