{
  "packets":{
    "actorList":["0-1166","0-1167","0-1168","0-1169","0-1202","0-1165"],
    "ai":[],
    "cellChangeFrom":[],
    "cellChangeTo":[],
    "container":["283372-0","283374-0","283375-0","477908-0","477910-0","477915-0","477919-0","477920-0","477921-0","477922-0","477927-0","477928-0","477929-0","477948-0","477949-0","477950-0","477951-0","477952-0","0-1166","0-1167","0-1168","0-1169","0-1202","0-1165"],
    "death":["0-1168","0-1169","0-1202"],
    "delete":[],
    "doorState":[],
    "equipment":[],
    "lock":[],
    "place":[],
    "position":["0-1166","0-1167","0-1168","0-1169","0-1202","0-1165"],
    "scale":[],
    "spawn":["0-1166","0-1167","0-1168","0-1169","0-1202","0-1165"],
    "state":[],
    "statsDynamic":["0-1166","0-1167","0-1168","0-1169","0-1202","0-1165"],
    "trap":[],
    "spellsActive":["0-1202"],
    "miscellaneous":[],
    "clientScriptLocal":[]
  },
  "entry":{
    "description":"6, -10",
    "creationTime":1718727513
  },
  "lastVisit":{
    "Benoit":1718730549,
    "Fidgug":1718730536
  },
  "recordLinks":[],
  "objectData":{
    "0-1166":{
      "refId":"mudcrab",
      "location":{
        "rotY":0,
        "posX":56264.59375,
        "posY":-75418.9609375,
        "posZ":156.20941162109,
        "rotX":0.13816709816456,
        "rotZ":0.50682044029236
      },
      "stats":{
        "healthBase":15,
        "healthCurrent":15,
        "magickaBase":5,
        "magickaCurrent":5,
        "fatigueBase":400,
        "healthModified":15,
        "magickaModified":5,
        "fatigueModified":400,
        "fatigueCurrent":400
      },
      "inventory":[{
          "refId":"ingred_crab_meat_01",
          "count":1,
          "charge":-1,
          "enchantmentCharge":-1,
          "soul":""
        }]
    },
    "0-1167":{
      "refId":"mudcrab",
      "location":{
        "rotY":0,
        "posX":55270.56640625,
        "posY":-75363.359375,
        "posZ":345.8212890625,
        "rotX":1.0831577777863,
        "rotZ":-0.4785463809967
      },
      "stats":{
        "healthBase":15,
        "healthCurrent":15,
        "magickaBase":5,
        "magickaCurrent":5,
        "fatigueBase":400,
        "healthModified":15,
        "magickaModified":5,
        "fatigueModified":400,
        "fatigueCurrent":400
      },
      "inventory":[{
          "refId":"ingred_crab_meat_01",
          "count":2,
          "charge":-1,
          "enchantmentCharge":-1,
          "soul":""
        }]
    },
    "0-1168":{
      "refId":"guar_feral",
      "location":{
        "rotY":0,
        "posX":53888.375,
        "posY":-80051.453125,
        "posZ":955.63623046875,
        "rotX":-0.14723588526249,
        "rotZ":-1.5103280544281
      },
      "stats":{
        "healthBase":38,
        "healthCurrent":0,
        "magickaBase":5,
        "magickaCurrent":5,
        "fatigueBase":400,
        "healthModified":38,
        "magickaModified":5,
        "fatigueModified":400,
        "fatigueCurrent":398.6872253418
      },
      "inventory":[],
      "deathState":38,
      "killer":{
        "playerName":"Fidgug"
      }
    },
    "0-1169":{
      "refId":"guar_feral",
      "location":{
        "rotY":0,
        "posX":53943.109375,
        "posY":-80153.65625,
        "posZ":950.96643066406,
        "rotX":0.66131114959717,
        "rotZ":0.9469907283783
      },
      "stats":{
        "healthBase":38,
        "healthCurrent":0,
        "magickaBase":5,
        "magickaCurrent":5,
        "fatigueBase":400,
        "healthModified":38,
        "magickaModified":5,
        "fatigueModified":400,
        "fatigueCurrent":400
      },
      "inventory":[],
      "deathState":38,
      "killer":{
        "playerName":"Fidgug"
      }
    },
    "0-1202":{
      "refId":"kwama forager",
      "location":{
        "rotY":0,
        "posX":54183.7890625,
        "posY":-80395.453125,
        "posZ":807.11163330078,
        "rotX":-0.4734300673008,
        "rotZ":-1.1809275150299
      },
      "stats":{
        "healthBase":23,
        "healthCurrent":0,
        "magickaBase":15,
        "magickaCurrent":15,
        "fatigueBase":300,
        "healthModified":23,
        "magickaModified":15,
        "fatigueModified":300,
        "fatigueCurrent":300
      },
      "inventory":[{
          "refId":"ingred_kwama_cuttle_01",
          "count":1,
          "charge":-1,
          "enchantmentCharge":-1,
          "soul":""
        }],
      "spellsActive":{
        "steel jinkblade":[{
            "displayName":"Steel Jinkblade",
            "stackingState":false,
            "effects":[{
                "id":45,
                "duration":10,
                "timeLeft":10,
                "magnitude":1,
                "arg":-1
              }],
            "caster":{
              "playerName":"Benoit"
            },
            "startTime":1718727710
          }]
      },
      "deathState":38,
      "killer":{
        "playerName":"Fidgug"
      }
    },
    "283372-0":{
      "refId":"flora_gold_kanet_01",
      "inventory":[{
          "refId":"ingred_gold_kanet_01",
          "count":1,
          "charge":-1,
          "enchantmentCharge":-1,
          "soul":""
        }]
    },
    "283374-0":{
      "refId":"flora_gold_kanet_01",
      "inventory":[{
          "refId":"ingred_gold_kanet_01",
          "count":1,
          "charge":-1,
          "enchantmentCharge":-1,
          "soul":""
        }]
    },
    "283375-0":{
      "refId":"flora_gold_kanet_01",
      "inventory":[{
          "refId":"ingred_gold_kanet_01",
          "count":1,
          "charge":-1,
          "enchantmentCharge":-1,
          "soul":""
        }]
    },
    "477908-0":{
      "refId":"flora_corkbulb",
      "inventory":[{
          "refId":"ingred_corkbulb_root_01",
          "count":1,
          "charge":-1,
          "enchantmentCharge":-1,
          "soul":""
        }]
    },
    "477910-0":{
      "refId":"flora_willow_flower_02",
      "inventory":[{
          "refId":"ingred_willow_anther_01",
          "count":1,
          "charge":-1,
          "enchantmentCharge":-1,
          "soul":""
        }]
    },
    "477915-0":{
      "refId":"flora_comberry_01",
      "inventory":[]
    },
    "477919-0":{
      "refId":"flora_black_anther_02",
      "inventory":[{
          "refId":"ingred_black_anther_01",
          "count":1,
          "charge":-1,
          "enchantmentCharge":-1,
          "soul":""
        }]
    },
    "477920-0":{
      "refId":"flora_willow_flower_01",
      "inventory":[]
    },
    "477921-0":{
      "refId":"flora_willow_flower_01",
      "inventory":[{
          "refId":"ingred_willow_anther_01",
          "count":1,
          "charge":-1,
          "enchantmentCharge":-1,
          "soul":""
        }]
    },
    "477922-0":{
      "refId":"flora_willow_flower_02",
      "inventory":[{
          "refId":"ingred_willow_anther_01",
          "count":1,
          "charge":-1,
          "enchantmentCharge":-1,
          "soul":""
        }]
    },
    "477927-0":{
      "refId":"flora_corkbulb",
      "inventory":[{
          "refId":"ingred_corkbulb_root_01",
          "count":1,
          "charge":-1,
          "enchantmentCharge":-1,
          "soul":""
        }]
    },
    "477928-0":{
      "refId":"flora_gold_kanet_01",
      "inventory":[{
          "refId":"ingred_gold_kanet_01",
          "count":1,
          "charge":-1,
          "enchantmentCharge":-1,
          "soul":""
        }]
    },
    "477929-0":{
      "refId":"flora_gold_kanet_02",
      "inventory":[{
          "refId":"ingred_gold_kanet_01",
          "count":1,
          "charge":-1,
          "enchantmentCharge":-1,
          "soul":""
        }]
    },
    "477948-0":{
      "refId":"flora_gold_kanet_01",
      "inventory":[{
          "refId":"ingred_gold_kanet_01",
          "count":1,
          "charge":-1,
          "enchantmentCharge":-1,
          "soul":""
        }]
    },