{
  "packets":{
    "actorList":["0-1171","0-1172","275013-0","275014-0","0-1170","275015-0"],
    "ai":[],
    "cellChangeFrom":[],
    "cellChangeTo":[],
    "container":["458279-0","458287-0","458294-0","458301-0","477982-0","477983-0","477986-0","477987-0","477988-0","477989-0","275013-0","275014-0","0-1171","0-1172","0-1170","275015-0"],
    "death":[],
    "delete":[],
    "doorState":[],
    "equipment":[],
    "lock":[],
    "place":[],
    "position":["275013-0","275014-0","0-1170","0-1171","0-1172","275015-0"],
    "scale":[],
    "spawn":["0-1171","0-1172","0-1170"],
    "state":[],
    "statsDynamic":["275013-0","275014-0","0-1170","0-1171","0-1172","275015-0"],
    "trap":[],
    "spellsActive":[],
    "miscellaneous":[],
    "clientScriptLocal":[]
  },
  "entry":{
    "description":"6, -12",
    "creationTime":1718727513
  },
  "lastVisit":{
    "Benoit":1718728296,
    "Fidgug":1718728285
  },
  "recordLinks":[],
  "objectData":{
    "477989-0":{
      "refId":"flora_gold_kanet_01",
      "inventory":[{
          "refId":"ingred_gold_kanet_01",
          "count":1,
          "charge":-1,
          "enchantmentCharge":-1,
          "soul":""
        }]
    },
    "0-1171":{
      "refId":"slaughterfish_small",
      "location":{
        "rotY":0,
        "posX":52805.6015625,
        "posY":-94926.59375,
        "posZ":-294.27172851563,
        "rotX":0,
        "rotZ":-1.0053384304047
      },
      "stats":{
        "healthBase":15,
        "healthCurrent":15,
        "magickaBase":10,
        "magickaCurrent":10,
        "fatigueBase":300,
        "healthModified":15,
        "magickaModified":10,
        "fatigueModified":300,
        "fatigueCurrent":300
      },
      "inventory":[]
    },
    "0-1172":{
      "refId":"slaughterfish_small",
      "location":{
        "rotY":0,
        "posX":50252.37890625,
        "posY":-97386.8984375,
        "posZ":-964.06201171875,
        "rotX":0,
        "rotZ":-1.905374288559
      },
      "stats":{
        "healthBase":15,
        "healthCurrent":15,
        "magickaBase":10,
        "magickaCurrent":10,
        "fatigueBase":300,
        "healthModified":15,
        "magickaModified":10,
        "fatigueModified":300,
        "fatigueCurrent":300
      },
      "inventory":[]
    },
    "275013-0":{
      "refId":"netch_betty_ranched",
      "location":{
        "rotY":0,
        "posX":55296.99609375,
        "posY":-90528.0078125,
        "posZ":1070.6569824219,
        "rotX":0.0018335292115808,
        "rotZ":0.20183444023132
      },
      "stats":{
        "healthBase":113,
        "healthCurrent":113,
        "magickaBase":75,
        "magickaCurrent":75,
        "fatigueBase":400,
        "healthModified":113,
        "magickaModified":75,
        "fatigueModified":400,
        "fatigueCurrent":400
      },
      "inventory":[{
          "refId":"ingred_netch_leather_01",
          "count":2,
          "charge":-1,
          "enchantmentCharge":-1,
          "soul":""
        }]
    },
    "275014-0":{
      "refId":"netch_betty_ranched",
      "location":{
        "rotY":0,
        "posX":53298.25390625,
        "posY":-91066.8125,
        "posZ":1150.2171630859,
        "rotX":0.00013333559036255,
        "rotZ":-3.0404479503632
      },
      "stats":{
        "healthBase":113,
        "healthCurrent":113,
        "magickaBase":75,
        "magickaCurrent":75,
        "fatigueBase":400,
        "healthModified":113,
        "magickaModified":75,
        "fatigueModified":400,
        "fatigueCurrent":400
      },
      "inventory":[]
    },
    "0-1170":{
      "refId":"guar_feral",
      "location":{
        "rotY":0,
        "posX":50216.31640625,
        "posY":-91629.0234375,
        "posZ":955.99291992188,
        "rotX":0.25162732601166,
        "rotZ":-2.2758815288544
      },
      "stats":{
        "healthBase":38,
        "healthCurrent":38,
        "magickaBase":5,
        "magickaCurrent":5,
        "fatigueBase":400,
        "healthModified":38,
        "magickaModified":5,
        "fatigueModified":400,
        "fatigueCurrent":400
      },
      "inventory":[{
          "refId":"ingred_guar_hide_01",
          "count":2,
          "charge":-1,
          "enchantmentCharge":-1,
          "soul":""
        }]
    },
    "458279-0":{
      "refId":"kollop_03_pearl",
      "inventory":[]
    },
    "458287-0":{
      "refId":"kollop_03_pearl",
      "inventory":[{
          "refId":"ingred_pearl_01",
          "count":1,
          "charge":-1,
          "enchantmentCharge":-1,
          "soul":""
        }]
    },
    "458294-0":{
      "refId":"kollop_02_pearl",
      "inventory":[{
          "refId":"ingred_pearl_01",
          "count":1,
          "charge":-1,
          "enchantmentCharge":-1,
          "soul":""
        }]
    },
    "458301-0":{
      "refId":"kollop_02_pearl",
      "inventory":[]
    },
    "477982-0":{
      "refId":"flora_gold_kanet_01",
      "inventory":[{
          "refId":"ingred_gold_kanet_01",
          "count":1,
          "charge":-1,
          "enchantmentCharge":-1,
          "soul":""
        }]
    },
    "477983-0":{
      "refId":"flora_gold_kanet_02",
      "inventory":[{
          "refId":"ingred_gold_kanet_01",
          "count":1,
          "charge":-1,
          "enchantmentCharge":-1,
          "soul":""
        }]
    },
    "477986-0":{
      "refId":"flora_gold_kanet_02",
      "inventory":[{
          "refId":"ingred_gold_kanet_01",
          "count":1,
          "charge":-1,
          "enchantmentCharge":-1,
          "soul":""
        }]
    },
    "477987-0":{
      "refId":"flora_gold_kanet_01",
      "inventory":[]
    },
    "477988-0":{
      "refId":"flora_gold_kanet_02",
      "inventory":[]
    },
    "275015-0":{
      "refId":"netch_bull_ranched",
      "location":{
        "rotY":0,
        "posX":57268.89453125,
        "posY":-92882.734375,
        "posZ":1016.4321289063,
        "rotX":0.0059605157002807,
        "rotZ":1.193900346756
      },
      "stats":{
        "healthBase":45,
        "healthCurrent":45,
        "magickaBase":20,
        "magickaCurrent":20,
        "fatigueBase":400,
        "healthModified":45,
        "magickaModified":20,
        "fatigueModified":400,
        "fatigueCurrent":400
      },
      "inventory":[{
          "refId":"ingred_netch_leather_01",
          "count":2,
          "charge":-1,
          "enchantmentCharge":-1,
          "soul":""
        }]
    }
  },
  "loadState":{
    "hasFullActorList":true,
    "hasFullContainerData":true
  }
}