{
  "packets":{
    "actorList":["0-1180","275008-0","275009-0","275005-0","275004-0","341010-0","275006-0","0-1179"],
    "ai":[],
    "cellChangeFrom":[],
    "cellChangeTo":[],
    "container":["323711-0","323715-0","323720-0","323721-0","323727-0","323747-0","457047-0","457055-0","457062-0","457069-0","275008-0","275009-0","275005-0","0-1180","275004-0","341010-0","275006-0","0-1179"],
    "death":[],
    "delete":[],
    "doorState":[],
    "equipment":["275009-0","275008-0"],
    "lock":[],
    "place":[],
    "position":["275005-0","275008-0","275009-0","341010-0","0-1180","275004-0","275006-0","0-1179"],
    "scale":[],
    "spawn":["0-1180","0-1179"],
    "state":[],
    "statsDynamic":["275005-0","275008-0","275009-0","341010-0","0-1180","275004-0","275006-0","0-1179"],
    "trap":[],
    "spellsActive":[],
    "miscellaneous":[],
    "clientScriptLocal":[]
  },
  "entry":{
    "description":"7, -12",
    "creationTime":1718727639
  },
  "lastVisit":{
    "Benoit":1718728448,
    "Fidgug":1718728470
  },
  "recordLinks":[],
  "objectData":{
    "275006-0":{
      "refId":"netch_bull_ranched",
      "location":{
        "rotY":0,
        "posX":57414.828125,
        "posY":-96038.109375,
        "posZ":670.02624511719,
        "rotX":0.10334008932114,
        "rotZ":-0.8224618434906
      },
      "stats":{
        "healthBase":45,
        "healthCurrent":45,
        "magickaBase":20,
        "magickaCurrent":20,
        "fatigueBase":400,
        "healthModified":45,
        "magickaModified":20,
        "fatigueModified":400,
        "fatigueCurrent":400
      },
      "inventory":[{
          "refId":"ingred_netch_leather_01",
          "count":2,
          "charge":-1,
          "enchantmentCharge":-1,
          "soul":""
        }]
    },
    "323711-0":{
      "refId":"flora_heather_01",
      "inventory":[{
          "refId":"ingred_heather_01",
          "count":2,
          "charge":-1,
          "enchantmentCharge":-1,
          "soul":""
        }]
    },
    "323715-0":{
      "refId":"flora_gold_kanet_01",
      "inventory":[{
          "refId":"ingred_gold_kanet_01",
          "count":1,
          "charge":-1,
          "enchantmentCharge":-1,
          "soul":""
        }]
    },
    "323720-0":{
      "refId":"urn_04_food",
      "inventory":[{
          "refId":"ingred_saltrice_01",
          "count":4,
          "charge":-1,
          "enchantmentCharge":-1,
          "soul":""
        }]
    },
    "323721-0":{
      "refId":"urn_05_food",
      "inventory":[{
          "refId":"food_kwama_egg_01",
          "count":2,
          "charge":-1,
          "enchantmentCharge":-1,
          "soul":""
        },{
          "refId":"ingred_saltrice_01",
          "count":2,
          "charge":-1,
          "enchantmentCharge":-1,
          "soul":""
        }]
    },
    "323727-0":{
      "refId":"flora_heather_01",
      "inventory":[{
          "refId":"ingred_heather_01",
          "count":2,
          "charge":-1,
          "enchantmentCharge":-1,
          "soul":""
        }]
    },
    "323747-0":{
      "refId":"urn_02_food",
      "inventory":[{
          "refId":"ingred_saltrice_01",
          "count":4,
          "charge":-1,
          "enchantmentCharge":-1,
          "soul":""
        }]
    },
    "457047-0":{
      "refId":"kollop_03_pearl",
      "inventory":[]
    },
    "457055-0":{
      "refId":"kollop_03_pearl",
      "inventory":[]
    },
    "457062-0":{
      "refId":"kollop_02_pearl",
      "inventory":[]
    },
    "457069-0":{
      "refId":"kollop_02_pearl",
      "inventory":[]
    },
    "0-1180":{
      "refId":"rat",
      "location":{
        "rotY":0,
        "posX":59133.94921875,
        "posY":-97083.0703125,
        "posZ":977.28723144531,
        "rotX":0,
        "rotZ":0
      },
      "stats":{
        "healthBase":23,
        "healthCurrent":23,
        "magickaBase":10,
        "magickaCurrent":10,
        "fatigueBase":300,
        "healthModified":23,
        "magickaModified":10,
        "fatigueModified":300,
        "fatigueCurrent":300
      },
      "inventory":[{
          "refId":"ingred_rat_meat_01",
          "count":1,
          "charge":-1,
          "enchantmentCharge":-1,
          "soul":""
        }]
    },
    "341010-0":{
      "refId":"slaughterfish",
      "location":{
        "rotY":0,
        "posX":64245.71875,
        "posY":-91260.625,
        "posZ":-227.88963317871,
        "rotX":0,
        "rotZ":-0.48306918144226
      },
      "stats":{
        "healthBase":23,
        "healthCurrent":23,
        "magickaBase":10,
        "magickaCurrent":10,
        "fatigueBase":400,
        "healthModified":23,
        "magickaModified":10,
        "fatigueModified":400,
        "fatigueCurrent":399.99166870117
      },
      "inventory":[]
    },
    "275008-0":{
      "refId":"hlaalu guard",
      "location":{
        "rotY":0,
        "posX":58304.3515625,
        "posY":-92871.375,
        "posZ":673.92749023438,
        "rotX":0,
        "rotZ":5.5831861495972
      },
      "stats":{
        "healthBase":210,
        "healthCurrent":210,
        "magickaBase":122,
        "magickaCurrent":122,
        "fatigueBase":307,
        "healthModified":210,
        "magickaModified":122,
        "fatigueModified":307,
        "fatigueCurrent":307
      },
      "equipment":{
        "0":{
          "refId":"bonemold_armun-an_helm",
          "count":1,
          "charge":-1,
          "enchantmentCharge":-1
        },
        "1":{
          "refId":"bonemold_armun-an_cuirass",
          "count":1,
          "charge":-1,
          "enchantmentCharge":-1
        },
        "2":{
          "refId":"bonemold_greaves",
          "count":1,
          "charge":-1,
          "enchantmentCharge":-1
        },
        "3":{
          "refId":"bonemold_armun-an_pauldron_l",
          "count":1,
          "charge":-1,
          "enchantmentCharge":-1
        },
        "4":{
          "refId":"bonemold_armun-an_pauldron_r",
          "count":1,
          "charge":-1,
          "enchantmentCharge":-1
        },
        "5":{
          "refId":"bonemold_bracer_left",
          "count":1,
          "charge":-1,
          "enchantmentCharge":-1
        },
        "6":{
          "refId":"bonemold_bracer_right",
          "count":1,
          "charge":-1,
          "enchantmentCharge":-1
        },
        "7":{
          "refId":"bonemold_boots",
          "count":1,
          "charge":-1,
          "enchantmentCharge":-1
        },
        "9":{
          "refId":"expensive_pants_01_e",
          "count":1,
          "charge":-1,
          "enchantmentCharge":-1
        },
        "16":{
          "refId":"steel longsword",
          "count":1,
          "charge":-1,
          "enchantmentCharge":-1
        },
        "17":{
          "refId":"bonemold_tshield_hlaaluguard",
          "count":1,
          "charge":-1,
          "enchantmentCharge":-1
        }
      },
      "inventory":[{
          "refId":"bonemold_bracer_right",
          "count":1,
          "charge":-1,
          "enchantmentCharge":-1,
          "soul":""
        },{
          "refId":"bonemold_bracer_left",
          "count":1,
          "charge":-1,
          "enchantmentCharge":-1,
          "soul":""
        },{
          "refId":"bonemold_tshield_hlaaluguard",
          "count":1,
          "charge":-1,
          "enchantmentCharge":-1,
          "soul":""
        },{
          "refId":"bonemold_boots",
          "count":1,
          "charge":-1,
          "enchantmentCharge":-1,
          "soul":""
        },{
          "refId":"bonemold_greaves",
          "count":1,
          "charge":-1,
          "enchantmentCharge":-1,
          "soul":""
        },{
          "refId":"bonemold_armun-an_pauldron_r",
          "count":1,
          "charge":-1,
          "enchantmentCharge":-1,
          "soul":""
        },{
          "refId":"bonemold_armun-an_pauldron_l",
          "count":1,
          "charge":-1,