{
  "packets":{
    "actorList":["0-1201","0-1194","0-1196","0-1197","341005-0","347401-0","0-1209","0-1195"],
    "ai":[],
    "cellChangeFrom":[],
    "cellChangeTo":[],
    "container":["283280-0","283281-0","283282-0","283283-0","283284-0","283285-0","331682-0","331684-0","358130-0","358131-0","358132-0","358133-0","358134-0","456599-0","456697-0","456701-0","480881-0","480882-0","341005-0","347401-0","0-1201","0-1194","0-1196","0-1197","0-1209","0-1195"],
    "death":["0-1195","0-1194","0-1201"],
    "delete":[],
    "doorState":[],
    "equipment":[],
    "lock":[],
    "place":[],
    "position":["341005-0","347401-0","0-1194","0-1196","0-1197","0-1201","0-1209","0-1195"],
    "scale":[],
    "spawn":["0-1201","0-1194","0-1196","0-1197","0-1209","0-1195"],
    "state":[],
    "statsDynamic":["341005-0","347401-0","0-1194","0-1196","0-1197","0-1201","0-1209","0-1195"],
    "trap":[],
    "spellsActive":["0-1201"],
    "miscellaneous":[],
    "clientScriptLocal":[]
  },
  "entry":{
    "description":"7, -9",
    "creationTime":1718727673
  },
  "lastVisit":{
    "Benoit":1718730412,
    "Fidgug":1718730407
  },
  "recordLinks":[],
  "objectData":{
    "0-1197":{
      "refId":"mudcrab-diseased",
      "location":{
        "rotY":0,
        "posX":64336.71875,
        "posY":-66482.4921875,
        "posZ":116.4623260498,
        "rotX":0.071290992200375,
        "rotZ":0.82352709770203
      },
      "stats":{
        "healthBase":15,
        "healthCurrent":15,
        "magickaBase":5,
        "magickaCurrent":5,
        "fatigueBase":25,
        "healthModified":15,
        "magickaModified":5,
        "fatigueModified":25,
        "fatigueCurrent":25
      },
      "inventory":[{
          "refId":"ingred_crab_meat_01",
          "count":1,
          "charge":-1,
          "enchantmentCharge":-1,
          "soul":""
        }]
    },
    "341005-0":{
      "refId":"slaughterfish",
      "location":{
        "rotY":0,
        "posX":60190.7265625,
        "posY":-68848.484375,
        "posZ":-336.32403564453,
        "rotX":0,
        "rotZ":0
      },
      "stats":{
        "healthBase":23,
        "healthCurrent":23,
        "magickaBase":10,
        "magickaCurrent":10,
        "fatigueBase":400,
        "healthModified":23,
        "magickaModified":10,
        "fatigueModified":400,
        "fatigueCurrent":400
      },
      "inventory":[{
          "refId":"ingred_scales_01",
          "count":2,
          "charge":-1,
          "enchantmentCharge":-1,
          "soul":""
        }]
    },
    "347401-0":{
      "refId":"slaughterfish",
      "location":{
        "rotY":0,
        "posX":61283.1328125,
        "posY":-69107.5546875,
        "posZ":-134.6177520752,
        "rotX":-0.0078083900734782,
        "rotZ":3.0257632732391
      },
      "stats":{
        "healthBase":23,
        "healthCurrent":23,
        "magickaBase":10,
        "magickaCurrent":10,
        "fatigueBase":400,
        "healthModified":23,
        "magickaModified":10,
        "fatigueModified":400,
        "fatigueCurrent":400
      },
      "inventory":[{
          "refId":"ingred_scales_01",
          "count":2,
          "charge":-1,
          "enchantmentCharge":-1,
          "soul":""
        }]
    },
    "283280-0":{
      "refId":"flora_gold_kanet_01",
      "inventory":[{
          "refId":"ingred_gold_kanet_01",
          "count":1,
          "charge":-1,
          "enchantmentCharge":-1,
          "soul":""
        }]
    },
    "283281-0":{
      "refId":"flora_gold_kanet_01",
      "inventory":[{
          "refId":"ingred_gold_kanet_01",
          "count":1,
          "charge":-1,
          "enchantmentCharge":-1,
          "soul":""
        }]
    },
    "283282-0":{
      "refId":"flora_gold_kanet_01",
      "inventory":[]
    },
    "283283-0":{
      "refId":"flora_gold_kanet_01",
      "inventory":[{
          "refId":"ingred_gold_kanet_01",
          "count":1,
          "charge":-1,
          "enchantmentCharge":-1,
          "soul":""
        }]
    },
    "283284-0":{
      "refId":"flora_gold_kanet_01",
      "inventory":[{
          "refId":"ingred_gold_kanet_01",
          "count":1,
          "charge":-1,
          "enchantmentCharge":-1,
          "soul":""
        }]
    },
    "283285-0":{
      "refId":"flora_gold_kanet_01",
      "inventory":[]
    },
    "331682-0":{
      "refId":"flora_gold_kanet_02_uni",
      "inventory":[{
          "refId":"ingred_gold_kanet_unique",
          "count":1,
          "charge":-1,
          "enchantmentCharge":-1,
          "soul":""
        }]
    },
    "331684-0":{
      "refId":"flora_gold_kanet_01_uni",
      "inventory":[{
          "refId":"ingred_gold_kanet_unique",
          "count":3,
          "charge":-1,
          "enchantmentCharge":-1,
          "soul":""
        }]
    },
    "358130-0":{
      "refId":"flora_kreshweed_01",
      "inventory":[{
          "refId":"ingred_kresh_fiber_01",
          "count":1,
          "charge":-1,
          "enchantmentCharge":-1,
          "soul":""
        }]
    },
    "358131-0":{
      "refId":"flora_kreshweed_03",
      "inventory":[]
    },
    "358132-0":{
      "refId":"flora_marshmerrow_01",
      "inventory":[{
          "refId":"ingred_marshmerrow_01",
          "count":1,
          "charge":-1,
          "enchantmentCharge":-1,
          "soul":""
        }]
    },
    "358133-0":{
      "refId":"flora_marshmerrow_02",
      "inventory":[{
          "refId":"ingred_marshmerrow_01",
          "count":1,
          "charge":-1,
          "enchantmentCharge":-1,
          "soul":""
        }]
    },
    "358134-0":{
      "refId":"flora_marshmerrow_01",
      "inventory":[{
          "refId":"ingred_marshmerrow_01",
          "count":1,
          "charge":-1,
          "enchantmentCharge":-1,
          "soul":""
        }]
    },
    "456599-0":{
      "refId":"kollop_03_pearl",
      "inventory":[{
          "refId":"ingred_pearl_01",
          "count":1,
          "charge":-1,
          "enchantmentCharge":-1,
          "soul":""
        }]
    },
    "456697-0":{
      "refId":"kollop_03_pearl",
      "inventory":[{
          "refId":"ingred_pearl_01",
          "count":1,
          "charge":-1,
          "enchantmentCharge":-1,
          "soul":""
        }]
    },
    "456701-0":{
      "refId":"kollop_02_pearl",
      "inventory":[{
          "refId":"ingred_pearl_01",
          "count":1,
          "charge":-1,
          "enchantmentCharge":-1,
          "soul":""
        }]
    },
    "480881-0":{
      "refId":"flora_gold_kanet_02_uni",
      "inventory":[{
          "refId":"ingred_gold_kanet_unique",
          "count":1,
          "charge":-1,
          "enchantmentCharge":-1,
          "soul":""
        }]
    },
    "480882-0":{
      "refId":"flora_gold_kanet_02_uni",
      "inventory":[{
          "refId":"ingred_gold_kanet_unique",
          "count":1,
          "charge":-1,
          "enchantmentCharge":-1,
          "soul":""
        }]
    },
    "0-1195":{
      "refId":"mudcrab",
      "location":{
        "rotY":0,
        "posX":61066.8203125,
        "posY":-72763.53125,
        "posZ":46.190341949463,
        "rotX":0.1332221776247,
        "rotZ":2.6994707584381
      },
      "stats":{
        "healthBase":15,
        "healthCurrent":0,
        "magickaBase":5,
        "magickaCurrent":5,
        "fatigueBase":400,
        "healthModified":15,
        "magickaModified":5,
        "fatigueModified":400,
        "fatigueCurrent":397.39389038086
      },
      "inventory":[],
      "deathState":39,
      "killer":{
        "playerName":"Fidgug"
      }
    },
    "0-1209":{
      "refId":"cliff racer",
      "location":{
        "rotY":0,
        "posX":65335.7734375,
        "posY":-73259.53125,
        "posZ":1434.2764892578,
        "rotX":0.0016933158040047,
        "rotZ":2.0402495861053
      },
      "stats":{
        "healthBase":45,
        "healthCurrent":45,
        "magickaBase":20,