{
  "packets":{
    "actorList":["0-1173","0-1174","0-1175","275003-0","0-1215","275007-0"],
    "ai":[],
    "cellChangeFrom":[],
    "cellChangeTo":[],
    "container":["118287-0","118288-0","118289-0","118290-0","118291-0","118292-0","118293-0","118294-0","118295-0","118297-0","118298-0","135222-0","135223-0","135224-0","456867-0","456875-0","456882-0","456888-0","456936-0","456940-0","456949-0","477851-0","477852-0","477853-0","477854-0","477856-0","477857-0","477858-0","477859-0","477860-0","477863-0","477864-0","477865-0","477866-0","477867-0","0-1173","0-1174","0-1175","0-1215","275003-0","275007-0"],
    "death":["0-1175","0-1215"],
    "delete":[],
    "doorState":[],
    "equipment":[],
    "lock":[],
    "place":[],
    "position":["0-1173","0-1174","0-1175","275003-0","0-1215","275007-0"],
    "scale":[],
    "spawn":["0-1173","0-1174","0-1175","0-1215"],
    "state":[],
    "statsDynamic":["0-1173","0-1174","0-1175","275003-0","0-1215","275007-0"],
    "trap":[],
    "spellsActive":[],
    "miscellaneous":[],
    "clientScriptLocal":[]
  },
  "entry":{
    "description":"7, -11",
    "creationTime":1718727639
  },
  "lastVisit":{
    "Benoit":1718729961,
    "Fidgug":1718729950
  },
  "recordLinks":[],
  "objectData":{
    "135223-0":{
      "refId":"flora_kreshweed_03",
      "inventory":[{
          "refId":"ingred_kresh_fiber_01",
          "count":1,
          "charge":-1,
          "enchantmentCharge":-1,
          "soul":""
        }]
    },
    "0-1175":{
      "refId":"mudcrab-diseased",
      "location":{
        "rotY":0,
        "posX":64372.59375,
        "posY":-83008.203125,
        "posZ":202.39138793945,
        "rotX":-0.2049161195755,
        "rotZ":2.4288690090179
      },
      "stats":{
        "healthBase":15,
        "healthCurrent":0,
        "magickaBase":5,
        "magickaCurrent":5,
        "fatigueBase":55,
        "healthModified":15,
        "magickaModified":5,
        "fatigueModified":55,
        "fatigueCurrent":55
      },
      "inventory":[],
      "spellsActive":[],
      "deathState":39,
      "killer":{
        "playerName":"Fidgug"
      }
    },
    "275003-0":{
      "refId":"netch_betty_ranched",
      "location":{
        "rotY":0,
        "posX":57543.0390625,
        "posY":-90059.140625,
        "posZ":920.78625488281,
        "rotX":0,
        "rotZ":-2.7572748661041
      },
      "stats":{
        "healthBase":113,
        "healthCurrent":113,
        "magickaBase":75,
        "magickaCurrent":75,
        "fatigueBase":400,
        "healthModified":113,
        "magickaModified":75,
        "fatigueModified":400,
        "fatigueCurrent":400
      },
      "inventory":[{
          "refId":"ingred_netch_leather_01",
          "count":1,
          "charge":-1,
          "enchantmentCharge":-1,
          "soul":""
        }]
    },
    "0-1215":{
      "refId":"cliff racer",
      "location":{
        "rotY":0,
        "posX":65414.77734375,
        "posY":-83314.8671875,
        "posZ":586.34289550781,
        "rotX":0.56730127334595,
        "rotZ":0.79098963737488
      },
      "stats":{
        "healthBase":45,
        "healthCurrent":0,
        "magickaBase":20,
        "magickaCurrent":20,
        "fatigueBase":400,
        "healthModified":45,
        "magickaModified":20,
        "fatigueModified":400,
        "fatigueCurrent":400
      },
      "inventory":[],
      "deathState":38,
      "killer":{
        "playerName":"Fidgug"
      }
    },
    "275007-0":{
      "refId":"netch_betty_ranched",
      "location":{
        "rotY":0,
        "posX":59739.6640625,
        "posY":-89913.484375,
        "posZ":889.9404296875,
        "rotX":0.029115663841367,
        "rotZ":2.8623621463776
      },
      "stats":{
        "healthBase":113,
        "healthCurrent":113,
        "magickaBase":75,
        "magickaCurrent":75,
        "fatigueBase":400,
        "healthModified":113,
        "magickaModified":75,
        "fatigueModified":400,
        "fatigueCurrent":400
      },
      "inventory":[{
          "refId":"ingred_netch_leather_01",
          "count":1,
          "charge":-1,
          "enchantmentCharge":-1,
          "soul":""
        }]
    },
    "456888-0":{
      "refId":"kollop_02_pearl",
      "inventory":[{
          "refId":"ingred_pearl_01",
          "count":1,
          "charge":-1,
          "enchantmentCharge":-1,
          "soul":""
        }]
    },
    "118287-0":{
      "refId":"flora_saltrice_01",
      "inventory":[{
          "refId":"ingred_saltrice_01",
          "count":1,
          "charge":-1,
          "enchantmentCharge":-1,
          "soul":""
        }]
    },
    "118288-0":{
      "refId":"flora_saltrice_02",
      "inventory":[{
          "refId":"ingred_saltrice_01",
          "count":1,
          "charge":-1,
          "enchantmentCharge":-1,
          "soul":""
        }]
    },
    "456949-0":{
      "refId":"kollop_03_pearl",
      "inventory":[]
    },
    "477851-0":{
      "refId":"flora_willow_flower_01",
      "inventory":[{
          "refId":"ingred_willow_anther_01",
          "count":1,
          "charge":-1,
          "enchantmentCharge":-1,
          "soul":""
        }]
    },
    "477852-0":{
      "refId":"flora_black_anther_02",
      "inventory":[{
          "refId":"ingred_black_anther_01",
          "count":1,
          "charge":-1,
          "enchantmentCharge":-1,
          "soul":""
        }]
    },
    "477853-0":{
      "refId":"flora_willow_flower_01",
      "inventory":[{
          "refId":"ingred_willow_anther_01",
          "count":1,
          "charge":-1,
          "enchantmentCharge":-1,
          "soul":""
        }]
    },
    "477854-0":{
      "refId":"flora_willow_flower_02",
      "inventory":[{
          "refId":"ingred_willow_anther_01",
          "count":1,
          "charge":-1,
          "enchantmentCharge":-1,
          "soul":""
        }]
    },
    "477856-0":{
      "refId":"flora_gold_kanet_01",
      "inventory":[]
    },
    "477857-0":{
      "refId":"flora_gold_kanet_02",
      "inventory":[{
          "refId":"ingred_gold_kanet_01",
          "count":1,
          "charge":-1,
          "enchantmentCharge":-1,
          "soul":""
        }]
    },
    "477858-0":{
      "refId":"flora_corkbulb",
      "inventory":[{
          "refId":"ingred_corkbulb_root_01",
          "count":1,
          "charge":-1,
          "enchantmentCharge":-1,
          "soul":""
        }]
    },
    "477859-0":{
      "refId":"flora_willow_flower_02",
      "inventory":[]
    },
    "477860-0":{
      "refId":"flora_willow_flower_01",
      "inventory":[{
          "refId":"ingred_willow_anther_01",
          "count":1,
          "charge":-1,
          "enchantmentCharge":-1,
          "soul":""
        }]
    },
    "477863-0":{
      "refId":"flora_gold_kanet_02",
      "inventory":[{
          "refId":"ingred_gold_kanet_01",
          "count":1,
          "charge":-1,
          "enchantmentCharge":-1,
          "soul":""
        }]
    },
    "477864-0":{
      "refId":"flora_gold_kanet_01",
      "inventory":[{
          "refId":"ingred_gold_kanet_01",
          "count":1,
          "charge":-1,
          "enchantmentCharge":-1,
          "soul":""
        }]
    },
    "477865-0":{
      "refId":"flora_gold_kanet_02",
      "inventory":[{
          "refId":"ingred_gold_kanet_01",
          "count":1,
          "charge":-1,
          "enchantmentCharge":-1,
          "soul":""
        }]
    },
    "477866-0":{
      "refId":"flora_gold_kanet_01",
      "inventory":[{
          "refId":"ingred_gold_kanet_01",
          "count":1,
          "charge":-1,
          "enchantmentCharge":-1,
          "soul":""
        }]
    },
    "477867-0":{
      "refId":"flora_corkbulb",
      "inventory":[{
          "refId":"ingred_corkbulb_root_01",
          "count":1,
          "charge":-1,
          "enchantmentCharge":-1,
          "soul":""
        }]
    },
    "0-1174":{
      "refId":"scrib",