{
  "packets":{
    "actorList":["0-1551","0-1553","355137-0","0-1552"],
    "ai":[],
    "cellChangeFrom":[],
    "cellChangeTo":[],
    "container":["308825-0","308826-0","308827-0","308828-0","308829-0","308830-0","308841-0","308842-0","308843-0","308845-0","308858-0","308862-0","436388-0","436394-0","436395-0","436400-0","436401-0","436413-0","436423-0","355137-0","0-1551","0-1552","0-1553"],
    "death":[],
    "delete":[],
    "doorState":[],
    "equipment":[],
    "lock":[],
    "place":[],
    "position":["355137-0","0-1551","0-1553","0-1552"],
    "scale":[],
    "spawn":["0-1551","0-1552","0-1553"],
    "state":[],
    "statsDynamic":["355137-0","0-1551","0-1553","0-1552"],
    "trap":[],
    "miscellaneous":[],
    "clientScriptLocal":[],
    "spellsActive":[]
  },
  "entry":{
    "description":"7, 23",
    "creationTime":1723746215
  },
  "lastVisit":{
    "Benoit":1723747597,
    "Fidgug":1723747597
  },
  "recordLinks":[],
  "objectData":{
    "0-1551":{
      "refId":"mudcrab",
      "location":{
        "posY":195704.46875,
        "posZ":74.241577148438,
        "rotX":0,
        "rotZ":-1.099999666214,
        "rotY":0,
        "posX":62547.140625
      },
      "stats":{
        "healthBase":15,
        "healthCurrent":15,
        "magickaBase":5,
        "magickaModified":5,
        "fatigueBase":400,
        "fatigueCurrent":400,
        "fatigueModified":400,
        "magickaCurrent":5,
        "healthModified":15
      },
      "inventory":[]
    },
    "0-1553":{
      "refId":"cliff racer_blighted",
      "location":{
        "posY":196408.40625,
        "posZ":528.94952392578,
        "rotX":5.3346157073975e-05,
        "rotZ":1.5080444812775,
        "rotY":0,
        "posX":61057.0703125
      },
      "stats":{
        "healthBase":90,
        "healthCurrent":90,
        "magickaBase":20,
        "magickaModified":20,
        "fatigueBase":400,
        "fatigueCurrent":400,
        "fatigueModified":400,
        "magickaCurrent":20,
        "healthModified":90
      },
      "inventory":[]
    },
    "355137-0":{
      "refId":"mudcrab",
      "location":{
        "posY":193081.5625,
        "posZ":865.39660644531,
        "rotX":0.084508620202541,
        "rotZ":0.11891627311707,
        "rotY":0,
        "posX":59446.796875
      },
      "stats":{
        "healthBase":15,
        "healthCurrent":15,
        "magickaBase":5,
        "magickaModified":5,
        "fatigueBase":400,
        "fatigueCurrent":400,
        "fatigueModified":400,
        "magickaCurrent":5,
        "healthModified":15
      },
      "inventory":[]
    },
    "0-1552":{
      "refId":"slaughterfish_small",
      "location":{
        "posY":194489.515625,
        "posZ":-320.43017578125,
        "rotX":-9.1223046183586e-06,
        "rotZ":1.5214788913727,
        "rotY":0,
        "posX":65228.4453125
      },
      "stats":{
        "healthBase":15,
        "healthCurrent":15,
        "magickaBase":10,
        "magickaModified":10,
        "fatigueBase":300,
        "fatigueCurrent":300,
        "fatigueModified":300,
        "magickaCurrent":10,
        "healthModified":15
      },
      "inventory":[{
          "refId":"ingred_scales_01",
          "count":1,
          "charge":-1,
          "enchantmentCharge":-1,
          "soul":""
        }]
    },
    "308825-0":{
      "refId":"flora_black_anther_01",
      "inventory":[{
          "refId":"ingred_black_anther_01",
          "count":2,
          "charge":-1,
          "enchantmentCharge":-1,
          "soul":""
        }]
    },
    "308826-0":{
      "refId":"flora_gold_kanet_01",
      "inventory":[{
          "refId":"ingred_gold_kanet_01",
          "count":1,
          "charge":-1,
          "enchantmentCharge":-1,
          "soul":""
        }]
    },
    "308827-0":{
      "refId":"flora_green_lichen_01",
      "inventory":[{
          "refId":"ingred_green_lichen_01",
          "count":1,
          "charge":-1,
          "enchantmentCharge":-1,
          "soul":""
        }]
    },
    "308828-0":{
      "refId":"flora_green_lichen_02",
      "inventory":[]
    },
    "308829-0":{
      "refId":"flora_kreshweed_01",
      "inventory":[]
    },
    "308830-0":{
      "refId":"flora_kreshweed_02",
      "inventory":[{
          "refId":"ingred_kresh_fiber_01",
          "count":1,
          "charge":-1,
          "enchantmentCharge":-1,
          "soul":""
        }]
    },
    "308858-0":{
      "refId":"flora_kreshweed_03",
      "inventory":[{
          "refId":"ingred_kresh_fiber_01",
          "count":1,
          "charge":-1,
          "enchantmentCharge":-1,
          "soul":""
        }]
    },
    "308862-0":{
      "refId":"flora_kreshweed_02",
      "inventory":[{
          "refId":"ingred_kresh_fiber_01",
          "count":1,
          "charge":-1,
          "enchantmentCharge":-1,
          "soul":""
        }]
    },
    "436388-0":{
      "refId":"kollop_01_pearl",
      "inventory":[]
    },
    "436394-0":{
      "refId":"kollop_03_pearl",
      "inventory":[{
          "refId":"ingred_pearl_01",
          "count":1,
          "charge":-1,
          "enchantmentCharge":-1,
          "soul":""
        }]
    },
    "436395-0":{
      "refId":"kollop_02_pearl",
      "inventory":[{
          "refId":"ingred_pearl_01",
          "count":1,
          "charge":-1,
          "enchantmentCharge":-1,
          "soul":""
        }]
    },
    "436400-0":{
      "refId":"kollop_03_pearl",
      "inventory":[{
          "refId":"ingred_pearl_01",
          "count":1,
          "charge":-1,
          "enchantmentCharge":-1,
          "soul":""
        }]
    },
    "436401-0":{
      "refId":"kollop_02_pearl",
      "inventory":[]
    },
    "436413-0":{
      "refId":"kollop_03_pearl",
      "inventory":[]
    },
    "436423-0":{
      "refId":"kollop_01_pearl",
      "inventory":[]
    },
    "308841-0":{
      "refId":"flora_stoneflower_01",
      "inventory":[]
    },
    "308842-0":{
      "refId":"flora_willow_flower_01",
      "inventory":[{
          "refId":"ingred_willow_anther_01",
          "count":1,
          "charge":-1,
          "enchantmentCharge":-1,
          "soul":""
        }]
    },
    "308843-0":{
      "refId":"flora_willow_flower_02",
      "inventory":[{
          "refId":"ingred_willow_anther_01",
          "count":1,
          "charge":-1,
          "enchantmentCharge":-1,
          "soul":""
        }]
    },
    "308845-0":{
      "refId":"flora_kreshweed_01",
      "inventory":[{
          "refId":"ingred_kresh_fiber_01",
          "count":1,
          "charge":-1,
          "enchantmentCharge":-1,
          "soul":""
        }]
    }
  },
  "loadState":{
    "hasFullActorList":true,
    "hasFullContainerData":true
  }
}