{
  "packets":{
    "actorList":["0-1545","211308-0","211306-0","480892-0","211307-0","262178-0","262179-0","0-1544"],
    "ai":[],
    "cellChangeFrom":[],
    "cellChangeTo":[],
    "container":["211306-0","211307-0","211308-0","262178-0","262179-0","480892-0","0-1545","0-1544"],
    "death":[],
    "delete":[],
    "doorState":[],
    "equipment":["211308-0","211306-0","480892-0","211307-0","262178-0","262179-0"],
    "lock":[],
    "place":[],
    "position":["211306-0","211307-0","211308-0","262178-0","262179-0","480892-0","0-1545","0-1544"],
    "scale":[],
    "spawn":["0-1545","0-1544"],
    "state":[],
    "statsDynamic":["211306-0","211307-0","211308-0","262178-0","262179-0","480892-0","0-1545","0-1544"],
    "trap":[],
    "miscellaneous":["211306-0","262178-0"],
    "clientScriptLocal":[],
    "spellsActive":[]
  },
  "entry":{
    "description":"7, 22",
    "creationTime":1723746215
  },
  "lastVisit":{
    "Benoit":1723748875,
    "Fidgug":1723748873
  },
  "recordLinks":[],
  "objectData":{
    "0-1544":{
      "refId":"slaughterfish",
      "location":{
        "posY":188219.125,
        "posZ":-348.02377319336,
        "rotX":-0.0033538090065122,
        "rotZ":-0.14868021011353,
        "rotY":0,
        "posX":59117.46875
      },
      "stats":{
        "healthBase":23,
        "healthCurrent":23,
        "magickaBase":10,
        "magickaModified":10,
        "fatigueBase":400,
        "fatigueCurrent":400,
        "fatigueModified":400,
        "magickaCurrent":10,
        "healthModified":23
      },
      "inventory":[]
    },
    "0-1545":{
      "refId":"slaughterfish_small",
      "location":{
        "posY":186650.09375,
        "posZ":-483.33187866211,
        "rotX":-0.007519151084125,
        "rotZ":1.2468140125275,
        "rotY":0,
        "posX":61864.22265625
      },
      "stats":{
        "healthBase":15,
        "healthCurrent":15,
        "magickaBase":10,
        "magickaModified":10,
        "fatigueBase":300,
        "fatigueCurrent":300,
        "fatigueModified":300,
        "magickaCurrent":10,
        "healthModified":15
      },
      "inventory":[{
          "refId":"ingred_scales_01",
          "count":1,
          "charge":-1,
          "enchantmentCharge":-1,
          "soul":""
        }]
    },
    "211308-0":{
      "refId":"anja swift-sailer",
      "location":{
        "posY":182355.265625,
        "posZ":177.60702514648,
        "rotX":0.14634434878826,
        "rotZ":-0.61958980560303,
        "rotY":0,
        "posX":62426.15234375
      },
      "stats":{
        "healthBase":97,
        "healthCurrent":97,
        "magickaBase":78,
        "magickaModified":78,
        "fatigueBase":212,
        "fatigueCurrent":212,
        "fatigueModified":212,
        "magickaCurrent":78,
        "healthModified":97
      },
      "equipment":[null,null,null,null,{
          "refId":"common_glove_left_01",
          "count":1,
          "charge":-1,
          "enchantmentCharge":-1
        },{
          "refId":"common_glove_right_01",
          "count":1,
          "charge":-1,
          "enchantmentCharge":-1
        },{
          "refId":"common_shoes_05",
          "count":1,
          "charge":-1,
          "enchantmentCharge":-1
        },{
          "refId":"common_shirt_05",
          "count":1,
          "charge":-1,
          "enchantmentCharge":-1
        },{
          "refId":"common_pants_01",
          "count":1,
          "charge":-1,
          "enchantmentCharge":-1
        },{
          "refId":"common_skirt_05",
          "count":1,
          "charge":-1,
          "enchantmentCharge":-1
        }],
      "inventory":[{
          "refId":"common_skirt_05",
          "count":1,
          "charge":-1,
          "enchantmentCharge":-1,
          "soul":""
        },{
          "refId":"common_glove_left_01",
          "count":1,
          "charge":-1,
          "enchantmentCharge":-1,
          "soul":""
        },{
          "refId":"common_glove_right_01",
          "count":1,
          "charge":-1,
          "enchantmentCharge":-1,
          "soul":""
        },{
          "refId":"common_shirt_05",
          "count":1,
          "charge":-1,
          "enchantmentCharge":-1,
          "soul":""
        },{
          "refId":"common_shoes_05",
          "count":1,
          "charge":-1,
          "enchantmentCharge":-1,
          "soul":""
        },{
          "refId":"common_pants_01",
          "count":1,
          "charge":-1,
          "enchantmentCharge":-1,
          "soul":""
        },{
          "refId":"key_anja",
          "count":1,
          "charge":-1,
          "enchantmentCharge":-1,
          "soul":""
        }]
    },
    "211306-0":{
      "refId":"mette",
      "location":{
        "posY":182977.359375,
        "posZ":268.38647460938,
        "rotX":-0.040204558521509,
        "rotZ":-1.9273979663849,
        "rotY":0,
        "posX":60006.640625
      },
      "stats":{
        "healthBase":97,
        "healthCurrent":97,
        "magickaBase":78,
        "magickaModified":78,
        "fatigueBase":212,
        "fatigueCurrent":212,
        "fatigueModified":212,
        "magickaCurrent":78,
        "healthModified":97
      },
      "equipment":[null,null,null,null,null,null,{
          "refId":"common_shoes_04",
          "count":1,
          "charge":-1,
          "enchantmentCharge":-1
        },{
          "refId":"common_shirt_02",
          "count":1,
          "charge":-1,
          "enchantmentCharge":-1
        },{
          "refId":"common_pants_03_c",
          "count":1,
          "charge":-1,
          "enchantmentCharge":-1
        },{
          "refId":"common_skirt_04",
          "count":1,
          "charge":-1,
          "enchantmentCharge":-1
        }],
      "inventory":[{
          "refId":"common_skirt_04",
          "count":1,
          "charge":-1,
          "enchantmentCharge":-1,
          "soul":""
        },{
          "refId":"common_shirt_02",
          "count":1,
          "charge":-1,
          "enchantmentCharge":-1,
          "soul":""
        },{
          "refId":"common_shoes_04",
          "count":1,
          "charge":-1,
          "enchantmentCharge":-1,
          "soul":""
        },{
          "refId":"common_pants_03_c",
          "count":1,
          "charge":-1,
          "enchantmentCharge":-1,
          "soul":""
        },{
          "refId":"key_mette",
          "count":1,
          "charge":-1,
          "enchantmentCharge":-1,
          "soul":""
        }],
      "goldPool":0,
      "lastGoldRestockHour":4.5742650032043,
      "lastGoldRestockDay":34
    },
    "480892-0":{
      "refId":"imperial guard",
      "location":{
        "posY":183715.765625,
        "posZ":252.34600830078,
        "rotX":-0.083320707082748,
        "rotZ":-1.3875935077667,
        "rotY":0,
        "posX":60135.7109375
      },
      "stats":{
        "healthBase":285,
        "healthCurrent":285,
        "magickaBase":110,
        "magickaModified":110,
        "fatigueBase":309,
        "fatigueCurrent":309,
        "fatigueModified":309,
        "magickaCurrent":110,
        "healthModified":285
      },
      "equipment":{
        "0":{
          "refId":"imperial_chain_coif_helm",
          "count":1,
          "charge":-1,
          "enchantmentCharge":-1
        },
        "1":{
          "refId":"imperial cuirass_armor",
          "count":1,
          "charge":-1,
          "enchantmentCharge":-1
        },
        "2":{
          "refId":"imperial_greaves",
          "count":1,
          "charge":-1,
          "enchantmentCharge":-1
        },
        "3":{
          "refId":"imperial left pauldron",
          "count":1,
          "charge":-1,
          "enchantmentCharge":-1
        },
        "4":{
          "refId":"imperial right pauldron",
          "count":1,
          "charge":-1,
          "enchantmentCharge":-1
        },
        "5":{
          "refId":"imperial left gauntlet",
          "count":1,