{
  "packets":{
    "actorList":["0-1210","0-1211","0-1212","0-1252","0-1200"],
    "ai":[],
    "cellChangeFrom":[],
    "cellChangeTo":[],
    "container":["323632-0","323636-0","323639-0","456202-0","456203-0","456210-0","456223-0","456242-0","456245-0","456251-0","456253-0","0-1212","0-1210","0-1211","0-1252","0-1200"],
    "death":[],
    "delete":[],
    "doorState":[],
    "equipment":[],
    "lock":[],
    "place":[],
    "position":["0-1210","0-1211","0-1212","0-1252","0-1200"],
    "scale":[],
    "spawn":["0-1210","0-1211","0-1212","0-1252","0-1200"],
    "state":[],
    "statsDynamic":["0-1210","0-1211","0-1212","0-1252","0-1200"],
    "trap":[],
    "spellsActive":[],
    "miscellaneous":[],
    "clientScriptLocal":[]
  },
  "entry":{
    "description":"8, -9",
    "creationTime":1718728127
  },
  "lastVisit":{
    "Benoit":1718730141,
    "Fidgug":1718730140
  },
  "recordLinks":[],
  "objectData":{
    "0-1200":{
      "refId":"slaughterfish",
      "location":{
        "rotY":0,
        "posX":65977.4296875,
        "posY":-69642.453125,
        "posZ":-190.40002441406,
        "rotX":-0.011423313058913,
        "rotZ":2.0830481052399
      },
      "stats":{
        "healthBase":23,
        "healthCurrent":23,
        "magickaBase":10,
        "magickaCurrent":10,
        "fatigueBase":400,
        "healthModified":23,
        "magickaModified":10,
        "fatigueModified":400,
        "fatigueCurrent":400
      },
      "inventory":[]
    },
    "0-1252":{
      "refId":"cliff racer_diseased",
      "location":{
        "rotY":0,
        "posX":71418.015625,
        "posY":-65615.28125,
        "posZ":377.18566894531,
        "rotX":0.00019477680325508,
        "rotZ":-1.8401935100555
      },
      "stats":{
        "healthBase":45,
        "healthCurrent":45,
        "magickaBase":20,
        "magickaCurrent":20,
        "fatigueBase":170,
        "healthModified":45,
        "magickaModified":20,
        "fatigueModified":170,
        "fatigueCurrent":170
      },
      "inventory":[{
          "refId":"ingred_racer_plumes_01",
          "count":1,
          "charge":-1,
          "enchantmentCharge":-1,
          "soul":""
        }]
    },
    "0-1210":{
      "refId":"mudcrab",
      "location":{
        "rotY":0,
        "posX":67228.984375,
        "posY":-66987.640625,
        "posZ":91.865180969238,
        "rotX":0.098628014326096,
        "rotZ":2.1320440769196
      },
      "stats":{
        "healthBase":15,
        "healthCurrent":15,
        "magickaBase":5,
        "magickaCurrent":5,
        "fatigueBase":400,
        "healthModified":15,
        "magickaModified":5,
        "fatigueModified":400,
        "fatigueCurrent":400
      },
      "inventory":[{
          "refId":"ingred_crab_meat_01",
          "count":2,
          "charge":-1,
          "enchantmentCharge":-1,
          "soul":""
        }]
    },
    "0-1211":{
      "refId":"mudcrab-diseased",
      "location":{
        "rotY":0,
        "posX":68438.9375,
        "posY":-66432.3828125,
        "posZ":124.41513061523,
        "rotX":0.04645935818553,
        "rotZ":0.85256671905518
      },
      "stats":{
        "healthBase":15,
        "healthCurrent":15,
        "magickaBase":5,
        "magickaCurrent":5,
        "fatigueBase":26,
        "healthModified":15,
        "magickaModified":5,
        "fatigueModified":26,
        "fatigueCurrent":26
      },
      "inventory":[{
          "refId":"ingred_crab_meat_01",
          "count":1,
          "charge":-1,
          "enchantmentCharge":-1,
          "soul":""
        }]
    },
    "0-1212":{
      "refId":"mudcrab",
      "location":{
        "rotY":0,
        "posX":72658.6484375,
        "posY":-68392.0703125,
        "posZ":88.662841796875,
        "rotX":0.53783977031708,
        "rotZ":-0.74233102798462
      },
      "stats":{
        "healthBase":15,
        "healthCurrent":15,
        "magickaBase":5,
        "magickaCurrent":5,
        "fatigueBase":400,
        "healthModified":15,
        "magickaModified":5,
        "fatigueModified":400,
        "fatigueCurrent":400
      },
      "inventory":[]
    },
    "323632-0":{
      "refId":"flora_kreshweed_03",
      "inventory":[{
          "refId":"ingred_kresh_fiber_01",
          "count":1,
          "charge":-1,
          "enchantmentCharge":-1,
          "soul":""
        }]
    },
    "323636-0":{
      "refId":"flora_kreshweed_01",
      "inventory":[{
          "refId":"ingred_kresh_fiber_01",
          "count":1,
          "charge":-1,
          "enchantmentCharge":-1,
          "soul":""
        }]
    },
    "323639-0":{
      "refId":"flora_kreshweed_03",
      "inventory":[{
          "refId":"ingred_kresh_fiber_01",
          "count":1,
          "charge":-1,
          "enchantmentCharge":-1,
          "soul":""
        }]
    },
    "456202-0":{
      "refId":"kollop_03_pearl",
      "inventory":[]
    },
    "456203-0":{
      "refId":"kollop_03_pearl",
      "inventory":[{
          "refId":"ingred_pearl_01",
          "count":1,
          "charge":-1,
          "enchantmentCharge":-1,
          "soul":""
        }]
    },
    "456210-0":{
      "refId":"kollop_02_pearl",
      "inventory":[]
    },
    "456223-0":{
      "refId":"kollop_02_pearl",
      "inventory":[{
          "refId":"ingred_pearl_01",
          "count":1,
          "charge":-1,
          "enchantmentCharge":-1,
          "soul":""
        }]
    },
    "456242-0":{
      "refId":"kollop_02_pearl",
      "inventory":[]
    },
    "456245-0":{
      "refId":"kollop_02_pearl",
      "inventory":[]
    },
    "456251-0":{
      "refId":"kollop_03_pearl",
      "inventory":[]
    },
    "456253-0":{
      "refId":"kollop_03_pearl",
      "inventory":[]
    }
  },
  "loadState":{
    "hasFullActorList":true,
    "hasFullContainerData":true
  }
}