{
  "packets":{
    "actorList":["0-1206","0-1207","0-1208","0-1205"],
    "ai":[],
    "cellChangeFrom":[],
    "cellChangeTo":[],
    "container":["135195-0","135196-0","135197-0","135198-0","135199-0","135200-0","135201-0","135202-0","135203-0","135204-0","135205-0","149196-0","304843-0","315073-0","315074-0","315075-0","323665-0","323666-0","323667-0","323668-0","323669-0","323670-0","323671-0","323672-0","323673-0","323674-0","323675-0","323676-0","323677-0","323678-0","323679-0","323680-0","323684-0","323685-0","323686-0","323691-0","323692-0","323693-0","323694-0","323695-0","323696-0","323697-0","323699-0","323700-0","323701-0","456287-0","456295-0","456299-0","0-1206","0-1207","0-1208","0-1205"],
    "death":["0-1207"],
    "delete":[],
    "doorState":[],
    "equipment":[],
    "lock":[],
    "place":[],
    "position":["0-1206","0-1207","0-1208","0-1205"],
    "scale":[],
    "spawn":["0-1206","0-1207","0-1208","0-1205"],
    "state":[],
    "statsDynamic":["0-1206","0-1207","0-1208","0-1205"],
    "trap":[],
    "spellsActive":[],
    "miscellaneous":[],
    "clientScriptLocal":[]
  },
  "entry":{
    "description":"8, -10",
    "creationTime":1718728127
  },
  "lastVisit":{
    "Benoit":1718730141,
    "Fidgug":1718730140
  },
  "recordLinks":[],
  "objectData":{
    "0-1206":{
      "refId":"slaughterfish",
      "location":{
        "rotY":0,
        "posX":68749.6953125,
        "posY":-79660.7890625,
        "posZ":-295.25735473633,
        "rotX":-0.0076970979571342,
        "rotZ":-1.3615672588348
      },
      "stats":{
        "healthBase":23,
        "healthCurrent":23,
        "magickaBase":10,
        "magickaCurrent":10,
        "fatigueBase":400,
        "healthModified":23,
        "magickaModified":10,
        "fatigueModified":400,
        "fatigueCurrent":400
      },
      "inventory":[]
    },
    "0-1207":{
      "refId":"rat_diseased",
      "location":{
        "rotY":0,
        "posX":70074.703125,
        "posY":-76563.8046875,
        "posZ":672.22369384766,
        "rotX":-0.39324972033501,
        "rotZ":1.3570373058319
      },
      "stats":{
        "healthBase":23,
        "healthCurrent":0,
        "magickaBase":10,
        "magickaCurrent":10,
        "fatigueBase":135,
        "healthModified":23,
        "magickaModified":10,
        "fatigueModified":135,
        "fatigueCurrent":135
      },
      "inventory":[{
          "refId":"ingred_rat_meat_01",
          "count":2,
          "charge":-1,
          "enchantmentCharge":-1,
          "soul":""
        }],
      "deathState":38,
      "killer":{
        "playerName":"Fidgug"
      }
    },
    "0-1208":{
      "refId":"mudcrab",
      "location":{
        "rotY":0,
        "posX":69816.5859375,
        "posY":-78186.796875,
        "posZ":297.85488891602,
        "rotX":1.1872773170471,
        "rotZ":2.5717775821686
      },
      "stats":{
        "healthBase":15,
        "healthCurrent":15,
        "magickaBase":5,
        "magickaCurrent":5,
        "fatigueBase":400,
        "healthModified":15,
        "magickaModified":5,
        "fatigueModified":400,
        "fatigueCurrent":400
      },
      "inventory":[{
          "refId":"ingred_crab_meat_01",
          "count":1,
          "charge":-1,
          "enchantmentCharge":-1,
          "soul":""
        }]
    },
    "135195-0":{
      "refId":"flora_kreshweed_01",
      "inventory":[]
    },
    "135196-0":{
      "refId":"flora_kreshweed_03",
      "inventory":[{
          "refId":"ingred_kresh_fiber_01",
          "count":1,
          "charge":-1,
          "enchantmentCharge":-1,
          "soul":""
        }]
    },
    "135197-0":{
      "refId":"flora_kreshweed_02",
      "inventory":[{
          "refId":"ingred_kresh_fiber_01",
          "count":1,
          "charge":-1,
          "enchantmentCharge":-1,
          "soul":""
        }]
    },
    "135198-0":{
      "refId":"flora_kreshweed_03",
      "inventory":[{
          "refId":"ingred_kresh_fiber_01",
          "count":1,
          "charge":-1,
          "enchantmentCharge":-1,
          "soul":""
        }]
    },
    "135199-0":{
      "refId":"flora_kreshweed_01",
      "inventory":[{
          "refId":"ingred_kresh_fiber_01",
          "count":1,
          "charge":-1,
          "enchantmentCharge":-1,
          "soul":""
        }]
    },
    "135200-0":{
      "refId":"flora_kreshweed_03",
      "inventory":[{
          "refId":"ingred_kresh_fiber_01",
          "count":1,
          "charge":-1,
          "enchantmentCharge":-1,
          "soul":""
        }]
    },
    "135201-0":{
      "refId":"flora_kreshweed_01",
      "inventory":[]
    },
    "135202-0":{
      "refId":"flora_kreshweed_03",
      "inventory":[]
    },
    "135203-0":{
      "refId":"flora_kreshweed_03",
      "inventory":[]
    },
    "135204-0":{
      "refId":"flora_kreshweed_01",
      "inventory":[{
          "refId":"ingred_kresh_fiber_01",
          "count":1,
          "charge":-1,
          "enchantmentCharge":-1,
          "soul":""
        }]
    },
    "135205-0":{
      "refId":"flora_kreshweed_01",
      "inventory":[{
          "refId":"ingred_kresh_fiber_01",
          "count":1,
          "charge":-1,
          "enchantmentCharge":-1,
          "soul":""
        }]
    },
    "149196-0":{
      "refId":"flora_black_lichen_01",
      "inventory":[]
    },
    "304843-0":{
      "refId":"flora_kreshweed_03",
      "inventory":[{
          "refId":"ingred_kresh_fiber_01",
          "count":1,
          "charge":-1,
          "enchantmentCharge":-1,
          "soul":""
        }]
    },
    "315073-0":{
      "refId":"flora_gold_kanet_01",
      "inventory":[{
          "refId":"ingred_gold_kanet_01",
          "count":1,
          "charge":-1,
          "enchantmentCharge":-1,
          "soul":""
        }]
    },
    "315074-0":{
      "refId":"flora_gold_kanet_02",
      "inventory":[{
          "refId":"ingred_gold_kanet_01",
          "count":1,
          "charge":-1,
          "enchantmentCharge":-1,
          "soul":""
        }]
    },
    "315075-0":{
      "refId":"flora_gold_kanet_01",
      "inventory":[{
          "refId":"ingred_gold_kanet_01",
          "count":1,
          "charge":-1,
          "enchantmentCharge":-1,
          "soul":""
        }]
    },
    "323665-0":{
      "refId":"flora_saltrice_01",
      "inventory":[{
          "refId":"ingred_saltrice_01",
          "count":1,
          "charge":-1,
          "enchantmentCharge":-1,
          "soul":""
        }]
    },
    "323666-0":{
      "refId":"flora_saltrice_02",
      "inventory":[{
          "refId":"ingred_saltrice_01",
          "count":1,
          "charge":-1,
          "enchantmentCharge":-1,
          "soul":""
        }]
    },
    "0-1205":{
      "refId":"netch_bull",
      "location":{
        "rotY":0,
        "posX":65630.78125,
        "posY":-80001.6953125,
        "posZ":301.63092041016,
        "rotX":0.066333569586277,
        "rotZ":1.3194916248322
      },
      "stats":{
        "healthBase":45,
        "healthCurrent":45,
        "magickaBase":100,
        "magickaCurrent":100,
        "fatigueBase":400,
        "healthModified":45,
        "magickaModified":100,
        "fatigueModified":400,
        "fatigueCurrent":400
      },
      "inventory":[{
          "refId":"ingred_netch_leather_01",
          "count":3,
          "charge":-1,
          "enchantmentCharge":-1,
          "soul":""
        }]
    },
    "323667-0":{
      "refId":"flora_marshmerrow_01",
      "inventory":[{
          "refId":"ingred_marshmerrow_01",
          "count":1,
          "charge":-1,
          "enchantmentCharge":-1,
          "soul":""
        }]
    },
    "323668-0":{
      "refId":"flora_marshmerrow_02",
      "inventory":[{
          "refId":"ingred_marshmerrow_01",
          "count":1,
          "charge":-1,
          "enchantmentCharge":-1,
          "soul":""
        }]
    },
    "323669-0":{
      "refId":"flora_marshmerrow_03",