{
  "packets":{
    "actorList":["0-1229","404350-0","0-1230","0-1226"],
    "ai":[],
    "cellChangeFrom":[],
    "cellChangeTo":[],
    "container":["135186-0","135187-0","135188-0","304765-0","304766-0","304767-0","304768-0","455893-0","455896-0","455906-0","455908-0","455926-0","455934-0","455938-0","404350-0","0-1229","0-1230","0-1226"],
    "death":["0-1226"],
    "delete":[],
    "doorState":[],
    "equipment":[],
    "lock":[],
    "place":[],
    "position":["404350-0","0-1229","0-1230","0-1226"],
    "scale":[],
    "spawn":["0-1229","0-1230","0-1226"],
    "state":[],
    "statsDynamic":["404350-0","0-1229","0-1230","0-1226"],
    "trap":[],
    "spellsActive":[],
    "miscellaneous":["404350-0"],
    "clientScriptLocal":[]
  },
  "entry":{
    "description":"9, -10",
    "creationTime":1718728285
  },
  "lastVisit":{
    "Benoit":1718729961,
    "Fidgug":1718729950
  },
  "recordLinks":[],
  "objectData":{
    "455906-0":{
      "refId":"kollop_03_pearl",
      "inventory":[]
    },
    "455908-0":{
      "refId":"kollop_03_pearl",
      "inventory":[{
          "refId":"ingred_pearl_01",
          "count":1,
          "charge":-1,
          "enchantmentCharge":-1,
          "soul":""
        }]
    },
    "455926-0":{
      "refId":"kollop_03_pearl",
      "inventory":[{
          "refId":"ingred_pearl_01",
          "count":1,
          "charge":-1,
          "enchantmentCharge":-1,
          "soul":""
        }]
    },
    "455934-0":{
      "refId":"kollop_02_pearl",
      "inventory":[]
    },
    "455938-0":{
      "refId":"kollop_03_pearl",
      "inventory":[]
    },
    "0-1229":{
      "refId":"slaughterfish",
      "location":{
        "rotY":0,
        "posX":76466.5859375,
        "posY":-79078.328125,
        "posZ":-82.097290039063,
        "rotX":-0.027105990797281,
        "rotZ":-2.0095217227936
      },
      "stats":{
        "healthBase":23,
        "healthCurrent":23,
        "magickaBase":10,
        "magickaCurrent":10,
        "fatigueBase":400,
        "healthModified":23,
        "magickaModified":10,
        "fatigueModified":400,
        "fatigueCurrent":399.99893188477
      },
      "inventory":[]
    },
    "404350-0":{
      "refId":"mudcrab_unique",
      "location":{
        "rotY":0,
        "posX":75269.515625,
        "posY":-77378.859375,
        "posZ":187.48013305664,
        "rotX":-0.051896207034588,
        "rotZ":-2.7512934207916
      },
      "stats":{
        "healthBase":20,
        "healthCurrent":20,
        "magickaBase":5,
        "magickaCurrent":5,
        "fatigueBase":400,
        "healthModified":20,
        "magickaModified":5,
        "fatigueModified":400,
        "fatigueCurrent":400
      },
      "inventory":[{
          "refId":"potion_local_brew_01",
          "count":2,
          "charge":-1,
          "enchantmentCharge":-1,
          "soul":""
        },{
          "refId":"potion_local_liquor_01",
          "count":3,
          "charge":-1,
          "enchantmentCharge":-1,
          "soul":""
        },{
          "refId":"potion_comberry_wine_01",
          "count":2,
          "charge":-1,
          "enchantmentCharge":-1,
          "soul":""
        },{
          "refId":"potion_comberry_brandy_01",
          "count":3,
          "charge":-1,
          "enchantmentCharge":-1,
          "soul":""
        },{
          "refId":"ingred_crab_meat_01",
          "count":1,
          "charge":-1,
          "enchantmentCharge":-1,
          "soul":""
        },{
          "refId":"darkbrotherhood boots",
          "count":1,
          "charge":179,
          "enchantmentCharge":-1,
          "soul":""
        },{
          "refId":"darkbrotherhood boots",
          "count":1,
          "charge":178,
          "enchantmentCharge":-1,
          "soul":""
        },{
          "refId":"darkbrotherhood cuirass",
          "count":2,
          "charge":-1,
          "enchantmentCharge":-1,
          "soul":""
        },{
          "refId":"darkbrotherhood cuirass",
          "count":2,
          "charge":282,
          "enchantmentCharge":-1,
          "soul":""
        },{
          "refId":"darkbrotherhood greaves",
          "count":2,
          "charge":-1,
          "enchantmentCharge":-1,
          "soul":""
        },{
          "refId":"darkbrotherhood greaves",
          "count":1,
          "charge":226,
          "enchantmentCharge":-1,
          "soul":""
        },{
          "refId":"darkbrotherhood greaves",
          "count":1,
          "charge":218,
          "enchantmentCharge":-1,
          "soul":""
        },{
          "refId":"darkbrotherhood helm",
          "count":2,
          "charge":-1,
          "enchantmentCharge":-1,
          "soul":""
        },{
          "refId":"darkbrotherhood helm",
          "count":1,
          "charge":299,
          "enchantmentCharge":-1,
          "soul":""
        },{
          "refId":"darkbrotherhood helm",
          "count":1,
          "charge":282,
          "enchantmentCharge":-1,
          "soul":""
        },{
          "refId":"darkbrotherhood gauntlet_l",
          "count":3,
          "charge":-1,
          "enchantmentCharge":-1,
          "soul":""
        },{
          "refId":"darkbrotherhood gauntlet_l",
          "count":1,
          "charge":99,
          "enchantmentCharge":-1,
          "soul":""
        },{
          "refId":"darkbrotherhood pauldron_l",
          "count":2,
          "charge":-1,
          "enchantmentCharge":-1,
          "soul":""
        },{
          "refId":"darkbrotherhood pauldron_l",
          "count":1,
          "charge":229,
          "enchantmentCharge":-1,
          "soul":""
        },{
          "refId":"darkbrotherhood gauntlet_r",
          "count":2,
          "charge":-1,
          "enchantmentCharge":-1,
          "soul":""
        },{
          "refId":"darkbrotherhood pauldron_r",
          "count":1,
          "charge":248,
          "enchantmentCharge":-1,
          "soul":""
        },{
          "refId":"darkbrotherhood pauldron_r",
          "count":1,
          "charge":225,
          "enchantmentCharge":-1,
          "soul":""
        },{
          "refId":"darkbrotherhood pauldron_r",
          "count":1,
          "charge":-1,
          "enchantmentCharge":-1,
          "soul":""
        }],
      "lastGoldRestockHour":11.928950309753,
      "lastGoldRestockDay":26,
      "goldPool":0
    },
    "0-1230":{
      "refId":"slaughterfish_small",
      "location":{
        "rotY":0,
        "posX":74035.7578125,
        "posY":-75071.5390625,
        "posZ":-35.052082061768,
        "rotX":-0.27394607663155,
        "rotZ":-1.4856226444244
      },
      "stats":{
        "healthBase":15,
        "healthCurrent":15,
        "magickaBase":10,
        "magickaCurrent":10,
        "fatigueBase":300,
        "healthModified":15,
        "magickaModified":10,
        "fatigueModified":300,
        "fatigueCurrent":298.43060302734
      },
      "inventory":[]
    },
    "0-1226":{
      "refId":"cliff racer",
      "location":{
        "rotY":0,
        "posX":76620.90625,
        "posY":-81913.09375,
        "posZ":455.43310546875,
        "rotX":1.4045639038086,
        "rotZ":-2.5660927295685
      },
      "stats":{
        "healthBase":45,
        "healthCurrent":0,
        "magickaBase":20,
        "magickaCurrent":20,
        "fatigueBase":400,
        "healthModified":45,
        "magickaModified":20,
        "fatigueModified":400,
        "fatigueCurrent":400
      },
      "inventory":[],
      "deathState":38,
      "killer":{
        "playerName":"Fidgug"
      }
    },
    "135186-0":{
      "refId":"flora_kreshweed_01",
      "inventory":[]
    },
    "135187-0":{
      "refId":"flora_kreshweed_03",
      "inventory":[{
          "refId":"ingred_kresh_fiber_01",
          "count":1,
          "charge":-1,
          "enchantmentCharge":-1,
          "soul":""
        }]
    },
    "135188-0":{
      "refId":"flora_kreshweed_03",