{
  "packets":{
    "actorList":["0-1580","0-1576","0-1577","0-1578","0-1579"],
    "ai":[],
    "cellChangeFrom":[],
    "cellChangeTo":[],
    "container":["434956-0","434964-0","434965-0","434971-0","434973-0","434975-0","434981-0","434984-0","434990-0","434994-0","434997-0","435011-0","435018-0","435024-0","435028-0","435029-0","0-1580","0-1576","0-1577","0-1578","0-1579"],
    "death":[],
    "delete":[],
    "doorState":[],
    "equipment":[],
    "lock":[],
    "place":[],
    "position":["0-1576","0-1577","0-1578","0-1579","0-1580"],
    "scale":[],
    "spawn":["0-1580","0-1576","0-1577","0-1578","0-1579"],
    "state":[],
    "statsDynamic":["0-1576","0-1577","0-1578","0-1579","0-1580"],
    "trap":[],
    "miscellaneous":[],
    "clientScriptLocal":[],
    "spellsActive":[]
  },
  "entry":{
    "description":"9, 22",
    "creationTime":1723746764
  },
  "lastVisit":{
    "Benoit":1723748105,
    "Fidgug":1723748101
  },
  "recordLinks":[],
  "objectData":{
    "0-1580":{
      "refId":"slaughterfish_small",
      "location":{
        "posY":184580.890625,
        "posZ":-571.44702148438,
        "rotX":0,
        "rotZ":-0.010251045227051,
        "rotY":0,
        "posX":76079.75
      },
      "stats":{
        "healthBase":15,
        "healthCurrent":15,
        "magickaBase":10,
        "magickaModified":10,
        "fatigueBase":300,
        "fatigueCurrent":300,
        "fatigueModified":300,
        "magickaCurrent":10,
        "healthModified":15
      },
      "inventory":[]
    },
    "0-1576":{
      "refId":"dreugh",
      "location":{
        "posY":186197.140625,
        "posZ":-426.82516479492,
        "rotX":2.8423964977264e-06,
        "rotZ":0.43909549713135,
        "rotY":0,
        "posX":80146.5625
      },
      "stats":{
        "healthBase":60,
        "healthCurrent":60,
        "magickaBase":75,
        "magickaModified":75,
        "fatigueBase":400,
        "fatigueCurrent":400,
        "fatigueModified":400,
        "magickaCurrent":75,
        "healthModified":60
      },
      "inventory":[{
          "refId":"ingred_dreugh_wax_01",
          "count":1,
          "charge":-1,
          "enchantmentCharge":-1,
          "soul":""
        }]
    },
    "0-1577":{
      "refId":"slaughterfish",
      "location":{
        "posY":188216.78125,
        "posZ":-447.01702880859,
        "rotX":3.0926428735256e-05,
        "rotZ":1.0420496463776,
        "rotY":0,
        "posX":75890.953125
      },
      "stats":{
        "healthBase":23,
        "healthCurrent":23,
        "magickaBase":10,
        "magickaModified":10,
        "fatigueBase":400,
        "fatigueCurrent":400,
        "fatigueModified":400,
        "magickaCurrent":10,
        "healthModified":23
      },
      "inventory":[{
          "refId":"ingred_scales_01",
          "count":2,
          "charge":-1,
          "enchantmentCharge":-1,
          "soul":""
        }]
    },
    "0-1578":{
      "refId":"dreugh",
      "location":{
        "posY":183770.28125,
        "posZ":-907.62084960938,
        "rotX":0.010670051909983,
        "rotZ":-0.60469079017639,
        "rotY":0,
        "posX":77239.5546875
      },
      "stats":{
        "healthBase":60,
        "healthCurrent":60,
        "magickaBase":75,
        "magickaModified":75,
        "fatigueBase":400,
        "fatigueCurrent":400,
        "fatigueModified":400,
        "magickaCurrent":75,
        "healthModified":60
      },
      "inventory":[{
          "refId":"ingred_dreugh_wax_01",
          "count":1,
          "charge":-1,
          "enchantmentCharge":-1,
          "soul":""
        }]
    },
    "0-1579":{
      "refId":"slaughterfish",
      "location":{
        "posY":183961.125,
        "posZ":-270.95550537109,
        "rotX":5.1164999604225e-05,
        "rotZ":1.156571149826,
        "rotY":0,
        "posX":75232.3515625
      },
      "stats":{
        "healthBase":23,
        "healthCurrent":23,
        "magickaBase":10,
        "magickaModified":10,
        "fatigueBase":400,
        "fatigueCurrent":400,
        "fatigueModified":400,
        "magickaCurrent":10,
        "healthModified":23
      },
      "inventory":[{
          "refId":"ingred_scales_01",
          "count":2,
          "charge":-1,
          "enchantmentCharge":-1,
          "soul":""
        }]
    },
    "434956-0":{
      "refId":"kollop_01_pearl",
      "inventory":[{
          "refId":"ingred_pearl_01",
          "count":1,
          "charge":-1,
          "enchantmentCharge":-1,
          "soul":""
        }]
    },
    "434964-0":{
      "refId":"kollop_03_pearl",
      "inventory":[{
          "refId":"ingred_pearl_01",
          "count":1,
          "charge":-1,
          "enchantmentCharge":-1,
          "soul":""
        }]
    },
    "434965-0":{
      "refId":"kollop_02_pearl",
      "inventory":[{
          "refId":"ingred_pearl_01",
          "count":1,
          "charge":-1,
          "enchantmentCharge":-1,
          "soul":""
        }]
    },
    "434971-0":{
      "refId":"kollop_02_pearl",
      "inventory":[]
    },
    "434973-0":{
      "refId":"kollop_03_pearl",
      "inventory":[{
          "refId":"ingred_pearl_01",
          "count":1,
          "charge":-1,
          "enchantmentCharge":-1,
          "soul":""
        }]
    },
    "434975-0":{
      "refId":"kollop_03_pearl",
      "inventory":[{
          "refId":"ingred_pearl_01",
          "count":1,
          "charge":-1,
          "enchantmentCharge":-1,
          "soul":""
        }]
    },
    "434981-0":{
      "refId":"kollop_02_pearl",
      "inventory":[{
          "refId":"ingred_pearl_01",
          "count":1,
          "charge":-1,
          "enchantmentCharge":-1,
          "soul":""
        }]
    },
    "434984-0":{
      "refId":"kollop_01_pearl",
      "inventory":[{
          "refId":"ingred_pearl_01",
          "count":1,
          "charge":-1,
          "enchantmentCharge":-1,
          "soul":""
        }]
    },
    "434990-0":{
      "refId":"kollop_02_pearl",
      "inventory":[]
    },
    "434994-0":{
      "refId":"kollop_03_pearl",
      "inventory":[{
          "refId":"ingred_pearl_01",
          "count":1,
          "charge":-1,
          "enchantmentCharge":-1,
          "soul":""
        }]
    },
    "434997-0":{
      "refId":"kollop_01_pearl",
      "inventory":[{
          "refId":"ingred_pearl_01",
          "count":1,
          "charge":-1,
          "enchantmentCharge":-1,
          "soul":""
        }]
    },
    "435011-0":{
      "refId":"kollop_03_pearl",
      "inventory":[{
          "refId":"ingred_pearl_01",
          "count":1,
          "charge":-1,
          "enchantmentCharge":-1,
          "soul":""
        }]
    },
    "435018-0":{
      "refId":"kollop_01_pearl",
      "inventory":[{
          "refId":"ingred_pearl_01",
          "count":1,
          "charge":-1,
          "enchantmentCharge":-1,
          "soul":""
        }]
    },
    "435024-0":{
      "refId":"kollop_02_pearl",
      "inventory":[{
          "refId":"ingred_pearl_01",
          "count":1,
          "charge":-1,
          "enchantmentCharge":-1,
          "soul":""
        }]
    },
    "435028-0":{
      "refId":"kollop_02_pearl",
      "inventory":[]
    },
    "435029-0":{
      "refId":"kollop_03_pearl",
      "inventory":[]
    }
  },
  "loadState":{
    "hasFullActorList":true,
    "hasFullContainerData":true
  }
}