{
  "packets":{
    "actorList":["365399-0","365400-0","365397-0","365398-0","365401-0"],
    "ai":[],
    "cellChangeFrom":[],
    "cellChangeTo":[],
    "container":["388163-0","388164-0","388165-0","388162-0","365397-0","365398-0","365399-0","365400-0","365401-0"],
    "death":["365401-0","365399-0","365400-0","365397-0","365398-0"],
    "delete":[],
    "doorState":["172705-0","172700-0"],
    "equipment":["365399-0","365400-0","365397-0","365398-0","365401-0"],
    "lock":[],
    "place":[],
    "position":["365397-0","365398-0","365399-0","365400-0","365401-0"],
    "scale":[],
    "spawn":[],
    "state":[],
    "statsDynamic":["365397-0","365398-0","365399-0","365400-0","365401-0"],
    "trap":["388162-0"],
    "miscellaneous":[],
    "clientScriptLocal":[],
    "spellsActive":["365397-0"]
  },
  "entry":{
    "description":"Alen Ancestral Tomb",
    "creationTime":1716740867
  },
  "lastVisit":{
    "Fidgug":1716741115,
    "Benoit":1716741113
  },
  "recordLinks":[],
  "objectData":{
    "365399-0":{
      "refId":"quarra vampire 3",
      "location":{
        "rotZ":-0.93390345573425,
        "rotY":0,
        "posX":-617.02905273438,
        "posY":1337.2521972656,
        "posZ":-286.99685668945,
        "rotX":0.094590559601784
      },
      "stats":{
        "healthModified":60,
        "magickaModified":116,
        "fatigueModified":189,
        "healthBase":60,
        "healthCurrent":0,
        "magickaBase":116,
        "magickaCurrent":116,
        "fatigueBase":189,
        "fatigueCurrent":186.98014831543
      },
      "equipment":{
        "2":{
          "refId":"bonemold_greaves",
          "count":1,
          "charge":-1,
          "enchantmentCharge":-1
        },
        "9":{
          "refId":"common_pants_03_c",
          "count":1,
          "charge":-1,
          "enchantmentCharge":-1
        },
        "8":{
          "refId":"common_shirt_04",
          "count":1,
          "charge":-1,
          "enchantmentCharge":-1
        },
        "16":{
          "refId":"steel longbow",
          "count":1,
          "charge":596,
          "enchantmentCharge":-1
        },
        "18":{
          "refId":"iron arrow",
          "count":16,
          "charge":-1,
          "enchantmentCharge":-1
        }
      },
      "inventory":[{
          "refId":"bonemold_greaves",
          "count":1,
          "charge":-1,
          "enchantmentCharge":-1,
          "soul":""
        },{
          "refId":"common_shirt_04",
          "count":1,
          "charge":-1,
          "enchantmentCharge":-1,
          "soul":""
        },{
          "refId":"common_pants_03_c",
          "count":1,
          "charge":-1,
          "enchantmentCharge":-1,
          "soul":""
        },{
          "refId":"iron arrow",
          "count":7,
          "charge":-1,
          "enchantmentCharge":-1,
          "soul":""
        },{
          "refId":"steel longbow",
          "count":1,
          "charge":586,
          "enchantmentCharge":-1,
          "soul":""
        }],
      "killer":{
        "playerName":"Benoit"
      },
      "deathState":41,
      "spellsActive":[]
    },
    "365400-0":{
      "refId":"quarra vampire 4",
      "location":{
        "rotZ":-0.70881819725037,
        "rotY":0,
        "posX":-748.66479492188,
        "posY":1582.9739990234,
        "posZ":-286.98648071289,
        "rotX":1.3485550880432e-06
      },
      "stats":{
        "healthModified":59,
        "magickaModified":88,
        "fatigueModified":188,
        "healthBase":59,
        "healthCurrent":0,
        "magickaBase":88,
        "magickaCurrent":4,
        "fatigueBase":188,
        "fatigueCurrent":188
      },
      "equipment":[null,{
          "refId":"netch_leather_greaves",
          "count":1,
          "charge":-1,
          "enchantmentCharge":-1
        },null,null,null,null,{
          "refId":"netch_leather_boots",
          "count":1,
          "charge":-1,
          "enchantmentCharge":-1
        },null,{
          "refId":"common_pants_02",
          "count":1,
          "charge":-1,
          "enchantmentCharge":-1
        }],
      "inventory":[{
          "refId":"netch_leather_boots",
          "count":1,
          "charge":-1,
          "enchantmentCharge":-1,
          "soul":""
        },{
          "refId":"netch_leather_greaves",
          "count":1,
          "charge":-1,
          "enchantmentCharge":-1,
          "soul":""
        },{
          "refId":"common_pants_02",
          "count":1,
          "charge":-1,
          "enchantmentCharge":-1,
          "soul":""
        }],
      "killer":{
        "playerName":"Fidgug"
      },
      "deathState":39
    },
    "365401-0":{
      "refId":"quarra vampire 5",
      "location":{
        "rotZ":-0.13780665397644,
        "rotY":0,
        "posX":-883.28594970703,
        "posY":1734.7973632813,
        "posZ":-287,
        "rotX":-0.096528261899948
      },
      "stats":{
        "healthModified":56,
        "magickaModified":106,
        "fatigueModified":188,
        "healthBase":56,
        "healthCurrent":0,
        "magickaBase":106,
        "magickaCurrent":98,
        "fatigueBase":188,
        "fatigueCurrent":188
      },
      "equipment":{
        "2":{
          "refId":"netch_leather_greaves",
          "count":1,
          "charge":-1,
          "enchantmentCharge":-1
        },
        "16":{
          "refId":"iron tanto",
          "count":1,
          "charge":-1,
          "enchantmentCharge":-1
        },
        "8":{
          "refId":"common_shirt_02",
          "count":1,
          "charge":-1,
          "enchantmentCharge":-1
        },
        "9":{
          "refId":"common_pants_02",
          "count":1,
          "charge":-1,
          "enchantmentCharge":-1
        }
      },
      "inventory":[{
          "refId":"netch_leather_greaves",
          "count":1,
          "charge":-1,
          "enchantmentCharge":-1,
          "soul":""
        },{
          "refId":"common_shirt_02",
          "count":1,
          "charge":-1,
          "enchantmentCharge":-1,
          "soul":""
        },{
          "refId":"common_pants_02",
          "count":1,
          "charge":-1,
          "enchantmentCharge":-1,
          "soul":""
        },{
          "refId":"iron tanto",
          "count":1,
          "charge":-1,
          "enchantmentCharge":-1,
          "soul":""
        }],
      "deathState":42,
      "killer":{
        "refId":"quarra vampire 4",
        "uniqueIndex":"365400-0"
      },
      "spellsActive":[]
    },
    "388163-0":{
      "refId":"urn_ash00",
      "inventory":[{
          "refId":"ingred_bonemeal_01",
          "count":1,
          "charge":-1,
          "enchantmentCharge":-1,
          "soul":""
        }]
    },
    "388164-0":{
      "refId":"urn_ash00",
      "inventory":[{
          "refId":"ingred_bonemeal_01",
          "count":1,
          "charge":-1,
          "enchantmentCharge":-1,
          "soul":""
        }]
    },
    "388165-0":{
      "refId":"sack_tomb_ingred",
      "inventory":[]
    },
    "388162-0":{
      "refId":"urn_ash00",
      "inventory":[]
    },
    "172705-0":{
      "refId":"in_velothismall_ndoor_01",
      "doorState":1
    },
    "365397-0":{
      "refId":"quarra vampire 1",
      "location":{
        "rotZ":-1.4506151676178,
        "rotY":0,
        "posX":-80.810668945313,
        "posY":1423.2886962891,
        "posZ":-368.53643798828,
        "rotX":-0.041876204311848
      },
      "stats":{
        "healthModified":84,
        "magickaModified":86,
        "fatigueModified":202,
        "healthBase":84,
        "healthCurrent":0,
        "magickaBase":86,
        "magickaCurrent":70,
        "fatigueBase":202,
        "fatigueCurrent":202
      },
      "equipment":{
        "2":{
          "refId":"bonemold_greaves",
          "count":1,
          "charge":-1,
          "enchantmentCharge":-1
        },
        "7":{
          "refId":"bonemold_boots",