{
  "packets":{
    "actorList":["0-839","0-840","0-836","0-837","0-838"],
    "ai":[],
    "cellChangeFrom":[],
    "cellChangeTo":[],
    "container":["388188-0","388189-0","388190-0","388191-0","388192-0","388193-0","388194-0","388195-0","388196-0","388197-0","388198-0","388199-0","388200-0","388201-0","388202-0","388203-0","388204-0","388205-0","388212-0","388215-0","388217-0","388220-0","388221-0","388223-0","0-839","0-840","0-836","0-837","0-838"],
    "death":["0-840","0-836"],
    "delete":["388216-0"],
    "doorState":["347605-0","347606-0"],
    "equipment":[],
    "lock":[],
    "place":[],
    "position":["0-836","0-837","0-838","0-839","0-840"],
    "scale":[],
    "spawn":["0-839","0-840","0-836","0-837","0-838"],
    "state":[],
    "statsDynamic":["0-836","0-837","0-838","0-839","0-840"],
    "trap":["388189-0","347606-0"],
    "clientScriptLocal":[],
    "spellsActive":["0-840","0-836"],
    "miscellaneous":[]
  },
  "entry":{
    "description":"Andavel Ancestral Tomb",
    "creationTime":1717183253
  },
  "lastVisit":{
    "Benoit":1717183720,
    "Fidgug":1717183641
  },
  "recordLinks":[],
  "objectData":{
    "347605-0":{
      "refId":"in_velothismall_ndoor_01",
      "doorState":1
    },
    "388203-0":{
      "refId":"urn_ash00",
      "inventory":[{
          "refId":"ingred_bonemeal_01",
          "count":1,
          "charge":-1,
          "enchantmentCharge":-1,
          "soul":""
        }]
    },
    "388202-0":{
      "refId":"urn_ash00",
      "inventory":[{
          "refId":"ingred_bonemeal_01",
          "count":1,
          "charge":-1,
          "enchantmentCharge":-1,
          "soul":""
        }]
    },
    "0-838":{
      "refId":"clannfear",
      "location":{
        "posX":-398.65112304688,
        "posY":-3003.9228515625,
        "posZ":1707.7957763672,
        "rotX":0.12436865270138,
        "rotZ":-1.4262821674347,
        "rotY":0
      },
      "stats":{
        "magickaCurrent":100,
        "fatigueBase":500,
        "fatigueCurrent":500,
        "fatigueModified":500,
        "magickaBase":100,
        "healthModified":113,
        "healthBase":113,
        "healthCurrent":113,
        "magickaModified":100
      },
      "inventory":[{
          "refId":"ingred_daedras_heart_01",
          "count":1,
          "charge":-1,
          "enchantmentCharge":-1,
          "soul":""
        }]
    },
    "388198-0":{
      "refId":"urn_ash00",
      "inventory":[{
          "refId":"ingred_bonemeal_01",
          "count":1,
          "charge":-1,
          "enchantmentCharge":-1,
          "soul":""
        }]
    },
    "388199-0":{
      "refId":"urn_ash00",
      "inventory":[{
          "refId":"ingred_bonemeal_01",
          "count":1,
          "charge":-1,
          "enchantmentCharge":-1,
          "soul":""
        }]
    },
    "0-839":{
      "refId":"scamp",
      "location":{
        "posX":-3743.3911132813,
        "posY":-4252.9858398438,
        "posZ":1678.9719238281,
        "rotX":0.11235701292753,
        "rotZ":1.5428073406219,
        "rotY":0
      },
      "stats":{
        "magickaCurrent":100,
        "fatigueBase":400,
        "fatigueCurrent":400,
        "fatigueModified":400,
        "magickaBase":100,
        "healthModified":45,
        "healthBase":45,
        "healthCurrent":45,
        "magickaModified":100
      },
      "inventory":[]
    },
    "388188-0":{
      "refId":"urn_ash00",
      "inventory":[]
    },
    "388189-0":{
      "refId":"urn_ash00",
      "inventory":[]
    },
    "388190-0":{
      "refId":"urn_ash00",
      "inventory":[]
    },
    "388191-0":{
      "refId":"urn_ash00",
      "inventory":[{
          "refId":"ingred_bonemeal_01",
          "count":1,
          "charge":-1,
          "enchantmentCharge":-1,
          "soul":""
        }]
    },
    "388192-0":{
      "refId":"urn_ash00",
      "inventory":[]
    },
    "388193-0":{
      "refId":"urn_ash00",
      "inventory":[]
    },
    "388194-0":{
      "refId":"urn_ash00",
      "inventory":[{
          "refId":"ingred_bonemeal_01",
          "count":1,
          "charge":-1,
          "enchantmentCharge":-1,
          "soul":""
        }]
    },
    "388195-0":{
      "refId":"urn_ash00",
      "inventory":[]
    },
    "388201-0":{
      "refId":"urn_ash00",
      "inventory":[{
          "refId":"ingred_bonemeal_01",
          "count":1,
          "charge":-1,
          "enchantmentCharge":-1,
          "soul":""
        }]
    },
    "388197-0":{
      "refId":"urn_ash00",
      "inventory":[{
          "refId":"ingred_bonemeal_01",
          "count":1,
          "charge":-1,
          "enchantmentCharge":-1,
          "soul":""
        }]
    },
    "0-840":{
      "refId":"scamp",
      "location":{
        "posX":-5251.1069335938,
        "posY":-1445.6043701172,
        "posZ":1793.0059814453,
        "rotX":-0.033333331346512,
        "rotZ":-0.27385449409485,
        "rotY":0
      },
      "stats":{
        "magickaCurrent":100,
        "fatigueBase":400,
        "fatigueCurrent":400,
        "fatigueModified":400,
        "magickaBase":100,
        "healthModified":45,
        "healthBase":45,
        "healthCurrent":0,
        "magickaModified":100
      },
      "inventory":[],
      "spellsActive":{
        "cloudcleaver_unique":[{
            "displayName":"Cloudcleaver",
            "stackingState":false,
            "startTime":1717183267,
            "caster":{
              "playerName":"Fidgug"
            },
            "effects":[{
                "arg":-1,
                "duration":1,
                "id":15,
                "timeLeft":1,
                "magnitude":5
              }]
          }]
      },
      "deathState":38,
      "killer":{
        "playerName":"Fidgug"
      }
    },
    "388204-0":{
      "refId":"urn_ash00",
      "inventory":[{
          "refId":"ingred_bonemeal_01",
          "count":1,
          "charge":-1,
          "enchantmentCharge":-1,
          "soul":""
        }]
    },
    "388200-0":{
      "refId":"urn_ash00",
      "inventory":[{
          "refId":"ingred_bonemeal_01",
          "count":1,
          "charge":-1,
          "enchantmentCharge":-1,
          "soul":""
        }]
    },
    "388205-0":{
      "refId":"urn_ash00",
      "inventory":[{
          "refId":"ingred_bonemeal_01",
          "count":1,
          "charge":-1,
          "enchantmentCharge":-1,
          "soul":""
        }]
    },
    "388212-0":{
      "refId":"chest_tomb_small00",
      "inventory":[]
    },
    "388215-0":{
      "refId":"sack_tomb_ingred",
      "inventory":[{
          "refId":"ingred_bittergreen_petals_01",
          "count":1,
          "charge":-1,
          "enchantmentCharge":-1,
          "soul":""
        },{
          "refId":"ingred_comberry_01",
          "count":1,
          "charge":-1,
          "enchantmentCharge":-1,
          "soul":""
        },{
          "refId":"ingred_ash_salts_01",
          "count":1,
          "charge":-1,
          "enchantmentCharge":-1,
          "soul":""
        },{
          "refId":"ingred_heather_01",
          "count":1,
          "charge":-1,
          "enchantmentCharge":-1,
          "soul":""
        }]
    },
    "347606-0":{
      "refId":"in_velothismall_ndoor_01",
      "doorState":2
    },
    "388217-0":{
      "refId":"sack_tomb_ingred",
      "inventory":[]
    },
    "388196-0":{
      "refId":"urn_ash00",
      "inventory":[]
    },
    "388220-0":{
      "refId":"chest_tomb_small01",
      "inventory":[{
          "refId":"common_ring_01",
          "count":1,
          "charge":-1,
          "enchantmentCharge":-1,
          "soul":""
        }]
    },
    "388221-0":{
      "refId":"sack_tomb_ingred",
      "inventory":[{
          "refId":"ingred_comberry_01",
          "count":1,
          "charge":-1,
          "enchantmentCharge":-1,
          "soul":""
        },{
          "refId":"ingred_ash_salts_01",
          "count":1,
          "charge":-1,