{
  "packets":{
    "actorList":["0-1428","0-1429","0-1424","0-1425","0-1426","0-1427"],
    "ai":[],
    "cellChangeFrom":[],
    "cellChangeTo":[],
    "container":["374761-0","374762-0","374779-0","374877-0","374878-0","374879-0","414111-0","0-1428","0-1429","0-1424","0-1425","0-1426","0-1427"],
    "death":["0-1425","0-1424","0-1429","0-1428","0-1427","0-1426"],
    "delete":["464036-0"],
    "doorState":[],
    "equipment":[],
    "lock":["414111-0"],
    "place":[],
    "position":["0-1424","0-1425","0-1426","0-1427","0-1428","0-1429"],
    "scale":[],
    "spawn":["0-1428","0-1429","0-1424","0-1425","0-1426","0-1427"],
    "state":[],
    "statsDynamic":["0-1424","0-1425","0-1426","0-1427","0-1428","0-1429"],
    "trap":[],
    "clientScriptLocal":[],
    "spellsActive":[],
    "miscellaneous":[]
  },
  "entry":{
    "description":"Arkngthunch-Sturdumz",
    "creationTime":1719603464
  },
  "lastVisit":{
    "Benoit":1719603682,
    "Fidgug":1719603683
  },
  "recordLinks":[],
  "objectData":{
    "374879-0":{
      "refId":"dwrv_barrel00",
      "inventory":[]
    },
    "414111-0":{
      "refId":"dwrv_chest_small",
      "inventory":[],
      "lockLevel":0
    },
    "0-1424":{
      "refId":"centurion_steam",
      "location":{
        "posX":-2125.8383789063,
        "posY":2538.1545410156,
        "posZ":-1438.9832763672,
        "rotX":0.043892227113247,
        "rotY":0,
        "rotZ":2.8484084606171
      },
      "stats":{
        "magickaCurrent":30,
        "fatigueBase":1000,
        "fatigueCurrent":1000,
        "healthModified":150,
        "magickaModified":30,
        "fatigueModified":1000,
        "healthBase":150,
        "healthCurrent":0,
        "magickaBase":30
      },
      "inventory":[],
      "killer":{
        "playerName":"Fidgug"
      },
      "spellsActive":[],
      "deathState":38
    },
    "0-1425":{
      "refId":"centurion_spider",
      "location":{
        "posX":-1799.0166015625,
        "posY":2248.6774902344,
        "posZ":-1438.9973144531,
        "rotX":-0.14594177901745,
        "rotY":0,
        "rotZ":-2.5222799777985
      },
      "stats":{
        "magickaCurrent":20,
        "fatigueBase":400,
        "fatigueCurrent":398.63168334961,
        "healthModified":38,
        "magickaModified":20,
        "fatigueModified":400,
        "healthBase":38,
        "healthCurrent":0,
        "magickaBase":20
      },
      "inventory":[],
      "killer":{
        "playerName":"Fidgug"
      },
      "deathState":39
    },
    "0-1426":{
      "refId":"centurion_spider",
      "location":{
        "posX":133.8055267334,
        "posY":1287.1533203125,
        "posZ":-862.99542236328,
        "rotX":-0.16457575559616,
        "rotY":0,
        "rotZ":-1.5002653598785
      },
      "stats":{
        "magickaCurrent":20,
        "fatigueBase":400,
        "fatigueCurrent":399.49838256836,
        "healthModified":38,
        "magickaModified":20,
        "fatigueModified":400,
        "healthBase":38,
        "healthCurrent":0,
        "magickaBase":20
      },
      "inventory":[{
          "refId":"ingred_scrap_metal_01",
          "count":1,
          "charge":-1,
          "enchantmentCharge":-1,
          "soul":""
        }],
      "killer":{
        "playerName":"Fidgug"
      },
      "spellsActive":[],
      "deathState":38
    },
    "0-1427":{
      "refId":"dwarven ghost",
      "location":{
        "posX":-255.26268005371,
        "posY":1432.9880371094,
        "posZ":-862.99542236328,
        "rotX":-0.044370383024216,
        "rotY":0,
        "rotZ":-1.5610415935516
      },
      "stats":{
        "magickaCurrent":47,
        "fatigueBase":400,
        "fatigueCurrent":394.62457275391,
        "healthModified":60,
        "magickaModified":75,
        "fatigueModified":400,
        "healthBase":60,
        "healthCurrent":0,
        "magickaBase":75
      },
      "inventory":[],
      "killer":{
        "playerName":"Fidgug"
      },
      "spellsActive":[],
      "deathState":40
    },
    "0-1428":{
      "refId":"centurion_spider",
      "location":{
        "posX":-820.85546875,
        "posY":2276.6743164063,
        "posZ":-874.12420654297,
        "rotX":0.49143669009209,
        "rotY":0,
        "rotZ":-1.0154602527618
      },
      "stats":{
        "magickaCurrent":20,
        "fatigueBase":400,
        "fatigueCurrent":400,
        "healthModified":38,
        "magickaModified":20,
        "fatigueModified":400,
        "healthBase":38,
        "healthCurrent":0,
        "magickaBase":20
      },
      "inventory":[],
      "killer":{
        "playerName":"Fidgug"
      },
      "deathState":39
    },
    "0-1429":{
      "refId":"centurion_steam",
      "location":{
        "posX":-1729.0424804688,
        "posY":3375.3676757813,
        "posZ":-1438.9916992188,
        "rotX":0.039981592446566,
        "rotY":0,
        "rotZ":-1.3121020793915
      },
      "stats":{
        "magickaCurrent":30,
        "fatigueBase":1000,
        "fatigueCurrent":998.45043945313,
        "healthModified":150,
        "magickaModified":30,
        "fatigueModified":1000,
        "healthBase":150,
        "healthCurrent":0,
        "magickaBase":30
      },
      "inventory":[],
      "killer":{
        "playerName":"Fidgug"
      },
      "spellsActive":[],
      "deathState":38
    },
    "374761-0":{
      "refId":"dwrv_barrel00",
      "inventory":[{
          "refId":"ingred_scrap_metal_01",
          "count":2,
          "charge":-1,
          "enchantmentCharge":-1,
          "soul":""
        }]
    },
    "374762-0":{
      "refId":"dwrv_barrel00",
      "inventory":[]
    },
    "464036-0":{
      "refId":"misc_dwrv_artifact60"
    },
    "374779-0":{
      "refId":"dwrv_chest00_common",
      "inventory":[{
          "refId":"misc_dwrv_gear00",
          "count":1,
          "charge":-1,
          "enchantmentCharge":-1,
          "soul":""
        }]
    },
    "374877-0":{
      "refId":"dwrv_barrel00",
      "inventory":[{
          "refId":"ingred_scrap_metal_01",
          "count":1,
          "charge":-1,
          "enchantmentCharge":-1,
          "soul":""
        }]
    },
    "374878-0":{
      "refId":"dwrv_barrel00",
      "inventory":[{
          "refId":"ingred_scrap_metal_01",
          "count":1,
          "charge":-1,
          "enchantmentCharge":-1,
          "soul":""
        }]
    }
  },
  "loadState":{
    "hasFullActorList":true,
    "hasFullContainerData":true
  }
}