{
  "packets":{
    "actorList":["172888-0","172887-0","172889-0"],
    "ai":[],
    "cellChangeFrom":[],
    "cellChangeTo":[],
    "container":["164654-0","164656-0","164666-0","164667-0","164668-0","164669-0","164670-0","164677-0","164731-0","164737-0","164738-0","164739-0","164755-0","164774-0","164777-0","164816-0","164723-0","324642-0","324643-0","324644-0","324653-0","324654-0","324655-0","324656-0","324657-0","324658-0","324659-0","164655-0","172887-0","172888-0","172889-0"],
    "death":[],
    "delete":[],
    "doorState":[],
    "equipment":["172888-0","172887-0","172889-0"],
    "lock":[],
    "place":[],
    "position":["172887-0","172888-0","172889-0"],
    "scale":[],
    "spawn":[],
    "state":[],
    "statsDynamic":["172887-0","172888-0","172889-0"],
    "trap":[],
    "clientScriptLocal":[],
    "spellsActive":[],
    "miscellaneous":["172887-0"]
  },
  "entry":{
    "creationTime":1714768161,
    "description":"Caldera, Shenk's Shovel"
  },
  "lastVisit":{
    "Benoit":1714768255,
    "Fidgug":1714768253
  },
  "recordLinks":[],
  "objectData":{
    "164670-0":{
      "refId":"chest_small_02_gold_25",
      "inventory":[{
          "refId":"gold_001",
          "count":25,
          "charge":-1,
          "enchantmentCharge":-1,
          "soul":""
        }]
    },
    "164677-0":{
      "refId":"com_cupboard_01_gavin",
      "inventory":[{
          "refId":"misc_com_bottle_03",
          "count":3,
          "charge":-1,
          "enchantmentCharge":-1,
          "soul":""
        },{
          "refId":"misc_com_bottle_06",
          "count":1,
          "charge":-1,
          "enchantmentCharge":-1,
          "soul":""
        },{
          "refId":"misc_com_bottle_13",
          "count":2,
          "charge":-1,
          "enchantmentCharge":-1,
          "soul":""
        }]
    },
    "172887-0":{
      "refId":"shenk",
      "location":{
        "rotY":0,
        "posX":255.72413635254,
        "posY":20.938289642334,
        "posZ":129,
        "rotX":0,
        "rotZ":-2.599999666214
      },
      "stats":{
        "healthBase":97,
        "healthCurrent":97,
        "magickaBase":108,
        "magickaCurrent":108,
        "fatigueBase":224,
        "fatigueCurrent":224,
        "healthModified":97,
        "magickaModified":108,
        "fatigueModified":224
      },
      "equipment":{
        "7":{
          "refId":"expensive_shoes_03",
          "count":1,
          "charge":-1,
          "enchantmentCharge":-1
        },
        "8":{
          "refId":"extravagant_shirt_02",
          "count":1,
          "charge":-1,
          "enchantmentCharge":-1
        },
        "16":{
          "refId":"chitin club",
          "count":1,
          "charge":-1,
          "enchantmentCharge":-1
        },
        "9":{
          "refId":"expensive_pants_03",
          "count":1,
          "charge":-1,
          "enchantmentCharge":-1
        }
      },
      "inventory":[{
          "refId":"potion_local_liquor_01",
          "count":7,
          "charge":-1,
          "enchantmentCharge":-1,
          "soul":""
        },{
          "refId":"potion_local_brew_01",
          "count":7,
          "charge":-1,
          "enchantmentCharge":-1,
          "soul":""
        },{
          "refId":"potion_comberry_wine_01",
          "count":5,
          "charge":-1,
          "enchantmentCharge":-1,
          "soul":""
        },{
          "refId":"potion_comberry_brandy_01",
          "count":5,
          "charge":-1,
          "enchantmentCharge":-1,
          "soul":""
        },{
          "refId":"potion_cyro_brandy_01",
          "count":3,
          "charge":-1,
          "enchantmentCharge":-1,
          "soul":""
        },{
          "refId":"potion_cyro_whiskey_01",
          "count":3,
          "charge":-1,
          "enchantmentCharge":-1,
          "soul":""
        },{
          "refId":"extravagant_shirt_02",
          "count":1,
          "charge":-1,
          "enchantmentCharge":-1,
          "soul":""
        },{
          "refId":"expensive_shoes_03",
          "count":1,
          "charge":-1,
          "enchantmentCharge":-1,
          "soul":""
        },{
          "refId":"expensive_pants_03",
          "count":1,
          "charge":-1,
          "enchantmentCharge":-1,
          "soul":""
        },{
          "refId":"ingred_saltrice_01",
          "count":12,
          "charge":-1,
          "enchantmentCharge":-1,
          "soul":""
        },{
          "refId":"chitin club",
          "count":1,
          "charge":-1,
          "enchantmentCharge":-1,
          "soul":""
        }],
      "lastGoldRestockDay":6,
      "goldPool":400,
      "lastGoldRestockHour":6.31378698349
    },
    "164731-0":{
      "refId":"crate_01_empty",
      "inventory":[]
    },
    "172888-0":{
      "refId":"iratian albarnian",
      "location":{
        "rotY":0,
        "posX":34.892822265625,
        "posY":308.08212280273,
        "posZ":129,
        "rotX":-0.029957860708237,
        "rotZ":-2.4206955432892
      },
      "stats":{
        "healthBase":128,
        "healthCurrent":128,
        "magickaBase":94,
        "magickaCurrent":94,
        "fatigueBase":229,
        "fatigueCurrent":229,
        "healthModified":128,
        "magickaModified":94,
        "fatigueModified":229
      },
      "equipment":{
        "1":{
          "refId":"imperial_chain_cuirass",
          "count":1,
          "charge":-1,
          "enchantmentCharge":-1
        },
        "2":{
          "refId":"netch_leather_greaves",
          "count":1,
          "charge":-1,
          "enchantmentCharge":-1
        },
        "7":{
          "refId":"heavy_leather_boots",
          "count":1,
          "charge":-1,
          "enchantmentCharge":-1
        },
        "8":{
          "refId":"common_shirt_04",
          "count":1,
          "charge":-1,
          "enchantmentCharge":-1
        },
        "9":{
          "refId":"common_pants_04",
          "count":1,
          "charge":-1,
          "enchantmentCharge":-1
        },
        "16":{
          "refId":"imperial broadsword",
          "count":1,
          "charge":-1,
          "enchantmentCharge":-1
        }
      },
      "inventory":[{
          "refId":"heavy_leather_boots",
          "count":1,
          "charge":-1,
          "enchantmentCharge":-1,
          "soul":""
        },{
          "refId":"netch_leather_greaves",
          "count":1,
          "charge":-1,
          "enchantmentCharge":-1,
          "soul":""
        },{
          "refId":"imperial_chain_cuirass",
          "count":1,
          "charge":-1,
          "enchantmentCharge":-1,
          "soul":""
        },{
          "refId":"common_shirt_04",
          "count":1,
          "charge":-1,
          "enchantmentCharge":-1,
          "soul":""
        },{
          "refId":"common_shoes_04",
          "count":1,
          "charge":-1,
          "enchantmentCharge":-1,
          "soul":""
        },{
          "refId":"common_pants_04",
          "count":1,
          "charge":-1,
          "enchantmentCharge":-1,
          "soul":""
        },{
          "refId":"imperial broadsword",
          "count":1,
          "charge":-1,
          "enchantmentCharge":-1,
          "soul":""
        }]
    },
    "164737-0":{
      "refId":"com_sack_02_gold_05",
      "inventory":[{
          "refId":"common_shoes_01",
          "count":1,
          "charge":-1,
          "enchantmentCharge":-1,
          "soul":""
        },{
          "refId":"common_shoes_03",
          "count":1,
          "charge":-1,
          "enchantmentCharge":-1,
          "soul":""
        },{
          "refId":"expensive_belt_02",
          "count":1,
          "charge":-1,
          "enchantmentCharge":-1,
          "soul":""
        },{
          "refId":"gold_001",
          "count":5,
          "charge":-1,
          "enchantmentCharge":-1,
          "soul":""
        }]
    },