{
  "packets":{
    "actorList":["213677-0","213679-0","213678-0","213676-0"],
    "ai":[],
    "cellChangeFrom":[],
    "cellChangeTo":[],
    "container":["213764-0","474300-0","474343-0","474348-0","474349-0","474350-0","474352-0","474354-0","213677-0","213678-0","213676-0","213679-0"],
    "death":["213677-0","213679-0","213678-0","213676-0"],
    "delete":["213770-0","441598-0","213779-0","213780-0","474333-0","474335-0","474331-0","474332-0","213832-0","474337-0","474336-0","474329-0","474327-0","474325-0","474324-0","474328-0","474340-0","474318-0"],
    "doorState":[],
    "equipment":["213676-0","213679-0","213678-0","213677-0"],
    "lock":[],
    "place":["0-1599","0-1600"],
    "position":["213676-0","213677-0","213678-0","213679-0"],
    "scale":[],
    "spawn":[],
    "state":[],
    "statsDynamic":["213676-0","213677-0","213678-0","213679-0"],
    "trap":[],
    "miscellaneous":[],
    "clientScriptLocal":[],
    "spellsActive":[]
  },
  "entry":{
    "description":"Dagon Fel, Sorkvild's Tower",
    "creationTime":1723746782
  },
  "lastVisit":{
    "Benoit":1723747500,
    "Fidgug":1723747501
  },
  "recordLinks":[],
  "objectData":{
    "474327-0":{
      "refId":"ingred_black_lichen_01"
    },
    "474318-0":{
      "refId":"daedric dagger"
    },
    "213677-0":{
      "refId":"hlora long-leg",
      "location":{
        "posY":2738.4575195313,
        "posZ":15105.016601563,
        "rotX":-0.0011134520173073,
        "rotZ":2.6202547550201,
        "rotY":0,
        "posX":3391.8649902344
      },
      "stats":{
        "healthBase":146,
        "healthCurrent":0,
        "magickaBase":76,
        "magickaModified":76,
        "fatigueBase":269,
        "fatigueCurrent":268.79263305664,
        "fatigueModified":269,
        "magickaCurrent":76,
        "healthModified":146
      },
      "equipment":{
        "0":{
          "refId":"bonemold_helm",
          "count":1,
          "charge":160,
          "enchantmentCharge":-1
        },
        "1":{
          "refId":"bonemold_cuirass",
          "count":1,
          "charge":460,
          "enchantmentCharge":-1
        },
        "2":{
          "refId":"bonemold_greaves",
          "count":1,
          "charge":-1,
          "enchantmentCharge":-1
        },
        "3":{
          "refId":"bonemold_armun-an_pauldron_l",
          "count":1,
          "charge":127,
          "enchantmentCharge":-1
        },
        "4":{
          "refId":"bonemold_pauldron_r",
          "count":1,
          "charge":-1,
          "enchantmentCharge":-1
        },
        "5":{
          "refId":"bonemold_bracer_left",
          "count":1,
          "charge":-1,
          "enchantmentCharge":-1
        },
        "6":{
          "refId":"bonemold_bracer_right",
          "count":1,
          "charge":-1,
          "enchantmentCharge":-1
        },
        "7":{
          "refId":"bonemold_boots",
          "count":1,
          "charge":-1,
          "enchantmentCharge":-1
        },
        "8":{
          "refId":"common_shirt_03_c",
          "count":1,
          "charge":-1,
          "enchantmentCharge":-1
        },
        "9":{
          "refId":"expensive_pants_01_e",
          "count":1,
          "charge":-1,
          "enchantmentCharge":-1
        },
        "16":{
          "refId":"dwarven mace",
          "count":1,
          "charge":-1,
          "enchantmentCharge":-1
        },
        "17":{
          "refId":"bonemold_shield",
          "count":1,
          "charge":-1,
          "enchantmentCharge":-1
        }
      },
      "inventory":[{
          "refId":"bonemold_bracer_right",
          "count":1,
          "charge":-1,
          "enchantmentCharge":-1,
          "soul":""
        },{
          "refId":"bonemold_bracer_left",
          "count":1,
          "charge":-1,
          "enchantmentCharge":-1,
          "soul":""
        },{
          "refId":"bonemold_shield",
          "count":1,
          "charge":-1,
          "enchantmentCharge":-1,
          "soul":""
        },{
          "refId":"bonemold_boots",
          "count":1,
          "charge":-1,
          "enchantmentCharge":-1,
          "soul":""
        },{
          "refId":"bonemold_greaves",
          "count":1,
          "charge":-1,
          "enchantmentCharge":-1,
          "soul":""
        },{
          "refId":"bonemold_pauldron_r",
          "count":1,
          "charge":-1,
          "enchantmentCharge":-1,
          "soul":""
        },{
          "refId":"bonemold_armun-an_pauldron_l",
          "count":1,
          "charge":127,
          "enchantmentCharge":-1,
          "soul":""
        },{
          "refId":"bonemold_cuirass",
          "count":1,
          "charge":460,
          "enchantmentCharge":-1,
          "soul":""
        },{
          "refId":"bonemold_helm",
          "count":1,
          "charge":160,
          "enchantmentCharge":-1,
          "soul":""
        },{
          "refId":"common_shirt_03_c",
          "count":1,
          "charge":-1,
          "enchantmentCharge":-1,
          "soul":""
        },{
          "refId":"expensive_shoes_02",
          "count":1,
          "charge":-1,
          "enchantmentCharge":-1,
          "soul":""
        },{
          "refId":"expensive_pants_01_e",
          "count":1,
          "charge":-1,
          "enchantmentCharge":-1,
          "soul":""
        },{
          "refId":"dwarven mace",
          "count":1,
          "charge":-1,
          "enchantmentCharge":-1,
          "soul":""
        }],
      "deathState":40,
      "killer":{
        "playerName":"Fidgug"
      }
    },
    "474325-0":{
      "refId":"ingred_bonemeal_01"
    },
    "213678-0":{
      "refId":"minedhel",
      "location":{
        "posY":3551.8894042969,
        "posZ":15105.015625,
        "rotX":0.51368898153305,
        "rotZ":1.6673181056976,
        "rotY":0,
        "posX":1893.5115966797
      },
      "stats":{
        "healthBase":71,
        "healthCurrent":0,
        "magickaBase":106,
        "magickaModified":106,
        "fatigueBase":197,
        "fatigueCurrent":197,
        "fatigueModified":197,
        "magickaCurrent":106,
        "healthModified":71
      },
      "equipment":{
        "0":{
          "refId":"chitin_mask_helm",
          "count":1,
          "charge":91,
          "enchantmentCharge":-1
        },
        "1":{
          "refId":"chitin cuirass",
          "count":1,
          "charge":289,
          "enchantmentCharge":-1
        },
        "2":{
          "refId":"chitin greaves",
          "count":1,
          "charge":89,
          "enchantmentCharge":-1
        },
        "3":{
          "refId":"netch_leather_pauldron_left",
          "count":1,
          "charge":-1,
          "enchantmentCharge":-1
        },
        "4":{
          "refId":"netch_leather_pauldron_right",
          "count":1,
          "charge":-1,
          "enchantmentCharge":-1
        },
        "5":{
          "refId":"chitin guantlet - left",
          "count":1,
          "charge":-1,
          "enchantmentCharge":-1
        },
        "6":{
          "refId":"chitin guantlet - right",
          "count":1,
          "charge":-1,
          "enchantmentCharge":-1
        },
        "7":{
          "refId":"netch_leather_boots",
          "count":1,
          "charge":40,
          "enchantmentCharge":-1
        },
        "8":{
          "refId":"common_shirt_02_hh",
          "count":1,
          "charge":-1,
          "enchantmentCharge":-1
        },
        "9":{
          "refId":"expensive_pants_01",
          "count":1,
          "charge":-1,
          "enchantmentCharge":-1
        }
      },
      "inventory":[{
          "refId":"chitin guantlet - right",
          "count":1,
          "charge":-1,
          "enchantmentCharge":-1,
          "soul":""
        },{
          "refId":"chitin guantlet - left",
          "count":1,
          "charge":-1,
          "enchantmentCharge":-1,