{
  "packets":{
    "actorList":["0-1747","0-1745","0-1746","0-1744","127620-0","434440-0","111956-0","428894-0","127618-0","127619-0"],
    "ai":[],
    "cellChangeFrom":[],
    "cellChangeTo":[],
    "container":["250651-0","427951-0","427954-0","427955-0","127618-0","127619-0","127620-0","434440-0","111956-0","428894-0","0-1747","0-1745","0-1746","0-1744"],
    "death":["0-1745","0-1744","0-1746","111956-0","127618-0","127620-0","127619-0","428894-0","0-1747"],
    "delete":["127606-0","427962-0","427963-0","427953-0","427952-0"],
    "doorState":["111933-0","111934-0"],
    "equipment":["127620-0","434440-0","127618-0","127619-0"],
    "lock":[],
    "place":[],
    "position":["111956-0","127618-0","127619-0","127620-0","428894-0","434440-0","0-1744","0-1745","0-1746","0-1747"],
    "scale":[],
    "spawn":["0-1747","0-1745","0-1746","0-1744"],
    "state":[],
    "statsDynamic":["111956-0","127618-0","127619-0","127620-0","428894-0","434440-0","0-1744","0-1745","0-1746","0-1747"],
    "trap":[],
    "clientScriptLocal":[],
    "spellsActive":["0-1745","0-1746","127619-0","0-1747"],
    "miscellaneous":[]
  },
  "entry":{
    "creationTime":1724436218,
    "description":"Falasmaryon, Lower Level"
  },
  "lastVisit":{
    "Benoit":1724437804,
    "Fidgug":1724437803
  },
  "recordLinks":[],
  "objectData":{
    "0-1747":{
      "refId":"ash_zombie",
      "location":{
        "posY":8417.7109375,
        "posZ":-1919.0001220703,
        "rotX":-0.026865184307098,
        "rotZ":-0.10940265655518,
        "rotY":0,
        "posX":1060.2957763672
      },
      "stats":{
        "fatigueBase":400,
        "fatigueCurrent":400,
        "fatigueModified":400,
        "healthCurrent":0,
        "magickaBase":100,
        "healthBase":90,
        "healthModified":90,
        "magickaModified":100,
        "magickaCurrent":100
      },
      "inventory":[{
          "refId":"spiked club",
          "count":1,
          "charge":-1,
          "enchantmentCharge":-1,
          "soul":""
        }],
      "deathState":46,
      "spellsActive":{
        "cloudcleaver_unique":[{
            "effects":[{
                "duration":1,
                "timeLeft":1,
                "magnitude":23,
                "arg":-1,
                "id":15
              }],
            "caster":{
              "playerName":"Fidgug"
            },
            "displayName":"Cloudcleaver",
            "startTime":1724436649,
            "stackingState":false
          }]
      },
      "killer":{
        "playerName":"Fidgug"
      }
    },
    "0-1745":{
      "refId":"ash_slave",
      "location":{
        "posY":6376.8359375,
        "posZ":-1918.998046875,
        "rotX":0.16954247653484,
        "rotZ":1.68013215065,
        "rotY":0,
        "posX":-1095.0499267578
      },
      "stats":{
        "fatigueBase":380,
        "fatigueCurrent":379.96154785156,
        "fatigueModified":380,
        "healthCurrent":0,
        "magickaBase":200,
        "healthBase":60,
        "healthModified":60,
        "magickaModified":200,
        "magickaCurrent":74.603179931641
      },
      "inventory":[],
      "deathState":38,
      "spellsActive":{
        "first barrier":[{
            "effects":[{
                "duration":30,
                "timeLeft":30,
                "magnitude":10,
                "arg":-1,
                "id":3
              }],
            "stackingState":false,
            "displayName":"First Barrier",
            "startTime":1724436221,
            "caster":{
              "refId":"ash_slave",
              "uniqueIndex":"0-0"
            }
          }]
      },
      "killer":{
        "playerName":"Fidgug"
      }
    },
    "0-1746":{
      "refId":"corprus_stalker",
      "location":{
        "posY":7328.9013671875,
        "posZ":-1918.9998779297,
        "rotX":0.059873670339584,
        "rotZ":-1.9485499858856,
        "rotY":0,
        "posX":-1920.1275634766
      },
      "stats":{
        "fatigueBase":300,
        "fatigueCurrent":300,
        "fatigueModified":300,
        "healthCurrent":0,
        "magickaBase":50,
        "healthBase":60,
        "healthModified":60,
        "magickaModified":50,
        "magickaCurrent":35
      },
      "inventory":[],
      "deathState":38,
      "spellsActive":{
        "regenerate":[{
            "effects":[{
                "duration":20,
                "timeLeft":20,
                "magnitude":2,
                "arg":-1,
                "id":75
              }],
            "stackingState":false,
            "displayName":"Regenerate",
            "startTime":1724436302,
            "caster":{
              "refId":"corprus_stalker",
              "uniqueIndex":"0-0"
            }
          }]
      },
      "killer":{
        "playerName":"Benoit"
      }
    },
    "0-1744":{
      "refId":"corprus_lame",
      "location":{
        "posY":7617.0747070313,
        "posZ":-1897.1480712891,
        "rotX":-0.062634713947773,
        "rotZ":-2.4737403392792,
        "rotY":0,
        "posX":-2220.6262207031
      },
      "stats":{
        "fatigueBase":370,
        "fatigueCurrent":367.16149902344,
        "fatigueModified":370,
        "healthCurrent":0,
        "magickaBase":160,
        "healthBase":90,
        "healthModified":90,
        "magickaModified":160,
        "magickaCurrent":160
      },
      "inventory":[],
      "deathState":38,
      "spellsActive":[],
      "killer":{
        "playerName":"Benoit"
      }
    },
    "127620-0":{
      "refId":"dreamer_f_01",
      "location":{
        "posY":8478.9521484375,
        "posZ":-1918.9998779297,
        "rotX":-0.0084393247961998,
        "rotZ":-0.32359576225281,
        "rotY":0,
        "posX":209.52128601074
      },
      "stats":{
        "fatigueBase":150,
        "fatigueCurrent":142.93211364746,
        "fatigueModified":150,
        "healthCurrent":0,
        "magickaBase":80,
        "healthBase":35,
        "healthModified":35,
        "magickaModified":80,
        "magickaCurrent":80
      },
      "equipment":{
        "16":{
          "refId":"iron club",
          "count":1,
          "charge":398,
          "enchantmentCharge":-1
        }
      },
      "inventory":[{
          "refId":"ingred_6th_corprusmeat_04",
          "count":1,
          "charge":-1,
          "enchantmentCharge":-1,
          "soul":""
        },{
          "refId":"iron club",
          "count":1,
          "charge":398,
          "enchantmentCharge":-1,
          "soul":""
        }],
      "deathState":41,
      "spellsActive":[],
      "killer":{
        "playerName":"Benoit"
      }
    },
    "434440-0":{
      "refId":"irer nervion",
      "location":{
        "posY":7107,
        "posZ":-1919,
        "rotX":0,
        "rotZ":0.3053982257843,
        "rotY":0,
        "posX":-1613
      },
      "stats":{
        "fatigueBase":281,
        "fatigueCurrent":281,
        "fatigueModified":281,
        "healthCurrent":0,
        "magickaBase":106,
        "healthBase":0,
        "healthModified":0,
        "magickaModified":106,
        "magickaCurrent":106
      },
      "equipment":[null,null,null,null,null,null,null,{
          "refId":"expensive_shirt_02",
          "count":1,
          "charge":-1,
          "enchantmentCharge":-1
        },{
          "refId":"expensive_pants_02",
          "count":1,
          "charge":-1,
          "enchantmentCharge":-1
        }],
      "inventory":[{
          "refId":"expensive_shirt_02",
          "count":1,
          "charge":-1,
          "enchantmentCharge":-1,
          "soul":""
        },{
          "refId":"expensive_pants_02",
          "count":1,
          "charge":-1,
          "enchantmentCharge":-1,
          "soul":""
        }]
    },
    "111956-0":{
      "refId":"ash_ghoul_ganel",
      "location":{
        "posY":7037.7646484375,
        "posZ":-1918.9992675781,
        "rotX":0.021248564124107,
        "rotZ":3.0896623134613,
        "rotY":0,