{
  "packets":{
    "actorList":["0-1750","0-1751","0-1752","0-1753","0-1754","0-1755","0-1756","0-1757","0-1758"],
    "ai":[],
    "cellChangeFrom":[],
    "cellChangeTo":[],
    "container":["250653-0","250654-0","0-1750","0-1751","0-1752","0-1753","0-1754","0-1755","0-1756","0-1757","0-1758"],
    "death":["0-1752","0-1755","0-1756","0-1750","0-1751","0-1757","0-1754","0-1758","0-1753"],
    "delete":[],
    "doorState":["112038-0"],
    "equipment":[],
    "lock":["250653-0"],
    "place":[],
    "position":["0-1750","0-1751","0-1752","0-1753","0-1754","0-1755","0-1756","0-1757","0-1758"],
    "scale":[],
    "spawn":["0-1750","0-1751","0-1752","0-1753","0-1754","0-1755","0-1756","0-1757","0-1758"],
    "state":[],
    "statsDynamic":["0-1750","0-1751","0-1752","0-1753","0-1754","0-1755","0-1756","0-1757","0-1758"],
    "trap":[],
    "clientScriptLocal":[],
    "spellsActive":["0-1752","0-1757"],
    "miscellaneous":[]
  },
  "entry":{
    "description":"Falasmaryon, Upper Level",
    "creationTime":1724436680
  },
  "lastVisit":{
    "Benoit":1724437053,
    "Fidgug":1724437051
  },
  "recordLinks":[],
  "objectData":{
    "250654-0":{
      "refId":"de_p_chest_02_fclothes3",
      "inventory":[{
          "refId":"common_belt_02",
          "count":1,
          "charge":-1,
          "enchantmentCharge":-1,
          "soul":""
        },{
          "refId":"common_shoes_02",
          "count":2,
          "charge":-1,
          "enchantmentCharge":-1,
          "soul":""
        }]
    },
    "250653-0":{
      "refId":"de_p_chest_02_potions",
      "inventory":[],
      "lockLevel":0
    },
    "0-1756":{
      "refId":"ash_zombie",
      "location":{
        "posY":4633.7490234375,
        "posZ":-1278.9981689453,
        "rotX":-0.028088334947824,
        "rotZ":1.6596677303314,
        "rotY":0,
        "posX":1041.8103027344
      },
      "stats":{
        "fatigueBase":400,
        "fatigueCurrent":395.95703125,
        "fatigueModified":400,
        "healthCurrent":0,
        "magickaBase":100,
        "healthBase":90,
        "healthModified":90,
        "magickaModified":100,
        "magickaCurrent":100
      },
      "inventory":[{
          "refId":"spiked club",
          "count":1,
          "charge":-1,
          "enchantmentCharge":-1,
          "soul":""
        }],
      "deathState":46,
      "spellsActive":[],
      "killer":{
        "playerName":"Fidgug"
      }
    },
    "0-1750":{
      "refId":"corprus_stalker",
      "location":{
        "posY":4587.1967773438,
        "posZ":-1278.9991455078,
        "rotX":-0.031206294894218,
        "rotZ":0.73717904090881,
        "rotY":0,
        "posX":785.98291015625
      },
      "stats":{
        "fatigueBase":300,
        "fatigueCurrent":300,
        "fatigueModified":300,
        "healthCurrent":0,
        "magickaBase":50,
        "healthBase":60,
        "healthModified":60,
        "magickaModified":50,
        "magickaCurrent":50
      },
      "inventory":[],
      "deathState":46,
      "killer":{
        "playerName":"Fidgug"
      }
    },
    "0-1751":{
      "refId":"corprus_stalker",
      "location":{
        "posY":4311.640625,
        "posZ":-1278.9833984375,
        "rotX":-0.0047162026166916,
        "rotZ":0.16608119010925,
        "rotY":0,
        "posX":-2480.0200195313
      },
      "stats":{
        "fatigueBase":300,
        "fatigueCurrent":300,
        "fatigueModified":300,
        "healthCurrent":0,
        "magickaBase":50,
        "healthBase":60,
        "healthModified":60,
        "magickaModified":50,
        "magickaCurrent":50
      },
      "inventory":[{
          "refId":"ingred_corprus_weepings_01",
          "count":1,
          "charge":-1,
          "enchantmentCharge":-1,
          "soul":""
        }],
      "deathState":46,
      "spellsActive":[],
      "killer":{
        "playerName":"Fidgug"
      }
    },
    "0-1752":{
      "refId":"ash_slave",
      "location":{
        "posY":1392.880859375,
        "posZ":-1278.9993896484,
        "rotX":0.032365202903748,
        "rotZ":-1.6408627033234,
        "rotY":0,
        "posX":1998.0883789063
      },
      "stats":{
        "fatigueBase":380,
        "fatigueCurrent":380,
        "fatigueModified":380,
        "healthCurrent":0,
        "magickaBase":200,
        "healthBase":60,
        "healthModified":60,
        "magickaModified":200,
        "magickaCurrent":132
      },
      "inventory":[],
      "deathState":38,
      "spellsActive":{
        "first barrier":[{
            "effects":[{
                "duration":30,
                "timeLeft":30,
                "magnitude":10,
                "arg":-1,
                "id":3
              }],
            "stackingState":false,
            "displayName":"First Barrier",
            "startTime":1724436700,
            "caster":{
              "refId":"ash_slave",
              "uniqueIndex":"0-0"
            }
          }]
      },
      "killer":{
        "playerName":"Fidgug"
      }
    },
    "0-1753":{
      "refId":"corprus_stalker",
      "location":{
        "posY":1529.4205322266,
        "posZ":-1278.9896240234,
        "rotX":0.34346044063568,
        "rotZ":0.017940759658813,
        "rotY":0,
        "posX":271.20840454102
      },
      "stats":{
        "fatigueBase":300,
        "fatigueCurrent":299.83819580078,
        "fatigueModified":300,
        "healthCurrent":0,
        "magickaBase":50,
        "healthBase":60,
        "healthModified":60,
        "magickaModified":50,
        "magickaCurrent":50
      },
      "inventory":[],
      "deathState":38,
      "killer":{
        "playerName":"Fidgug"
      }
    },
    "0-1754":{
      "refId":"ash_zombie",
      "location":{
        "posY":3863.490234375,
        "posZ":-1278.9927978516,
        "rotX":-0.019825212657452,
        "rotZ":-0.011777877807617,
        "rotY":0,
        "posX":-2574.720703125
      },
      "stats":{
        "fatigueBase":400,
        "fatigueCurrent":386.32391357422,
        "fatigueModified":400,
        "healthCurrent":0,
        "magickaBase":100,
        "healthBase":90,
        "healthModified":90,
        "magickaModified":100,
        "magickaCurrent":100
      },
      "inventory":[{
          "refId":"spiked club",
          "count":1,
          "charge":-1,
          "enchantmentCharge":-1,
          "soul":""
        }],
      "deathState":46,
      "killer":{
        "playerName":"Fidgug"
      }
    },
    "0-1755":{
      "refId":"corprus_stalker",
      "location":{
        "posY":3127.0446777344,
        "posZ":-1279,
        "rotX":-0.011553362011909,
        "rotZ":1.3513419628143,
        "rotY":0,
        "posX":1722.5703125
      },
      "stats":{
        "fatigueBase":300,
        "fatigueCurrent":298.62963867188,
        "fatigueModified":300,
        "healthCurrent":0,
        "magickaBase":50,
        "healthBase":60,
        "healthModified":60,
        "magickaModified":50,
        "magickaCurrent":50
      },
      "inventory":[],
      "deathState":38,
      "spellsActive":[],
      "killer":{
        "playerName":"Fidgug"
      }
    },
    "112038-0":{
      "refId":"in_strong_vaultdoor00",
      "doorState":1
    },
    "0-1757":{
      "refId":"ash_slave",
      "location":{
        "posY":3953.6677246094,
        "posZ":-1278.9833984375,
        "rotX":0.059721272438765,
        "rotZ":0.058198690414429,
        "rotY":0,
        "posX":-2420.0344238281
      },
      "stats":{
        "fatigueBase":380,
        "fatigueCurrent":380,
        "fatigueModified":380,
        "healthCurrent":0,
        "magickaBase":200,
        "healthBase":60,
        "healthModified":60,
        "magickaModified":200,
        "magickaCurrent":146.25
      },
      "inventory":[],
      "deathState":38,
      "spellsActive":{
        "first barrier":[{
            "effects":[{
                "duration":30,
                "timeLeft":30,
                "magnitude":10,
                "arg":-1,