{
  "packets":{
    "actorList":["0-1508","440326-0","440323-0","440328-0","440324-0","440327-0","440325-0"],
    "ai":[],
    "cellChangeFrom":[],
    "cellChangeTo":[],
    "container":["440459-0","440460-0","440461-0","440462-0","440463-0","440464-0","440467-0","440323-0","440324-0","440325-0","440326-0","440327-0","440328-0","0-1508"],
    "death":["0-1508"],
    "delete":[],
    "doorState":[],
    "equipment":["440326-0","440323-0","440328-0","440324-0","440327-0","440325-0"],
    "lock":[],
    "place":[],
    "position":["440323-0","440324-0","440325-0","440326-0","440327-0","440328-0","0-1508"],
    "scale":[],
    "spawn":["0-1508"],
    "state":[],
    "statsDynamic":["440323-0","440324-0","440325-0","440326-0","440327-0","440328-0","0-1508"],
    "trap":[],
    "miscellaneous":["440327-0","440326-0","440324-0","440323-0","440325-0"],
    "clientScriptLocal":[],
    "spellsActive":[]
  },
  "entry":{
    "description":"Ginith Ancestral Tomb",
    "creationTime":1723745522
  },
  "lastVisit":{
    "Benoit":1723745620,
    "Fidgug":1723745623
  },
  "recordLinks":[],
  "objectData":{
    "440463-0":{
      "refId":"chest_tomb_large01",
      "inventory":[{
          "refId":"iron club",
          "count":1,
          "charge":-1,
          "enchantmentCharge":-1,
          "soul":""
        },{
          "refId":"iron wakizashi",
          "count":1,
          "charge":-1,
          "enchantmentCharge":-1,
          "soul":""
        }]
    },
    "440464-0":{
      "refId":"chest_tomb_small01",
      "inventory":[]
    },
    "0-1508":{
      "refId":"rat_diseased",
      "location":{
        "posY":1363.7088623047,
        "posZ":257.01132202148,
        "rotX":-0.19479885697365,
        "rotZ":3.0703179836273,
        "rotY":0,
        "posX":48.354331970215
      },
      "stats":{
        "healthBase":23,
        "healthCurrent":0,
        "magickaBase":10,
        "magickaModified":10,
        "fatigueBase":135,
        "fatigueCurrent":132.12414550781,
        "fatigueModified":135,
        "magickaCurrent":10,
        "healthModified":23
      },
      "inventory":[{
          "refId":"ingred_rat_meat_01",
          "count":2,
          "charge":-1,
          "enchantmentCharge":-1,
          "soul":""
        }],
      "killer":{
        "playerName":"Fidgug"
      },
      "deathState":38
    },
    "440467-0":{
      "refId":"chest_tomb_large00",
      "inventory":[]
    },
    "440328-0":{
      "refId":"anden thilarvel",
      "location":{
        "posY":1515.6595458984,
        "posZ":257,
        "rotX":0.0074984133243561,
        "rotZ":-1.4413182735443,
        "rotY":0,
        "posX":1262.8232421875
      },
      "stats":{
        "healthBase":61,
        "healthCurrent":61,
        "magickaBase":86,
        "magickaModified":86,
        "fatigueBase":194,
        "fatigueCurrent":194,
        "fatigueModified":194,
        "magickaCurrent":86,
        "healthModified":61
      },
      "equipment":[null,null,null,null,null,null,{
          "refId":"common_shoes_03",
          "count":1,
          "charge":-1,
          "enchantmentCharge":-1
        },{
          "refId":"common_shirt_03_c",
          "count":1,
          "charge":-1,
          "enchantmentCharge":-1
        },{
          "refId":"common_pants_03_c",
          "count":1,
          "charge":-1,
          "enchantmentCharge":-1
        }],
      "inventory":[{
          "refId":"common_shirt_03_c",
          "count":1,
          "charge":-1,
          "enchantmentCharge":-1,
          "soul":""
        },{
          "refId":"common_shoes_03",
          "count":1,
          "charge":-1,
          "enchantmentCharge":-1,
          "soul":""
        },{
          "refId":"common_pants_03_c",
          "count":1,
          "charge":-1,
          "enchantmentCharge":-1,
          "soul":""
        }]
    },
    "440327-0":{
      "refId":"sarvil sadus",
      "location":{
        "posY":1280.9217529297,
        "posZ":257,
        "rotX":0.01193340588361,
        "rotZ":-1.5935952663422,
        "rotY":0,
        "posX":1313.0555419922
      },
      "stats":{
        "healthBase":84,
        "healthCurrent":84,
        "magickaBase":86,
        "magickaModified":86,
        "fatigueBase":202,
        "fatigueCurrent":202,
        "fatigueModified":202,
        "magickaCurrent":86,
        "healthModified":84
      },
      "equipment":{
        "8":{
          "refId":"common_shirt_03_c",
          "count":1,
          "charge":-1,
          "enchantmentCharge":-1
        },
        "7":{
          "refId":"common_shoes_03",
          "count":1,
          "charge":-1,
          "enchantmentCharge":-1
        },
        "16":{
          "refId":"iron vipersword",
          "count":1,
          "charge":-1,
          "enchantmentCharge":-1
        },
        "17":{
          "refId":"bonemold_shield",
          "count":1,
          "charge":-1,
          "enchantmentCharge":-1
        },
        "9":{
          "refId":"common_pants_03_c",
          "count":1,
          "charge":-1,
          "enchantmentCharge":-1
        }
      },
      "inventory":[{
          "refId":"bonemold_shield",
          "count":1,
          "charge":-1,
          "enchantmentCharge":-1,
          "soul":""
        },{
          "refId":"common_shirt_03_c",
          "count":1,
          "charge":-1,
          "enchantmentCharge":-1,
          "soul":""
        },{
          "refId":"common_shoes_03",
          "count":1,
          "charge":-1,
          "enchantmentCharge":-1,
          "soul":""
        },{
          "refId":"common_pants_03_c",
          "count":1,
          "charge":-1,
          "enchantmentCharge":-1,
          "soul":""
        },{
          "refId":"iron vipersword",
          "count":1,
          "charge":-1,
          "enchantmentCharge":-1,
          "soul":""
        }],
      "lastGoldRestockHour":19.023645401001,
      "goldPool":0,
      "lastGoldRestockDay":33
    },
    "440326-0":{
      "refId":"ervis ules",
      "location":{
        "posY":983.81811523438,
        "posZ":257,
        "rotX":0.01124510075897,
        "rotZ":1.5866405963898,
        "rotY":0,
        "posX":1403.8360595703
      },
      "stats":{
        "healthBase":55,
        "healthCurrent":55,
        "magickaBase":114,
        "magickaModified":114,
        "fatigueBase":185,
        "fatigueCurrent":185,
        "fatigueModified":185,
        "magickaCurrent":114,
        "healthModified":55
      },
      "equipment":{
        "7":{
          "refId":"common_shoes_03",
          "count":1,
          "charge":-1,
          "enchantmentCharge":-1
        },
        "8":{
          "refId":"common_shirt_03_c",
          "count":1,
          "charge":-1,
          "enchantmentCharge":-1
        },
        "16":{
          "refId":"iron flameblade",
          "count":1,
          "charge":-1,
          "enchantmentCharge":-1
        },
        "9":{
          "refId":"common_pants_03_c",
          "count":1,
          "charge":-1,
          "enchantmentCharge":-1
        }
      },
      "inventory":[{
          "refId":"common_shirt_03_c",
          "count":1,
          "charge":-1,
          "enchantmentCharge":-1,
          "soul":""
        },{
          "refId":"common_shoes_03",
          "count":1,
          "charge":-1,
          "enchantmentCharge":-1,
          "soul":""
        },{
          "refId":"common_pants_03_c",
          "count":1,
          "charge":-1,
          "enchantmentCharge":-1,
          "soul":""
        },{
          "refId":"iron flameblade",
          "count":1,
          "charge":-1,
          "enchantmentCharge":-1,
          "soul":""
        }],
      "lastGoldRestockHour":19.042638778687,
      "goldPool":0,
      "lastGoldRestockDay":33
    },
    "440325-0":{
      "refId":"vulyne rothari",
      "location":{
        "posY":1050.0792236328,
        "posZ":257,
        "rotX":0.013350852765143,
        "rotZ":-2.4791462421417,