{
  "packets":{
    "actorList":["0-1281","0-1282","0-1283","0-1284","0-1285","0-1286"],
    "ai":[],
    "cellChangeFrom":[],
    "cellChangeTo":[],
    "container":["464071-0","0-1281","0-1282","0-1283","0-1284","0-1285","0-1286"],
    "death":["0-1286","0-1285","0-1284","0-1282","0-1283","0-1281"],
    "delete":[],
    "doorState":[],
    "equipment":[],
    "lock":["464071-0"],
    "place":[],
    "position":["0-1281","0-1282","0-1283","0-1284","0-1285","0-1286"],
    "scale":[],
    "spawn":["0-1281","0-1282","0-1283","0-1284","0-1285","0-1286"],
    "state":[],
    "statsDynamic":["0-1281","0-1282","0-1283","0-1284","0-1285","0-1286"],
    "trap":[],
    "clientScriptLocal":[],
    "spellsActive":["0-1284","0-1282","0-1283","0-1281"],
    "miscellaneous":[]
  },
  "entry":{
    "creationTime":1718734030,
    "description":"Hassour"
  },
  "lastVisit":{
    "Benoit":1718734801,
    "Fidgug":1718734806
  },
  "recordLinks":[],
  "objectData":{
    "0-1281":{
      "refId":"ash_slave",
      "location":{
        "posX":-3870.04296875,
        "posY":5052.01953125,
        "posZ":-1598.3237304688,
        "rotX":0.054123245179653,
        "rotZ":-3.0243227481842,
        "rotY":0
      },
      "stats":{
        "healthBase":60,
        "healthCurrent":0,
        "magickaBase":200,
        "healthModified":60,
        "magickaModified":200,
        "fatigueCurrent":379.89486694336,
        "fatigueModified":380,
        "magickaCurrent":52.380954742432,
        "fatigueBase":380
      },
      "inventory":[],
      "killer":{
        "playerName":"Benoit"
      },
      "spellsActive":{
        "first barrier":[{
            "caster":{
              "refId":"ash_slave",
              "uniqueIndex":"0-0"
            },
            "startTime":1718734217,
            "displayName":"First Barrier",
            "stackingState":false,
            "effects":[{
                "timeLeft":30,
                "magnitude":10,
                "id":3,
                "arg":-1,
                "duration":30
              }]
          }]
      },
      "deathState":38
    },
    "464071-0":{
      "refId":"chest_small_01_gold_ran",
      "inventory":[],
      "lockLevel":0
    },
    "0-1282":{
      "refId":"ash_slave",
      "location":{
        "posX":-3126.60546875,
        "posY":1083.2093505859,
        "posZ":-1818.2258300781,
        "rotX":0.23599778115749,
        "rotZ":0.09721565246582,
        "rotY":0
      },
      "stats":{
        "healthBase":60,
        "healthCurrent":0,
        "magickaBase":200,
        "healthModified":60,
        "magickaModified":200,
        "fatigueCurrent":379.71273803711,
        "fatigueModified":380,
        "magickaCurrent":142.10525512695,
        "fatigueBase":380
      },
      "inventory":[],
      "killer":{
        "playerName":"Fidgug"
      },
      "spellsActive":{
        "first barrier":[{
            "caster":{
              "refId":"ash_slave",
              "uniqueIndex":"0-0"
            },
            "startTime":1718734096,
            "displayName":"First Barrier",
            "stackingState":false,
            "effects":[{
                "timeLeft":30,
                "magnitude":10,
                "id":3,
                "arg":-1,
                "duration":30
              }]
          }]
      },
      "deathState":38
    },
    "0-1283":{
      "refId":"ash_slave",
      "location":{
        "posX":-3636.2844238281,
        "posY":52.385643005371,
        "posZ":-1803.1076660156,
        "rotX":0.53270280361176,
        "rotZ":2.3446905612946,
        "rotY":0
      },
      "stats":{
        "healthBase":60,
        "healthCurrent":0,
        "magickaBase":200,
        "healthModified":60,
        "magickaModified":200,
        "fatigueCurrent":380,
        "fatigueModified":380,
        "magickaCurrent":13.75,
        "fatigueBase":380
      },
      "inventory":[],
      "killer":{
        "playerName":"Fidgug"
      },
      "spellsActive":{
        "first barrier":[{
            "caster":{
              "refId":"ash_slave",
              "uniqueIndex":"0-0"
            },
            "startTime":1718734102,
            "displayName":"First Barrier",
            "stackingState":false,
            "effects":[{
                "timeLeft":30,
                "magnitude":10,
                "id":3,
                "arg":-1,
                "duration":30
              }]
          }]
      },
      "deathState":38
    },
    "0-1284":{
      "refId":"ash_slave",
      "location":{
        "posX":-3102.61328125,
        "posY":999.66253662109,
        "posZ":-1790.8433837891,
        "rotX":0.018651783466339,
        "rotZ":-0.582026720047,
        "rotY":0
      },
      "stats":{
        "healthBase":60,
        "healthCurrent":0,
        "magickaBase":200,
        "healthModified":60,
        "magickaModified":200,
        "fatigueCurrent":380,
        "fatigueModified":380,
        "magickaCurrent":136.25,
        "fatigueBase":380
      },
      "inventory":[],
      "killer":{
        "playerName":"Benoit"
      },
      "spellsActive":{
        "first barrier":[{
            "caster":{
              "refId":"ash_slave",
              "uniqueIndex":"0-0"
            },
            "startTime":1718734095,
            "displayName":"First Barrier",
            "stackingState":false,
            "effects":[{
                "timeLeft":30,
                "magnitude":10,
                "id":3,
                "arg":-1,
                "duration":30
              }]
          }]
      },
      "deathState":38
    },
    "0-1285":{
      "refId":"ash_zombie",
      "location":{
        "posX":-4033.9333496094,
        "posY":2475.7561035156,
        "posZ":-1649.3236083984,
        "rotX":0.03181416541338,
        "rotZ":-1.489560842514,
        "rotY":0
      },
      "stats":{
        "healthBase":90,
        "healthCurrent":0,
        "magickaBase":100,
        "healthModified":90,
        "magickaModified":100,
        "fatigueCurrent":395.80499267578,
        "fatigueModified":400,
        "magickaCurrent":100,
        "fatigueBase":400
      },
      "inventory":[{
          "refId":"spiked club",
          "count":1,
          "charge":-1,
          "enchantmentCharge":-1,
          "soul":""
        }],
      "killer":{
        "playerName":"Fidgug"
      },
      "deathState":46
    },
    "0-1286":{
      "refId":"ash_zombie",
      "location":{
        "posX":-4795.021484375,
        "posY":3086.8266601563,
        "posZ":-1651.9133300781,
        "rotX":0.043904416263103,
        "rotZ":0.071698427200317,
        "rotY":0
      },
      "stats":{
        "healthBase":90,
        "healthCurrent":0,
        "magickaBase":100,
        "healthModified":90,
        "magickaModified":100,
        "fatigueCurrent":395.74264526367,
        "fatigueModified":400,
        "magickaCurrent":100,
        "fatigueBase":400
      },
      "inventory":[{
          "refId":"spiked club",
          "count":1,
          "charge":-1,
          "enchantmentCharge":-1,
          "soul":""
        }],
      "killer":{
        "playerName":"Benoit"
      },
      "spellsActive":[],
      "deathState":46
    }
  },
  "loadState":{
    "hasFullContainerData":true,
    "hasFullActorList":true
  }
}