{
  "packets":{
    "actorList":["0-1287","277345-0","277348-0","277346-0","277347-0","277349-0"],
    "ai":[],
    "cellChangeFrom":[],
    "cellChangeTo":[],
    "container":["390212-0","390213-0","390219-0","390289-0","390290-0","277346-0","277347-0","277349-0","277345-0","277348-0","0-1287"],
    "death":["277345-0","277346-0","277347-0","277349-0","277348-0","0-1287"],
    "delete":["277374-0","390214-0","390217-0","390216-0","390215-0","390218-0","483395-0"],
    "doorState":[],
    "equipment":["277347-0","277349-0","277346-0"],
    "lock":["390219-0","390289-0","390212-0"],
    "place":[],
    "position":["277345-0","277346-0","277347-0","277348-0","277349-0","0-1287"],
    "scale":[],
    "spawn":["0-1287"],
    "state":[],
    "statsDynamic":["277345-0","277346-0","277347-0","277348-0","277349-0","0-1287"],
    "trap":["390289-0","390219-0"],
    "clientScriptLocal":[],
    "spellsActive":["0-1287"],
    "miscellaneous":[]
  },
  "entry":{
    "creationTime":1718734276,
    "description":"Hassour, Shrine"
  },
  "lastVisit":{
    "Benoit":1718734781,
    "Fidgug":1718734778
  },
  "recordLinks":{
    "potion":[]
  },
  "objectData":{
    "483395-0":{
      "refId":"bookskill_mysticism4"
    },
    "0-1287":{
      "refId":"ash_slave",
      "location":{
        "posX":2220.3825683594,
        "posY":3669.4323730469,
        "posZ":12289.055664063,
        "rotX":0.58944869041443,
        "rotZ":-2.9302852153778,
        "rotY":0
      },
      "stats":{
        "healthBase":60,
        "healthCurrent":0,
        "magickaBase":200,
        "healthModified":60,
        "magickaModified":200,
        "fatigueCurrent":379.84039306641,
        "fatigueModified":380,
        "magickaCurrent":95.161285400391,
        "fatigueBase":380
      },
      "inventory":[],
      "killer":{
        "playerName":"Fidgug"
      },
      "spellsActive":{
        "first barrier":[{
            "caster":{
              "refId":"ash_slave",
              "uniqueIndex":"0-0"
            },
            "stackingState":false,
            "displayName":"First Barrier",
            "startTime":1718734719,
            "effects":[{
                "timeLeft":30,
                "magnitude":10,
                "id":3,
                "duration":30,
                "arg":-1
              }]
          }]
      },
      "deathState":38
    },
    "277345-0":{
      "refId":"bonewalker_greater",
      "location":{
        "posX":2030.0809326172,
        "posY":6665.2919921875,
        "posZ":12398.672851563,
        "rotX":0,
        "rotZ":0,
        "rotY":0
      },
      "stats":{
        "healthBase":100,
        "healthCurrent":0,
        "magickaBase":75,
        "healthModified":100,
        "magickaModified":75,
        "fatigueCurrent":259.12707519531,
        "fatigueModified":260,
        "magickaCurrent":66,
        "fatigueBase":260
      },
      "inventory":[],
      "killer":{
        "playerName":"Fidgug"
      },
      "deathState":38
    },
    "277348-0":{
      "refId":"dagoth fovon",
      "location":{
        "posX":5149.1303710938,
        "posY":4075.0446777344,
        "posZ":12338.55078125,
        "rotX":0,
        "rotZ":0.050003290176392,
        "rotY":0
      },
      "stats":{
        "healthBase":240,
        "healthCurrent":0,
        "magickaBase":110,
        "healthModified":240,
        "magickaModified":110,
        "fatigueCurrent":250,
        "fatigueModified":250,
        "magickaCurrent":44,
        "fatigueBase":250
      },
      "inventory":[],
      "killer":{
        "playerName":"Fidgug"
      },
      "spellsActive":[],
      "deathState":46
    },
    "277346-0":{
      "refId":"dreamer_f_01",
      "location":{
        "posX":2020.9067382813,
        "posY":7152.8940429688,
        "posZ":12387.046875,
        "rotX":0,
        "rotZ":-1.599999666214,
        "rotY":0
      },
      "stats":{
        "healthBase":35,
        "healthCurrent":0,
        "magickaBase":80,
        "healthModified":35,
        "magickaModified":80,
        "fatigueCurrent":130.40144348145,
        "fatigueModified":150,
        "magickaCurrent":80,
        "fatigueBase":150
      },
      "equipment":{
        "16":{
          "refId":"iron club",
          "count":1,
          "charge":399,
          "enchantmentCharge":-1
        }
      },
      "inventory":[{
          "refId":"ingred_6th_corprusmeat_04",
          "count":1,
          "charge":-1,
          "enchantmentCharge":-1,
          "soul":""
        },{
          "refId":"iron club",
          "count":1,
          "charge":399,
          "enchantmentCharge":-1,
          "soul":""
        }],
      "killer":{
        "playerName":"Benoit"
      },
      "spellsActive":[],
      "deathState":40
    },
    "277347-0":{
      "refId":"dreamer_02",
      "location":{
        "posX":2472.4899902344,
        "posY":5327.2534179688,
        "posZ":12175.654296875,
        "rotX":0,
        "rotZ":-0.6999990940094,
        "rotY":0
      },
      "stats":{
        "healthBase":40,
        "healthCurrent":0,
        "magickaBase":80,
        "healthModified":40,
        "magickaModified":80,
        "fatigueCurrent":150.41174316406,
        "fatigueModified":160,
        "magickaCurrent":80,
        "fatigueBase":160
      },
      "equipment":{
        "16":{
          "refId":"iron club",
          "count":1,
          "charge":399,
          "enchantmentCharge":-1
        }
      },
      "inventory":[{
          "refId":"iron club",
          "count":1,
          "charge":399,
          "enchantmentCharge":-1,
          "soul":""
        }],
      "killer":{
        "playerName":"Fidgug"
      },
      "spellsActive":[],
      "deathState":40
    },
    "277349-0":{
      "refId":"dreamer_06",
      "location":{
        "posX":2569.7937011719,
        "posY":5258.1826171875,
        "posZ":12168.60546875,
        "rotX":0,
        "rotZ":-2.1999981403351,
        "rotY":0
      },
      "stats":{
        "healthBase":45,
        "healthCurrent":0,
        "magickaBase":20,
        "healthModified":45,
        "magickaModified":20,
        "fatigueCurrent":171.76908874512,
        "fatigueModified":178,
        "magickaCurrent":20,
        "fatigueBase":178
      },
      "equipment":{
        "16":{
          "refId":"iron club",
          "count":1,
          "charge":399,
          "enchantmentCharge":-1
        }
      },
      "inventory":[{
          "refId":"ingred_6th_corprusmeat_01",
          "count":1,
          "charge":-1,
          "enchantmentCharge":-1,
          "soul":""
        },{
          "refId":"iron club",
          "count":1,
          "charge":399,
          "enchantmentCharge":-1,
          "soul":""
        }],
      "killer":{
        "playerName":"Fidgug"
      },
      "spellsActive":[],
      "deathState":46
    },
    "390212-0":{
      "refId":"chest_small_02_gems",
      "inventory":[],
      "lockLevel":0
    },
    "390213-0":{
      "refId":"com_chest_01_misc01",
      "inventory":[{
          "refId":"common_ring_04",
          "count":1,
          "charge":-1,
          "enchantmentCharge":-1,
          "soul":""
        },{
          "refId":"common_robe_05_c",
          "count":1,
          "charge":-1,
          "enchantmentCharge":-1,
          "soul":""
        },{
          "refId":"common_belt_03",
          "count":1,
          "charge":-1,
          "enchantmentCharge":-1,
          "soul":""
        },{
          "refId":"common_shoes_05",
          "count":1,
          "charge":-1,
          "enchantmentCharge":-1,
          "soul":""
        }]
    },
    "390219-0":{
      "refId":"com_chest_11_pos",
      "inventory":[{
          "refId":"misc_com_wood_cup_01",
          "count":1,
          "charge":-1,
          "enchantmentCharge":-1,
          "soul":""
        }],
      "lockLevel":0
    },
    "390289-0":{
      "refId":"de_r_chest_01_gold2",
      "inventory":[],
      "lockLevel":0
    },