{
  "packets":{
    "actorList":["0-1266","0-1267","0-1263","0-1268","0-1264","0-1265"],
    "ai":[],
    "cellChangeFrom":[],
    "cellChangeTo":[],
    "container":["206011-0","206078-0","206080-0","206081-0","206120-0","206121-0","206122-0","206123-0","206124-0","206125-0","206137-0","206138-0","206139-0","206140-0","354678-0","354679-0","414434-0","206059-0","0-1266","0-1267","0-1263","0-1268","0-1264","0-1265"],
    "death":["0-1265","0-1268","0-1264","0-1263","0-1267","0-1266"],
    "delete":["414435-0"],
    "doorState":[],
    "equipment":[],
    "lock":["414434-0"],
    "place":[],
    "position":["0-1263","0-1264","0-1265","0-1266","0-1267","0-1268"],
    "scale":[],
    "spawn":["0-1266","0-1267","0-1263","0-1268","0-1264","0-1265"],
    "state":[],
    "statsDynamic":["0-1263","0-1264","0-1265","0-1266","0-1267","0-1268"],
    "trap":["206078-0","206059-0"],
    "spellsActive":["0-1265","0-1268","0-1267"],
    "miscellaneous":[],
    "clientScriptLocal":[]
  },
  "entry":{
    "description":"Mzahnch",
    "creationTime":1718729453
  },
  "lastVisit":{
    "Benoit":1718729888,
    "Fidgug":1718729887
  },
  "recordLinks":{
    "potion":[]
  },
  "objectData":{
    "206059-0":{
      "refId":"dwrv_chest00_common",
      "inventory":[{
          "refId":"misc_dwrv_mug00",
          "count":1,
          "charge":-1,
          "enchantmentCharge":-1,
          "soul":""
        }]
    },
    "414435-0":{
      "refId":"key_mzahnch_chest"
    },
    "0-1267":{
      "refId":"centurion_spider",
      "location":{
        "rotY":0,
        "posX":3678.8745117188,
        "posY":1825.4221191406,
        "posZ":65.000030517578,
        "rotX":-0.20461957156658,
        "rotZ":0.91534209251404
      },
      "stats":{
        "healthBase":38,
        "healthCurrent":0,
        "magickaBase":20,
        "magickaCurrent":20,
        "fatigueBase":400,
        "healthModified":38,
        "magickaModified":20,
        "fatigueModified":400,
        "fatigueCurrent":400
      },
      "inventory":[],
      "spellsActive":{
        "cloudcleaver_unique":[{
            "displayName":"Cloudcleaver",
            "stackingState":false,
            "effects":[{
                "id":15,
                "duration":1,
                "timeLeft":1,
                "magnitude":18,
                "arg":-1
              }],
            "caster":{
              "playerName":"Fidgug"
            },
            "startTime":1718729589
          }]
      },
      "deathState":39,
      "killer":{
        "playerName":"Fidgug"
      }
    },
    "0-1263":{
      "refId":"dwarven ghost",
      "location":{
        "rotY":0,
        "posX":3302.2043457031,
        "posY":894.36450195313,
        "posZ":257.00006103516,
        "rotX":0.024456441402435,
        "rotZ":2.0628416538239
      },
      "stats":{
        "healthBase":60,
        "healthCurrent":0,
        "magickaBase":75,
        "magickaCurrent":5,
        "fatigueBase":400,
        "healthModified":60,
        "magickaModified":75,
        "fatigueModified":400,
        "fatigueCurrent":371.7707824707
      },
      "inventory":[],
      "spellsActive":[],
      "deathState":39,
      "killer":{
        "playerName":"Fidgug"
      }
    },
    "0-1268":{
      "refId":"centurion_sphere",
      "location":{
        "rotY":0,
        "posX":3264.5959472656,
        "posY":2448.7829589844,
        "posZ":257.00006103516,
        "rotX":0.11376357078552,
        "rotZ":0.62473344802856
      },
      "stats":{
        "healthBase":75,
        "healthCurrent":0,
        "magickaBase":70,
        "magickaCurrent":61,
        "fatigueBase":800,
        "healthModified":75,
        "magickaModified":70,
        "fatigueModified":800,
        "fatigueCurrent":799.60998535156
      },
      "inventory":[],
      "spellsActive":{
        "shock shield":[{
            "displayName":"Shock Shield",
            "stackingState":false,
            "effects":[{
                "id":5,
                "duration":20,
                "timeLeft":20,
                "magnitude":3,
                "arg":-1
              }],
            "caster":{
              "refId":"centurion_sphere",
              "uniqueIndex":"0-0"
            },
            "startTime":1718729469
          }]
      },
      "deathState":38,
      "killer":{
        "playerName":"Benoit"
      }
    },
    "0-1264":{
      "refId":"dwarven ghost",
      "location":{
        "rotY":0,
        "posX":3387.7456054688,
        "posY":2456.5712890625,
        "posZ":257.00006103516,
        "rotX":-0.036153867840767,
        "rotZ":1.5964839458466
      },
      "stats":{
        "healthBase":60,
        "healthCurrent":0,
        "magickaBase":75,
        "magickaCurrent":5,
        "fatigueBase":400,
        "healthModified":60,
        "magickaModified":75,
        "fatigueModified":400,
        "fatigueCurrent":400
      },
      "inventory":[],
      "spellsActive":[],
      "deathState":39,
      "killer":{
        "playerName":"Fidgug"
      }
    },
    "0-1265":{
      "refId":"centurion_sphere",
      "location":{
        "rotY":0,
        "posX":3539.6899414063,
        "posY":2862.9689941406,
        "posZ":365.8147277832,
        "rotX":0.088340118527412,
        "rotZ":1.2459785938263
      },
      "stats":{
        "healthBase":75,
        "healthCurrent":0,
        "magickaBase":70,
        "magickaCurrent":61,
        "fatigueBase":800,
        "healthModified":75,
        "magickaModified":70,
        "fatigueModified":800,
        "fatigueCurrent":799.14428710938
      },
      "inventory":[],
      "spellsActive":{
        "shock shield":[{
            "displayName":"Shock Shield",
            "stackingState":false,
            "effects":[{
                "id":5,
                "duration":20,
                "timeLeft":20,
                "magnitude":3,
                "arg":-1
              }],
            "caster":{
              "refId":"centurion_sphere",
              "uniqueIndex":"0-0"
            },
            "startTime":1718729458
          }]
      },
      "deathState":38,
      "killer":{
        "playerName":"Fidgug"
      }
    },
    "206011-0":{
      "refId":"dwrv_barrel10",
      "inventory":[]
    },
    "206078-0":{
      "refId":"dwrv_closet00",
      "inventory":[]
    },
    "206080-0":{
      "refId":"dwrv_barrel10",
      "inventory":[]
    },
    "206081-0":{
      "refId":"dwrv_barrel10",
      "inventory":[]
    },
    "206120-0":{
      "refId":"dwrv_barrel00",
      "inventory":[{
          "refId":"ingred_scrap_metal_01",
          "count":1,
          "charge":-1,
          "enchantmentCharge":-1,
          "soul":""
        }]
    },
    "206121-0":{
      "refId":"dwrv_barrel00",
      "inventory":[{
          "refId":"ingred_scrap_metal_01",
          "count":1,
          "charge":-1,
          "enchantmentCharge":-1,
          "soul":""
        }]
    },
    "206122-0":{
      "refId":"dwrv_barrel00",
      "inventory":[{
          "refId":"ingred_scrap_metal_01",
          "count":1,
          "charge":-1,
          "enchantmentCharge":-1,
          "soul":""
        }]
    },
    "206123-0":{
      "refId":"dwrv_barrel00",
      "inventory":[{
          "refId":"ingred_scrap_metal_01",
          "count":1,
          "charge":-1,
          "enchantmentCharge":-1,
          "soul":""
        }]
    },
    "206124-0":{
      "refId":"dwrv_barrel00",
      "inventory":[]
    },
    "206125-0":{
      "refId":"dwrv_barrel00",
      "inventory":[{
          "refId":"ingred_scrap_metal_01",
          "count":1,
          "charge":-1,
          "enchantmentCharge":-1,
          "soul":""
        }]
    },
    "206137-0":{
      "refId":"dwrv_barrel10",
      "inventory":[]
    },
    "206138-0":{
      "refId":"dwrv_barrel10",
      "inventory":[{
          "refId":"ingred_scrap_metal_01",
          "count":1,
          "charge":-1,
          "enchantmentCharge":-1,
          "soul":""
        }]
    },