{
  "packets":{
    "actorList":["0-1257","0-1258","0-1259"],
    "ai":[],
    "cellChangeFrom":[],
    "cellChangeTo":[],
    "container":["390966-0","390967-0","390968-0","390969-0","390970-0","390971-0","390972-0","390973-0","390974-0","390975-0","390984-0","390985-0","0-1257","0-1258","0-1259"],
    "death":["0-1257","0-1258","0-1259"],
    "delete":["390980-0","390976-0","390982-0","390981-0"],
    "doorState":["167329-0"],
    "equipment":[],
    "lock":[],
    "place":[],
    "position":["0-1257","0-1258","0-1259"],
    "scale":[],
    "spawn":["0-1257","0-1258","0-1259"],
    "state":[],
    "statsDynamic":["0-1257","0-1258","0-1259"],
    "trap":[],
    "spellsActive":["0-1258","0-1259"],
    "miscellaneous":[],
    "clientScriptLocal":[]
  },
  "entry":{
    "description":"Releth Ancestral Tomb",
    "creationTime":1718728840
  },
  "lastVisit":{
    "Benoit":1718729037,
    "Fidgug":1718729035
  },
  "recordLinks":{
    "potion":[]
  },
  "objectData":{
    "0-1257":{
      "refId":"bonewalker",
      "location":{
        "rotY":0,
        "posX":1443.6929931641,
        "posY":913.28942871094,
        "posZ":129.0033416748,
        "rotX":0.027393013238907,
        "rotZ":1.9246070384979
      },
      "stats":{
        "healthBase":60,
        "healthCurrent":0,
        "magickaBase":80,
        "magickaCurrent":10,
        "fatigueBase":250,
        "healthModified":60,
        "magickaModified":80,
        "fatigueModified":250,
        "fatigueCurrent":250
      },
      "inventory":[{
          "refId":"ingred_bonemeal_01",
          "count":1,
          "charge":-1,
          "enchantmentCharge":-1,
          "soul":""
        },{
          "refId":"misc_soulgem_lesser",
          "count":1,
          "charge":-1,
          "enchantmentCharge":-1,
          "soul":""
        }],
      "spellsActive":[],
      "deathState":38,
      "killer":{
        "playerName":"Fidgug"
      }
    },
    "0-1258":{
      "refId":"bonewalker",
      "location":{
        "rotY":0,
        "posX":967.72503662109,
        "posY":844.73809814453,
        "posZ":129.01019287109,
        "rotX":0.096089035272598,
        "rotZ":1.3671009540558
      },
      "stats":{
        "healthBase":60,
        "healthCurrent":0,
        "magickaBase":80,
        "magickaCurrent":10,
        "fatigueBase":250,
        "healthModified":60,
        "magickaModified":80,
        "fatigueModified":250,
        "fatigueCurrent":250
      },
      "inventory":[{
          "refId":"ingred_bonemeal_01",
          "count":2,
          "charge":-1,
          "enchantmentCharge":-1,
          "soul":""
        }],
      "spellsActive":{
        "$custom_spell_7":[{
            "displayName":"Electrocute",
            "stackingState":false,
            "effects":[{
                "id":15,
                "duration":1,
                "timeLeft":1,
                "magnitude":11.5,
                "arg":-1
              }],
            "caster":{
              "playerName":"Benoit"
            },
            "startTime":1718728863
          }]
      },
      "deathState":38,
      "killer":{
        "playerName":"Fidgug"
      }
    },
    "0-1259":{
      "refId":"bonewalker_greater",
      "location":{
        "rotY":0,
        "posX":185.26441955566,
        "posY":1337.2265625,
        "posZ":129.01530456543,
        "rotX":0.035378135740757,
        "rotZ":3.1286156177521
      },
      "stats":{
        "healthBase":100,
        "healthCurrent":0,
        "magickaBase":75,
        "magickaCurrent":66,
        "fatigueBase":260,
        "healthModified":100,
        "magickaModified":75,
        "fatigueModified":260,
        "fatigueCurrent":260
      },
      "inventory":[],
      "spellsActive":{
        "steel jinkblade":[{
            "displayName":"Steel Jinkblade",
            "stackingState":false,
            "effects":[{
                "id":45,
                "duration":10,
                "timeLeft":10,
                "magnitude":1,
                "arg":-1
              }],
            "caster":{
              "playerName":"Benoit"
            },
            "startTime":1718728915
          }]
      },
      "deathState":38,
      "killer":{
        "playerName":"Fidgug"
      }
    },
    "390982-0":{
      "refId":"ingred_green_lichen_01"
    },
    "167329-0":{
      "refId":"in_velothismall_ndoor_01",
      "doorState":1
    },
    "390976-0":{
      "refId":"ingred_fire_salts_01"
    },
    "390966-0":{
      "refId":"urn_ash00",
      "inventory":[]
    },
    "390967-0":{
      "refId":"urn_ash00",
      "inventory":[{
          "refId":"ingred_bonemeal_01",
          "count":1,
          "charge":-1,
          "enchantmentCharge":-1,
          "soul":""
        }]
    },
    "390968-0":{
      "refId":"urn_ash00",
      "inventory":[{
          "refId":"ingred_bonemeal_01",
          "count":1,
          "charge":-1,
          "enchantmentCharge":-1,
          "soul":""
        }]
    },
    "390969-0":{
      "refId":"urn_ash00",
      "inventory":[]
    },
    "390970-0":{
      "refId":"urn_ash00",
      "inventory":[]
    },
    "390971-0":{
      "refId":"urn_ash00",
      "inventory":[]
    },
    "390972-0":{
      "refId":"urn_ash00",
      "inventory":[]
    },
    "390973-0":{
      "refId":"urn_ash00",
      "inventory":[]
    },
    "390974-0":{
      "refId":"urn_ash00",
      "inventory":[]
    },
    "390975-0":{
      "refId":"urn_ash00",
      "inventory":[{
          "refId":"ingred_bonemeal_01",
          "count":1,
          "charge":-1,
          "enchantmentCharge":-1,
          "soul":""
        }]
    },
    "390984-0":{
      "refId":"chest_tomb_small01",
      "inventory":[]
    },
    "390981-0":{
      "refId":"ingred_gold_kanet_01"
    },
    "390985-0":{
      "refId":"contain_releth_corpse00",
      "inventory":[]
    },
    "390980-0":{
      "refId":"sc_drathiswinterguest"
    }
  },
  "loadState":{
    "hasFullActorList":true,
    "hasFullContainerData":true
  }
}