{
  "packets":{
    "actorList":["0-374","0-375","0-376","0-377","0-378","0-373","465940-0"],
    "ai":[],
    "cellChangeFrom":[],
    "cellChangeTo":[],
    "container":["391073-0","391074-0","391075-0","391076-0","391077-0","391078-0","391079-0","391080-0","391081-0","391082-0","391083-0","391084-0","391085-0","391086-0","391087-0","391088-0","391089-0","391090-0","391105-0","391117-0","391118-0","391102-0","465940-0","0-374","0-375","0-376","0-377","0-378","0-373"],
    "death":["0-374","0-373","465940-0","0-378","0-377","0-375","0-376"],
    "delete":["391101-0","391100-0","391099-0","391106-0","391108-0","391109-0","391110-0","391103-0","391104-0","391114-0","391116-0","391115-0"],
    "doorState":["333025-0","167716-0","167718-0"],
    "equipment":["0-377","0-375","0-376"],
    "lock":["167716-0","391118-0","391117-0"],
    "place":[],
    "position":["465940-0","0-373","0-374","0-375","0-376","0-377","0-378"],
    "scale":[],
    "spawn":["0-374","0-375","0-376","0-377","0-378","0-373"],
    "state":[],
    "statsDynamic":["465940-0","0-373","0-374","0-375","0-376","0-377","0-378"],
    "trap":["391102-0"],
    "miscellaneous":[],
    "clientScriptLocal":[],
    "spellsActive":["465940-0","0-375"]
  },
  "entry":{
    "description":"Sarano Ancestral Tomb",
    "creationTime":1715366566
  },
  "lastVisit":{
    "Benoit":1715366981,
    "Fidgug":1715366979
  },
  "recordLinks":[],
  "objectData":{
    "0-374":{
      "refId":"bonewalker",
      "location":{
        "posX":1099.2283935547,
        "posY":1266.6926269531,
        "posZ":-318.99554443359,
        "rotX":0.21873015165329,
        "rotZ":-1.8984644412994,
        "rotY":0
      },
      "stats":{
        "magickaCurrent":24,
        "fatigueBase":250,
        "fatigueCurrent":249.70790100098,
        "fatigueModified":250,
        "healthModified":60,
        "magickaModified":80,
        "healthBase":60,
        "healthCurrent":0,
        "magickaBase":80
      },
      "inventory":[],
      "killer":{
        "playerName":"Fidgug"
      },
      "deathState":38
    },
    "0-375":{
      "refId":"skeleton warrior",
      "location":{
        "posX":878.13818359375,
        "posY":3329.2514648438,
        "posZ":-574.99517822266,
        "rotX":0.015809539705515,
        "rotZ":3.1381895542145,
        "rotY":0
      },
      "stats":{
        "magickaCurrent":30,
        "fatigueBase":1000,
        "fatigueCurrent":982.68078613281,
        "fatigueModified":1000,
        "healthModified":80,
        "magickaModified":30,
        "healthBase":80,
        "healthCurrent":0,
        "magickaBase":30
      },
      "equipment":{
        "17":{
          "refId":"iron_shield",
          "count":1,
          "charge":-1,
          "enchantmentCharge":-1
        },
        "16":{
          "refId":"steel war axe",
          "count":1,
          "charge":1198,
          "enchantmentCharge":-1
        }
      },
      "inventory":[{
          "refId":"iron_shield",
          "count":1,
          "charge":-1,
          "enchantmentCharge":-1,
          "soul":""
        },{
          "refId":"steel war axe",
          "count":1,
          "charge":1198,
          "enchantmentCharge":-1,
          "soul":""
        }],
      "killer":{
        "playerName":"Fidgug"
      },
      "deathState":38,
      "spellsActive":{
        "$custom_spell_5":[{
            "effects":[{
                "magnitude":4.9697976112366,
                "duration":15,
                "id":14,
                "arg":-1,
                "timeLeft":15
              }],
            "displayName":"Ignite",
            "startTime":1715366882,
            "caster":{
              "playerName":"Benoit"
            },
            "stackingState":false
          }]
      }
    },
    "0-376":{
      "refId":"skeleton",
      "location":{
        "posX":815.44445800781,
        "posY":3362.8774414063,
        "posZ":-574.99035644531,
        "rotX":-0.026158958673477,
        "rotZ":2.984626531601,
        "rotY":0
      },
      "stats":{
        "magickaCurrent":30,
        "fatigueBase":1000,
        "fatigueCurrent":996.66479492188,
        "fatigueModified":1000,
        "healthModified":38,
        "magickaModified":30,
        "healthBase":38,
        "healthCurrent":0,
        "magickaBase":30
      },
      "equipment":{
        "17":{
          "refId":"iron_shield",
          "count":1,
          "charge":-1,
          "enchantmentCharge":-1
        },
        "16":{
          "refId":"iron long spear",
          "count":1,
          "charge":395,
          "enchantmentCharge":-1
        }
      },
      "inventory":[{
          "refId":"iron_shield",
          "count":1,
          "charge":-1,
          "enchantmentCharge":-1,
          "soul":""
        },{
          "refId":"ingred_bonemeal_01",
          "count":1,
          "charge":-1,
          "enchantmentCharge":-1,
          "soul":""
        },{
          "refId":"iron long spear",
          "count":1,
          "charge":395,
          "enchantmentCharge":-1,
          "soul":""
        }],
      "killer":{
        "playerName":"Fidgug"
      },
      "deathState":41
    },
    "391073-0":{
      "refId":"urn_ash00",
      "inventory":[{
          "refId":"ingred_bonemeal_01",
          "count":1,
          "charge":-1,
          "enchantmentCharge":-1,
          "soul":""
        }]
    },
    "391074-0":{
      "refId":"urn_ash00",
      "inventory":[]
    },
    "391075-0":{
      "refId":"urn_ash00",
      "inventory":[{
          "refId":"ingred_bonemeal_01",
          "count":1,
          "charge":-1,
          "enchantmentCharge":-1,
          "soul":""
        }]
    },
    "391076-0":{
      "refId":"urn_ash00",
      "inventory":[]
    },
    "391077-0":{
      "refId":"urn_ash00",
      "inventory":[]
    },
    "391078-0":{
      "refId":"urn_ash00",
      "inventory":[]
    },
    "391079-0":{
      "refId":"urn_ash00",
      "inventory":[]
    },
    "391080-0":{
      "refId":"urn_ash00",
      "inventory":[]
    },
    "391081-0":{
      "refId":"urn_ash00",
      "inventory":[]
    },
    "391082-0":{
      "refId":"urn_ash00",
      "inventory":[]
    },
    "391083-0":{
      "refId":"urn_ash00",
      "inventory":[{
          "refId":"ingred_bonemeal_01",
          "count":1,
          "charge":-1,
          "enchantmentCharge":-1,
          "soul":""
        }]
    },
    "391084-0":{
      "refId":"urn_ash00",
      "inventory":[{
          "refId":"ingred_bonemeal_01",
          "count":1,
          "charge":-1,
          "enchantmentCharge":-1,
          "soul":""
        }]
    },
    "391085-0":{
      "refId":"urn_ash00",
      "inventory":[{
          "refId":"ingred_bonemeal_01",
          "count":1,
          "charge":-1,
          "enchantmentCharge":-1,
          "soul":""
        }]
    },
    "391086-0":{
      "refId":"urn_ash00",
      "inventory":[{
          "refId":"ingred_bonemeal_01",
          "count":1,
          "charge":-1,
          "enchantmentCharge":-1,
          "soul":""
        }]
    },
    "391087-0":{
      "refId":"urn_ash00",
      "inventory":[{
          "refId":"ingred_bonemeal_01",
          "count":1,
          "charge":-1,
          "enchantmentCharge":-1,
          "soul":""
        }]
    },
    "391088-0":{
      "refId":"urn_ash00",
      "inventory":[{
          "refId":"ingred_bonemeal_01",
          "count":1,
          "charge":-1,
          "enchantmentCharge":-1,
          "soul":""
        }]
    },
    "391089-0":{
      "refId":"urn_ash00",
      "inventory":[]
    },
    "391090-0":{
      "refId":"urn_ash00",
      "inventory":[{
          "refId":"ingred_bonemeal_01",
          "count":1,
          "charge":-1,
          "enchantmentCharge":-1,
          "soul":""
        }]
    },
    "391105-0":{
      "refId":"chest_tomb_large01",
      "inventory":[{
          "refId":"iron claymore",
          "count":1,
          "charge":-1,
          "enchantmentCharge":-1,