{
  "packets":{
    "actorList":["0-1693","0-1694","0-1695","0-1696","82053-0"],
    "ai":[],
    "cellChangeFrom":[],
    "cellChangeTo":[],
    "container":["81805-0","81807-0","81823-0","81824-0","81825-0","81826-0","81827-0","81847-0","81849-0","81851-0","81917-0","250161-0","250162-0","426085-0","82053-0","0-1693","0-1694","0-1695","0-1696"],
    "death":["0-1693","0-1694","0-1695","0-1696","82053-0"],
    "delete":["250163-0","81821-0"],
    "doorState":["149118-0","149121-0","149119-0"],
    "equipment":["82053-0","0-1693","0-1694","0-1695","0-1696"],
    "lock":["426085-0"],
    "place":[],
    "position":["82053-0","0-1693","0-1694","0-1695","0-1696"],
    "scale":[],
    "spawn":["0-1693","0-1694","0-1695","0-1696"],
    "state":[],
    "statsDynamic":["82053-0","0-1693","0-1694","0-1695","0-1696"],
    "trap":[],
    "miscellaneous":[],
    "clientScriptLocal":[],
    "spellsActive":[]
  },
  "entry":{
    "description":"Shara",
    "creationTime":1723749211
  },
  "lastVisit":{
    "Benoit":1723749670,
    "Fidgug":1723749669
  },
  "recordLinks":{
    "potion":[]
  },
  "objectData":{
    "426085-0":{
      "refId":"de_p_chest_02_gold_25",
      "inventory":[],
      "lockLevel":0
    },
    "82053-0":{
      "refId":"tirer belvayn",
      "location":{
        "posY":891.64208984375,
        "posZ":2049.0288085938,
        "rotX":-0.057915836572647,
        "rotZ":-1.8169577121735,
        "rotY":0,
        "posX":1245.8201904297
      },
      "stats":{
        "healthBase":172,
        "healthCurrent":0,
        "magickaBase":176,
        "magickaModified":176,
        "fatigueBase":264,
        "fatigueCurrent":264,
        "fatigueModified":264,
        "magickaCurrent":18,
        "healthModified":172
      },
      "equipment":{
        "7":{
          "refId":"common_shoes_02",
          "count":1,
          "charge":-1,
          "enchantmentCharge":-1
        },
        "16":{
          "refId":"silver staff of war",
          "count":1,
          "charge":-1,
          "enchantmentCharge":-1
        },
        "11":{
          "refId":"common_robe_02_t",
          "count":1,
          "charge":-1,
          "enchantmentCharge":-1
        }
      },
      "inventory":[{
          "refId":"common_robe_02_t",
          "count":1,
          "charge":-1,
          "enchantmentCharge":-1,
          "soul":""
        },{
          "refId":"common_shoes_02",
          "count":1,
          "charge":-1,
          "enchantmentCharge":-1,
          "soul":""
        },{
          "refId":"silver staff of war",
          "count":1,
          "charge":268,
          "enchantmentCharge":-1,
          "soul":""
        }],
      "killer":{
        "playerName":"Fidgug"
      },
      "deathState":46,
      "spellsActive":[]
    },
    "81821-0":{
      "refId":"potion_comberry_brandy_01"
    },
    "81805-0":{
      "refId":"crate_01_random_pos",
      "inventory":[{
          "refId":"misc_com_pitcher_metal_01",
          "count":1,
          "charge":-1,
          "enchantmentCharge":-1,
          "soul":""
        },{
          "refId":"misc_com_wood_spoon_02",
          "count":1,
          "charge":-1,
          "enchantmentCharge":-1,
          "soul":""
        },{
          "refId":"misc_com_metal_goblet_01",
          "count":1,
          "charge":-1,
          "enchantmentCharge":-1,
          "soul":""
        },{
          "refId":"misc_com_bottle_10",
          "count":1,
          "charge":-1,
          "enchantmentCharge":-1,
          "soul":""
        },{
          "refId":"misc_com_redware_cup",
          "count":1,
          "charge":-1,
          "enchantmentCharge":-1,
          "soul":""
        }]
    },
    "81807-0":{
      "refId":"crate_01_random_pos",
      "inventory":[{
          "refId":"misc_com_basket_02",
          "count":2,
          "charge":-1,
          "enchantmentCharge":-1,
          "soul":""
        },{
          "refId":"misc_com_metal_goblet_01",
          "count":1,
          "charge":-1,
          "enchantmentCharge":-1,
          "soul":""
        },{
          "refId":"misc_com_wood_spoon_02",
          "count":1,
          "charge":-1,
          "enchantmentCharge":-1,
          "soul":""
        },{
          "refId":"cruel flamestar",
          "count":20,
          "charge":-1,
          "enchantmentCharge":-1,
          "soul":""
        }]
    },
    "250163-0":{
      "refId":"p_restore_health_q"
    },
    "81823-0":{
      "refId":"crate_02_random_pos",
      "inventory":[{
          "refId":"p_restore_personality_e",
          "count":1,
          "charge":-1,
          "enchantmentCharge":-1,
          "soul":""
        },{
          "refId":"misc_com_metal_goblet_01",
          "count":1,
          "charge":-1,
          "enchantmentCharge":-1,
          "soul":""
        },{
          "refId":"misc_com_redware_vase",
          "count":1,
          "charge":-1,
          "enchantmentCharge":-1,
          "soul":""
        },{
          "refId":"misc_com_bottle_15",
          "count":1,
          "charge":-1,
          "enchantmentCharge":-1,
          "soul":""
        },{
          "refId":"misc_com_wood_cup_01",
          "count":1,
          "charge":-1,
          "enchantmentCharge":-1,
          "soul":""
        },{
          "refId":"misc_com_wood_bowl_04",
          "count":1,
          "charge":-1,
          "enchantmentCharge":-1,
          "soul":""
        }]
    },
    "0-1693":{
      "refId":"skeleton champion",
      "location":{
        "posY":5044.4350585938,
        "posZ":1537.0059814453,
        "rotX":-0.02918902784586,
        "rotZ":0.23128867149353,
        "rotY":0,
        "posX":943.75555419922
      },
      "stats":{
        "healthBase":150,
        "healthCurrent":0,
        "magickaBase":30,
        "magickaModified":30,
        "fatigueBase":1000,
        "fatigueCurrent":1000,
        "fatigueModified":1000,
        "magickaCurrent":30,
        "healthModified":150
      },
      "equipment":{
        "17":{
          "refId":"iron_shield",
          "count":1,
          "charge":-1,
          "enchantmentCharge":-1
        },
        "16":{
          "refId":"silver claymore",
          "count":1,
          "charge":1257,
          "enchantmentCharge":-1
        }
      },
      "inventory":[{
          "refId":"iron_shield",
          "count":1,
          "charge":-1,
          "enchantmentCharge":-1,
          "soul":""
        },{
          "refId":"ingred_bonemeal_01",
          "count":3,
          "charge":-1,
          "enchantmentCharge":-1,
          "soul":""
        },{
          "refId":"silver claymore",
          "count":1,
          "charge":1257,
          "enchantmentCharge":-1,
          "soul":""
        }],
      "killer":{
        "playerName":"Fidgug"
      },
      "deathState":41
    },
    "81824-0":{
      "refId":"com_sack_03_ingredients",
      "inventory":[{
          "refId":"ingred_muck_01",
          "count":1,
          "charge":-1,
          "enchantmentCharge":-1,
          "soul":""
        },{
          "refId":"ingred_green_lichen_01",
          "count":1,
          "charge":-1,
          "enchantmentCharge":-1,
          "soul":""
        },{
          "refId":"ingred_bonemeal_01",
          "count":1,
          "charge":-1,
          "enchantmentCharge":-1,
          "soul":""
        }]
    },
    "0-1695":{
      "refId":"skeleton champion",
      "location":{
        "posY":3861.3015136719,
        "posZ":1412.5916748047,
        "rotX":-0.42873039841652,
        "rotZ":2.8011677265167,
        "rotY":0,
        "posX":-824.83026123047
      },
      "stats":{
        "healthBase":150,
        "healthCurrent":0,
        "magickaBase":30,
        "magickaModified":30,
        "fatigueBase":1000,
        "fatigueCurrent":967.86865234375,
        "fatigueModified":1000,
        "magickaCurrent":30,
        "healthModified":150
      },
      "equipment":{
        "17":{
          "refId":"iron_shield",