{
  "packets":{
    "actorList":["0-123","0-124","0-125","0-126","0-127","0-128","0-129","0-130","0-131","332104-0","332105-0","332103-0"],
    "ai":[],
    "cellChangeFrom":[],
    "cellChangeTo":[],
    "container":["50842-0","50843-0","50865-0","50866-0","50867-0","50907-0","50910-0","50911-0","51016-0","51017-0","51018-0","51021-0","51022-0","51023-0","51024-0","51025-0","51026-0","51027-0","51034-0","51035-0","51036-0","51037-0","51038-0","51046-0","51047-0","51048-0","51155-0","51156-0","51157-0","51158-0","51166-0","51174-0","51175-0","51178-0","51179-0","51180-0","51184-0","51185-0","51186-0","51191-0","51192-0","51193-0","332103-0","332104-0","332105-0","0-123","0-124","0-125","0-126","0-127","0-128","0-129","0-130","0-131"],
    "death":["0-123"],
    "delete":[],
    "doorState":[],
    "equipment":[],
    "lock":[],
    "place":[],
    "position":["332103-0","332104-0","332105-0","0-123","0-124","0-125","0-126","0-127","0-128","0-129","0-130","0-131"],
    "scale":[],
    "spawn":["0-123","0-124","0-125","0-126","0-127","0-128","0-129","0-130","0-131"],
    "state":[],
    "statsDynamic":["332103-0","332104-0","332105-0","0-123","0-124","0-125","0-126","0-127","0-128","0-129","0-130","0-131"],
    "trap":[],
    "clientScriptLocal":[],
    "spellsActive":[],
    "miscellaneous":[]
  },
  "entry":{
    "creationTime":1714764662,
    "description":"Shulk Egg Mine"
  },
  "lastVisit":{
    "Benoit":1714765677,
    "Fidgug":1714765677
  },
  "recordLinks":[],
  "objectData":{
    "0-123":{
      "refId":"kwama forager",
      "location":{
        "rotY":0,
        "posX":1287.4822998047,
        "posY":-989.65484619141,
        "posZ":-1404.0828857422,
        "rotX":-0.30005651712418,
        "rotZ":-0.21720409393311
      },
      "stats":{
        "healthBase":23,
        "healthCurrent":0,
        "magickaBase":15,
        "magickaCurrent":15,
        "fatigueBase":300,
        "fatigueCurrent":300,
        "healthModified":23,
        "magickaModified":15,
        "fatigueModified":300
      },
      "inventory":[],
      "killer":{
        "playerName":"Fidgug"
      },
      "deathState":38
    },
    "0-124":{
      "refId":"kwama worker",
      "location":{
        "rotY":0,
        "posX":-805.15386962891,
        "posY":-1912.4912109375,
        "posZ":-1382.6739501953,
        "rotX":0.083909258246422,
        "rotZ":2.5823318958282
      },
      "stats":{
        "healthBase":30,
        "healthCurrent":30,
        "magickaBase":8,
        "magickaCurrent":8,
        "fatigueBase":300,
        "fatigueCurrent":300,
        "healthModified":30,
        "magickaModified":8,
        "fatigueModified":300
      },
      "inventory":[{
          "refId":"ingred_kwama_cuttle_01",
          "count":1,
          "charge":-1,
          "enchantmentCharge":-1,
          "soul":""
        },{
          "refId":"food_kwama_egg_01",
          "count":1,
          "charge":-1,
          "enchantmentCharge":-1,
          "soul":""
        }]
    },
    "0-125":{
      "refId":"kwama worker",
      "location":{
        "rotY":0,
        "posX":-73.991966247559,
        "posY":-1751.7807617188,
        "posZ":-1402.8874511719,
        "rotX":0.0032880529761314,
        "rotZ":-0.78439712524414
      },
      "stats":{
        "healthBase":30,
        "healthCurrent":30,
        "magickaBase":8,
        "magickaCurrent":8,
        "fatigueBase":300,
        "fatigueCurrent":300,
        "healthModified":30,
        "magickaModified":8,
        "fatigueModified":300
      },
      "inventory":[{
          "refId":"ingred_kwama_cuttle_01",
          "count":1,
          "charge":-1,
          "enchantmentCharge":-1,
          "soul":""
        },{
          "refId":"food_kwama_egg_02",
          "count":1,
          "charge":-1,
          "enchantmentCharge":-1,
          "soul":""
        }]
    },
    "0-126":{
      "refId":"kwama worker",
      "location":{
        "rotY":0,
        "posX":-1145.2661132813,
        "posY":-3239.626953125,
        "posZ":-1386.1960449219,
        "rotX":0.13457185029984,
        "rotZ":1.6451189517975
      },
      "stats":{
        "healthBase":30,
        "healthCurrent":30,
        "magickaBase":8,
        "magickaCurrent":8,
        "fatigueBase":300,
        "fatigueCurrent":300,
        "healthModified":30,
        "magickaModified":8,
        "fatigueModified":300
      },
      "inventory":[{
          "refId":"ingred_kwama_cuttle_01",
          "count":1,
          "charge":-1,
          "enchantmentCharge":-1,
          "soul":""
        },{
          "refId":"food_kwama_egg_01",
          "count":1,
          "charge":-1,
          "enchantmentCharge":-1,
          "soul":""
        }]
    },
    "0-127":{
      "refId":"kwama worker",
      "location":{
        "rotY":0,
        "posX":-2434.9892578125,
        "posY":-3936.9604492188,
        "posZ":-1728.9606933594,
        "rotX":-0.32940194010735,
        "rotZ":-0.04734206199646
      },
      "stats":{
        "healthBase":30,
        "healthCurrent":30,
        "magickaBase":8,
        "magickaCurrent":8,
        "fatigueBase":300,
        "fatigueCurrent":300,
        "healthModified":30,
        "magickaModified":8,
        "fatigueModified":300
      },
      "inventory":[{
          "refId":"ingred_kwama_cuttle_01",
          "count":1,
          "charge":-1,
          "enchantmentCharge":-1,
          "soul":""
        }]
    },
    "0-128":{
      "refId":"kwama forager",
      "location":{
        "rotY":0,
        "posX":-2505.9831542969,
        "posY":-4862.9438476563,
        "posZ":-1840.7719726563,
        "rotX":0.27570995688438,
        "rotZ":-1.0407392978668
      },
      "stats":{
        "healthBase":23,
        "healthCurrent":23,
        "magickaBase":15,
        "magickaCurrent":15,
        "fatigueBase":300,
        "fatigueCurrent":300,
        "healthModified":23,
        "magickaModified":15,
        "fatigueModified":300
      },
      "inventory":[]
    },
    "0-129":{
      "refId":"kwama worker",
      "location":{
        "rotY":0,
        "posX":-678.314453125,
        "posY":-5547.2421875,
        "posZ":-2165.4992675781,
        "rotX":0.01688989251852,
        "rotZ":1.7684938907623
      },
      "stats":{
        "healthBase":30,
        "healthCurrent":30,
        "magickaBase":8,
        "magickaCurrent":8,
        "fatigueBase":300,
        "fatigueCurrent":300,
        "healthModified":30,
        "magickaModified":8,
        "fatigueModified":300
      },
      "inventory":[{
          "refId":"ingred_kwama_cuttle_01",
          "count":1,
          "charge":-1,
          "enchantmentCharge":-1,
          "soul":""
        },{
          "refId":"food_kwama_egg_01",
          "count":1,
          "charge":-1,
          "enchantmentCharge":-1,
          "soul":""
        }]
    },
    "0-130":{
      "refId":"kwama forager",
      "location":{
        "rotY":0,
        "posX":-214.7820892334,
        "posY":-5287.1596679688,
        "posZ":-2174.5144042969,
        "rotX":-0.0074345776811242,
        "rotZ":0.44278073310852
      },
      "stats":{
        "healthBase":23,
        "healthCurrent":23,
        "magickaBase":15,
        "magickaCurrent":15,
        "fatigueBase":300,
        "fatigueCurrent":300,
        "healthModified":23,
        "magickaModified":15,
        "fatigueModified":300
      },
      "inventory":[{
          "refId":"ingred_kwama_cuttle_01",
          "count":1,
          "charge":-1,
          "enchantmentCharge":-1,
          "soul":""
        }]
    },
    "0-131":{
      "refId":"kwama worker",
      "location":{
        "rotY":0,
        "posX":-1223.7687988281,
        "posY":-5472.7094726563,
        "posZ":-2292.1591796875,
        "rotX":0.2224230915308,
        "rotZ":-1.715366601944
      },
      "stats":{
        "healthBase":30,
        "healthCurrent":30,
        "magickaBase":8,
        "magickaCurrent":8,
        "fatigueBase":300,