{
  "packets":{
    "actorList":["262717-0","262718-0","262719-0","289005-0","362419-0","362420-0","262715-0","262722-0","262716-0"],
    "ai":[],
    "cellChangeFrom":[],
    "cellChangeTo":[],
    "container":["351188-0","351196-0","351197-0","351264-0","351266-0","351270-0","351272-0","262715-0","262716-0","262717-0","262718-0","262719-0","289005-0","362419-0","362420-0","262722-0"],
    "death":[],
    "delete":[],
    "doorState":[],
    "equipment":["262717-0","262718-0","262719-0","289005-0","362419-0","362420-0","262722-0","262715-0","262716-0"],
    "lock":[],
    "place":[],
    "position":["262715-0","262716-0","262717-0","262718-0","262719-0","262722-0","289005-0","362419-0","362420-0"],
    "scale":[],
    "spawn":[],
    "state":[],
    "statsDynamic":["262715-0","262716-0","262717-0","262718-0","262719-0","262722-0","289005-0","362419-0","362420-0"],
    "trap":[],
    "miscellaneous":["262719-0","262715-0","289005-0"],
    "clientScriptLocal":[],
    "spellsActive":[]
  },
  "entry":{
    "description":"Suran, Desele's House of Earthly Delights",
    "creationTime":1715364261
  },
  "lastVisit":{
    "Benoit":1715365117,
    "Fidgug":1715365117
  },
  "recordLinks":[],
  "objectData":{
    "362419-0":{
      "refId":"breton dancer girl",
      "location":{
        "posX":518.22308349609,
        "posY":-479.92718505859,
        "posZ":38.639541625977,
        "rotX":0,
        "rotZ":5.2831864356995,
        "rotY":0
      },
      "stats":{
        "magickaCurrent":132,
        "fatigueBase":186,
        "fatigueCurrent":186,
        "fatigueModified":186,
        "healthModified":60,
        "magickaModified":132,
        "healthBase":60,
        "healthCurrent":60,
        "magickaBase":132
      },
      "equipment":[],
      "inventory":[]
    },
    "362420-0":{
      "refId":"redguard dancer girl",
      "location":{
        "posX":495.78466796875,
        "posY":14.043885231018,
        "posZ":38.639541625977,
        "rotX":0,
        "rotZ":4.2831869125366,
        "rotY":0
      },
      "stats":{
        "magickaCurrent":66,
        "fatigueBase":206,
        "fatigueCurrent":206,
        "fatigueModified":206,
        "healthModified":75,
        "magickaModified":66,
        "healthBase":75,
        "healthCurrent":75,
        "magickaBase":66
      },
      "equipment":[],
      "inventory":[]
    },
    "262715-0":{
      "refId":"helviane desele",
      "location":{
        "posX":-255.06942749023,
        "posY":-447.42175292969,
        "posZ":5.9999160766602,
        "rotX":0,
        "rotZ":-0.20777630805969,
        "rotY":0
      },
      "stats":{
        "magickaCurrent":195,
        "fatigueBase":206,
        "fatigueCurrent":206,
        "fatigueModified":206,
        "healthModified":90,
        "magickaModified":195,
        "healthBase":90,
        "healthCurrent":90,
        "magickaBase":195
      },
      "equipment":[null,null,null,null,null,null,{
          "refId":"extravagant_shoes_02",
          "count":1,
          "charge":-1,
          "enchantmentCharge":-1
        },null,null,{
          "refId":"extravagant_skirt_01",
          "count":1,
          "charge":-1,
          "enchantmentCharge":-1
        }],
      "inventory":[{
          "refId":"extravagant_skirt_01",
          "count":1,
          "charge":-1,
          "enchantmentCharge":-1,
          "soul":""
        },{
          "refId":"extravagant_shoes_02",
          "count":1,
          "charge":-1,
          "enchantmentCharge":-1,
          "soul":""
        },{
          "refId":"key_desele",
          "count":1,
          "charge":-1,
          "enchantmentCharge":-1,
          "soul":""
        },{
          "refId":"gold_001",
          "count":200,
          "charge":-1,
          "enchantmentCharge":-1,
          "soul":""
        }],
      "lastGoldRestockHour":18.153268814087,
      "goldPool":75,
      "lastGoldRestockDay":11
    },
    "262722-0":{
      "refId":"nord dancer girl",
      "location":{
        "posX":453.49969482422,
        "posY":-211.70492553711,
        "posZ":21.958786010742,
        "rotX":0,
        "rotZ":-1.6666662693024,
        "rotY":0
      },
      "stats":{
        "magickaCurrent":66,
        "fatigueBase":216,
        "fatigueCurrent":216,
        "fatigueModified":216,
        "healthModified":75,
        "magickaModified":66,
        "healthBase":75,
        "healthCurrent":75,
        "magickaBase":66
      },
      "equipment":[],
      "inventory":[]
    },
    "262716-0":{
      "refId":"snorri",
      "location":{
        "posX":113.3908996582,
        "posY":-566.44873046875,
        "posZ":6.0000004768372,
        "rotX":-0.06296381354332,
        "rotZ":1.2043826580048,
        "rotY":0
      },
      "stats":{
        "magickaCurrent":82,
        "fatigueBase":271,
        "fatigueCurrent":271,
        "fatigueModified":271,
        "healthModified":128,
        "magickaModified":82,
        "healthBase":128,
        "healthCurrent":128,
        "magickaBase":82
      },
      "equipment":[null,null,null,null,null,null,{
          "refId":"steel_boots",
          "count":1,
          "charge":-1,
          "enchantmentCharge":-1
        },{
          "refId":"common_shirt_04",
          "count":1,
          "charge":-1,
          "enchantmentCharge":-1
        },{
          "refId":"common_pants_04",
          "count":1,
          "charge":-1,
          "enchantmentCharge":-1
        }],
      "inventory":[{
          "refId":"steel_boots",
          "count":1,
          "charge":-1,
          "enchantmentCharge":-1,
          "soul":""
        },{
          "refId":"common_shirt_04",
          "count":1,
          "charge":-1,
          "enchantmentCharge":-1,
          "soul":""
        },{
          "refId":"common_pants_04",
          "count":1,
          "charge":-1,
          "enchantmentCharge":-1,
          "soul":""
        }]
    },
    "262719-0":{
      "refId":"khinjarsi",
      "location":{
        "posX":-358.48327636719,
        "posY":-459.45172119141,
        "posZ":6,
        "rotX":0,
        "rotZ":0.37444281578064,
        "rotY":0
      },
      "stats":{
        "magickaCurrent":58.799999237061,
        "fatigueBase":173,
        "fatigueCurrent":173,
        "fatigueModified":173,
        "healthModified":53,
        "magickaModified":81,
        "healthBase":53,
        "healthCurrent":53,
        "magickaBase":84
      },
      "equipment":[null,null,null,null,null,{
          "refId":"slave_bracer_right",
          "count":1,
          "charge":-1,
          "enchantmentCharge":-1
        },null,null,null,{
          "refId":"common_skirt_05",
          "count":1,
          "charge":-1,
          "enchantmentCharge":-1
        }],
      "inventory":[{
          "refId":"slave_bracer_right",
          "count":1,
          "charge":-1,
          "enchantmentCharge":-1,
          "soul":""
        },{
          "refId":"common_skirt_05",
          "count":1,
          "charge":-1,
          "enchantmentCharge":-1,
          "soul":""
        }],
      "lastGoldRestockHour":18.135261535645,
      "goldPool":0,
      "lastGoldRestockDay":11
    },
    "289005-0":{
      "refId":"daric bielle",
      "location":{
        "posX":-544.16748046875,
        "posY":-220.17443847656,
        "posZ":7.3584289550781,
        "rotX":0,
        "rotZ":1.6000002622604,
        "rotY":0
      },
      "stats":{
        "magickaCurrent":140,
        "fatigueBase":209,
        "fatigueCurrent":209,
        "fatigueModified":209,
        "healthModified":71,
        "magickaModified":140,
        "healthBase":71,
        "healthCurrent":71,
        "magickaBase":140
      },
      "equipment":{
        "1":{
          "refId":"netch_leather_cuirass",
          "count":1,
          "charge":-1,
          "enchantmentCharge":-1
        },
        "3":{
          "refId":"netch_leather_pauldron_left",
          "count":1,
          "charge":-1,