{
  "packets":{
    "actorList":["0-975","0-976","0-977","0-978","0-979","0-980","469584-0","469585-0","469583-0","84465-0"],
    "ai":[],
    "cellChangeFrom":["84465-0"],
    "cellChangeTo":[],
    "container":["469583-0","469584-0","469585-0","0-975","0-976","0-977","0-978","0-979","0-980","84465-0"],
    "death":["0-979","0-978","0-980","0-976","0-975","0-977","469584-0","84465-0"],
    "delete":[],
    "doorState":[],
    "equipment":["469584-0","469585-0","469583-0","0-978","0-975","0-976","84465-0"],
    "lock":[],
    "place":[],
    "position":["469583-0","469584-0","469585-0","0-975","0-976","0-977","0-978","0-979","0-980","84465-0"],
    "scale":[],
    "spawn":["0-975","0-976","0-977","0-978","0-979","0-980"],
    "state":["84465-0"],
    "statsDynamic":["469583-0","469584-0","469585-0","0-975","0-976","0-977","0-978","0-979","0-980","84465-0"],
    "trap":[],
    "miscellaneous":["84465-0","469583-0","469585-0"],
    "clientScriptLocal":[],
    "spellsActive":["0-980","84465-0"]
  },
  "entry":{
    "description":"Vas, Entry Level",
    "creationTime":1717187141
  },
  "lastVisit":{
    "Benoit":1717187696,
    "Fidgug":1717187693
  },
  "recordLinks":{
    "potion":[]
  },
  "objectData":{
    "0-975":{
      "refId":"skeleton warrior",
      "location":{
        "posY":2010.4802246094,
        "posZ":513.00616455078,
        "rotX":-0.0021943598985672,
        "rotZ":-0.0080802440643311,
        "rotY":0,
        "posX":1533.4487304688
      },
      "stats":{
        "healthBase":80,
        "healthCurrent":0,
        "magickaBase":30,
        "magickaModified":30,
        "fatigueBase":1000,
        "fatigueCurrent":1000,
        "fatigueModified":1000,
        "magickaCurrent":30,
        "healthModified":80
      },
      "equipment":{
        "17":{
          "refId":"iron_shield",
          "count":1,
          "charge":-1,
          "enchantmentCharge":-1
        }
      },
      "inventory":[{
          "refId":"iron_shield",
          "count":1,
          "charge":-1,
          "enchantmentCharge":-1,
          "soul":""
        },{
          "refId":"ingred_bonemeal_01",
          "count":2,
          "charge":-1,
          "enchantmentCharge":-1,
          "soul":""
        }],
      "spellsActive":[],
      "deathState":46,
      "killer":{
        "playerName":"Fidgug"
      }
    },
    "0-976":{
      "refId":"skeleton warrior",
      "location":{
        "posY":2873.9343261719,
        "posZ":784.01385498047,
        "rotX":-0.39256548881531,
        "rotZ":-1.9714224338531,
        "rotY":0,
        "posX":1151.2341308594
      },
      "stats":{
        "healthBase":80,
        "healthCurrent":0,
        "magickaBase":30,
        "magickaModified":30,
        "fatigueBase":1000,
        "fatigueCurrent":975.14819335938,
        "fatigueModified":1000,
        "magickaCurrent":30,
        "healthModified":80
      },
      "equipment":{
        "17":{
          "refId":"iron_shield",
          "count":1,
          "charge":171,
          "enchantmentCharge":-1
        },
        "16":{
          "refId":"steel mace",
          "count":1,
          "charge":-1,
          "enchantmentCharge":-1
        }
      },
      "inventory":[{
          "refId":"iron_shield",
          "count":1,
          "charge":171,
          "enchantmentCharge":-1,
          "soul":""
        },{
          "refId":"ingred_bonemeal_01",
          "count":1,
          "charge":-1,
          "enchantmentCharge":-1,
          "soul":""
        },{
          "refId":"steel mace",
          "count":1,
          "charge":-1,
          "enchantmentCharge":-1,
          "soul":""
        }],
      "spellsActive":[],
      "deathState":41,
      "killer":{
        "playerName":"Fidgug"
      }
    },
    "0-977":{
      "refId":"rat_blighted",
      "location":{
        "posY":2607.9873046875,
        "posZ":385.00619506836,
        "rotX":-0.25307703018188,
        "rotZ":1.675460100174,
        "rotY":0,
        "posX":718.67510986328
      },
      "stats":{
        "healthBase":45,
        "healthCurrent":0,
        "magickaBase":10,
        "magickaModified":10,
        "fatigueBase":125,
        "fatigueCurrent":124.91911315918,
        "fatigueModified":125,
        "magickaCurrent":10,
        "healthModified":45
      },
      "inventory":[{
          "refId":"ingred_rat_meat_01",
          "count":2,
          "charge":-1,
          "enchantmentCharge":-1,
          "soul":""
        }],
      "spellsActive":[],
      "deathState":38,
      "killer":{
        "playerName":"Fidgug"
      }
    },
    "0-978":{
      "refId":"skeleton champion",
      "location":{
        "posY":2892.390625,
        "posZ":897.00616455078,
        "rotX":-0.051932871341705,
        "rotZ":-0.27687621116638,
        "rotY":0,
        "posX":768.61413574219
      },
      "stats":{
        "healthBase":150,
        "healthCurrent":0,
        "magickaBase":30,
        "magickaModified":30,
        "fatigueBase":1000,
        "fatigueCurrent":1000,
        "fatigueModified":1000,
        "magickaCurrent":30,
        "healthModified":150
      },
      "equipment":{
        "16":{
          "refId":"silver staff",
          "count":1,
          "charge":268,
          "enchantmentCharge":-1
        }
      },
      "inventory":[{
          "refId":"iron_shield",
          "count":1,
          "charge":-1,
          "enchantmentCharge":-1,
          "soul":""
        },{
          "refId":"silver staff",
          "count":1,
          "charge":268,
          "enchantmentCharge":-1,
          "soul":""
        }],
      "spellsActive":[],
      "deathState":46,
      "killer":{
        "playerName":"Fidgug"
      }
    },
    "0-979":{
      "refId":"bonewalker",
      "location":{
        "posY":2940.7626953125,
        "posZ":897.00616455078,
        "rotX":0.015565596520901,
        "rotZ":-0.40124177932739,
        "rotY":0,
        "posX":828.97814941406
      },
      "stats":{
        "healthBase":60,
        "healthCurrent":0,
        "magickaBase":80,
        "magickaModified":80,
        "fatigueBase":250,
        "fatigueCurrent":246.73017883301,
        "fatigueModified":250,
        "magickaCurrent":10,
        "healthModified":60
      },
      "inventory":[],
      "spellsActive":{
      },
      "deathState":38,
      "killer":{
        "playerName":"Fidgug"
      }
    },
    "0-980":{
      "refId":"bonewalker",
      "location":{
        "posY":2755.9174804688,
        "posZ":826.59704589844,
        "rotX":0.28462406992912,
        "rotZ":-0.49730515480042,
        "rotY":0,
        "posX":1068.1081542969
      },
      "stats":{
        "healthBase":60,
        "healthCurrent":0,
        "magickaBase":80,
        "magickaModified":80,
        "fatigueBase":250,
        "fatigueCurrent":245.83711242676,
        "fatigueModified":250,
        "magickaCurrent":38,
        "healthModified":60
      },
      "inventory":[{
          "refId":"misc_soulgem_lesser",
          "count":1,
          "charge":-1,
          "enchantmentCharge":-1,
          "soul":""
        }],
      "spellsActive":{
        "cloudcleaver_unique":[{
            "caster":{
              "playerName":"Fidgug"
            },
            "stackingState":false,
            "effects":[{
                "duration":1,
                "timeLeft":1,
                "magnitude":3.5,
                "arg":-1,
                "id":15
              }],
            "displayName":"Cloudcleaver",
            "startTime":1717187419
          }],
        "$custom_spell_6":[{
            "caster":{
              "playerName":"Benoit"
            },
            "stackingState":false,
            "effects":[{
                "duration":1,
                "timeLeft":1,
                "magnitude":29,
                "arg":-1,
                "id":14
              }],
            "displayName":"Flare",
            "startTime":1717187419
          }]
      },
      "deathState":38,