{
  "packets":{
    "actorList":["0-975","0-976","0-977","0-978","0-979","0-980","469584-0","469585-0","469583-0","84465-0"],
    "ai":[],
    "cellChangeFrom":["84465-0"],
    "cellChangeTo":[],
    "container":["469583-0","469584-0","469585-0","0-975","0-976","0-977","0-978","0-979","0-980","84465-0"],
    "death":["0-979","0-978","0-980","0-976","0-975","0-977","469584-0","84465-0"],
    "delete":[],
    "doorState":[],
    "equipment":["469584-0","469585-0","469583-0","0-978","0-975","0-976","84465-0"],
    "lock":[],
    "place":[],
    "position":["469583-0","469584-0","469585-0","0-975","0-976","0-977","0-978","0-979","0-980","84465-0"],
    "scale":[],
    "spawn":["0-975","0-976","0-977","0-978","0-979","0-980"],
    "state":["84465-0"],
    "statsDynamic":["469583-0","469584-0","469585-0","0-975","0-976","0-977","0-978","0-979","0-980","84465-0"],
    "trap":[],
    "clientScriptLocal":[],
    "spellsActive":["0-980","84465-0"],
    "miscellaneous":["84465-0","469583-0","469585-0"]
  },
  "entry":{
    "description":"Vas, Entry Level",
    "creationTime":1717187141
  },
  "lastVisit":{
    "Fidgug":1717187693,
    "Benoit":1717187696
  },
  "recordLinks":{
    "potion":[]
  },
  "objectData":{
    "469583-0":{
      "refId":"derelle ysciele",
      "location":{
        "posX":-1277.2974853516,
        "posY":3013.3642578125,
        "posZ":385,
        "rotX":0,
        "rotZ":-2.2607142925262,
        "rotY":0
      },
      "stats":{
        "magickaCurrent":135,
        "fatigueBase":174,
        "fatigueCurrent":174,
        "fatigueModified":174,
        "magickaBase":135,
        "healthModified":45,
        "healthBase":45,
        "healthCurrent":45,
        "magickaModified":135
      },
      "equipment":{
        "7":{
          "refId":"common_shoes_02",
          "count":1,
          "charge":-1,
          "enchantmentCharge":-1
        },
        "11":{
          "refId":"common_robe_02_tt",
          "count":1,
          "charge":-1,
          "enchantmentCharge":-1
        }
      },
      "inventory":[{
          "refId":"common_robe_02_tt",
          "count":1,
          "charge":-1,
          "enchantmentCharge":-1,
          "soul":""
        },{
          "refId":"common_shoes_02",
          "count":1,
          "charge":-1,
          "enchantmentCharge":-1,
          "soul":""
        }],
      "goldPool":0,
      "lastGoldRestockHour":7.6290888786316,
      "lastGoldRestockDay":22
    },
    "469584-0":{
      "refId":"debentien sylbenitte",
      "location":{
        "posX":-968.94018554688,
        "posY":2403.9018554688,
        "posZ":385.00616455078,
        "rotX":0,
        "rotZ":-0.40000081062317,
        "rotY":0
      },
      "stats":{
        "magickaCurrent":138,
        "fatigueBase":173,
        "fatigueCurrent":169.76707458496,
        "fatigueModified":173,
        "magickaBase":138,
        "healthModified":58,
        "healthBase":58,
        "healthCurrent":0,
        "magickaModified":138
      },
      "equipment":{
        "7":{
          "refId":"common_shoes_02",
          "count":1,
          "charge":-1,
          "enchantmentCharge":-1
        },
        "8":{
          "refId":"common_shirt_02_t",
          "count":1,
          "charge":-1,
          "enchantmentCharge":-1
        },
        "16":{
          "refId":"steel spear",
          "count":1,
          "charge":997,
          "enchantmentCharge":-1
        },
        "9":{
          "refId":"common_pants_02",
          "count":1,
          "charge":-1,
          "enchantmentCharge":-1
        }
      },
      "inventory":[{
          "refId":"common_shirt_02_t",
          "count":1,
          "charge":-1,
          "enchantmentCharge":-1,
          "soul":""
        },{
          "refId":"common_shoes_02",
          "count":1,
          "charge":-1,
          "enchantmentCharge":-1,
          "soul":""
        },{
          "refId":"common_pants_02",
          "count":1,
          "charge":-1,
          "enchantmentCharge":-1,
          "soul":""
        },{
          "refId":"misc_de_lute_01",
          "count":1,
          "charge":-1,
          "enchantmentCharge":-1,
          "soul":""
        },{
          "refId":"steel spear",
          "count":1,
          "charge":997,
          "enchantmentCharge":-1,
          "soul":""
        }],
      "spellsActive":[],
      "deathState":46,
      "killer":{
        "playerName":"Fidgug"
      }
    },
    "469585-0":{
      "refId":"jeberilie moniel",
      "location":{
        "posX":-1823.4510498047,
        "posY":2563.3422851563,
        "posZ":416.87994384766,
        "rotX":0,
        "rotZ":0.83464407920837,
        "rotY":0
      },
      "stats":{
        "magickaCurrent":140,
        "fatigueBase":193,
        "fatigueCurrent":193,
        "fatigueModified":193,
        "magickaBase":140,
        "healthModified":58,
        "healthBase":58,
        "healthCurrent":58,
        "magickaModified":140
      },
      "equipment":{
        "7":{
          "refId":"common_shoes_02",
          "count":1,
          "charge":-1,
          "enchantmentCharge":-1
        },
        "16":{
          "refId":"steel axe",
          "count":1,
          "charge":-1,
          "enchantmentCharge":-1
        },
        "11":{
          "refId":"common_robe_02_t",
          "count":1,
          "charge":-1,
          "enchantmentCharge":-1
        }
      },
      "inventory":[{
          "refId":"p_chameleon_s",
          "count":1,
          "charge":-1,
          "enchantmentCharge":-1,
          "soul":""
        },{
          "refId":"common_robe_02_t",
          "count":1,
          "charge":-1,
          "enchantmentCharge":-1,
          "soul":""
        },{
          "refId":"common_shoes_02",
          "count":1,
          "charge":-1,
          "enchantmentCharge":-1,
          "soul":""
        },{
          "refId":"steel axe",
          "count":1,
          "charge":-1,
          "enchantmentCharge":-1,
          "soul":""
        }],
      "goldPool":0,
      "lastGoldRestockHour":7.645143032074,
      "lastGoldRestockDay":22
    },
    "84465-0":{
      "refId":"ulyne henim",
      "location":{
        "posX":831.54418945313,
        "posY":3673.5964355469,
        "posZ":897.00616455078,
        "rotX":0,
        "rotZ":3.0269911289215,
        "rotY":0
      },
      "stats":{
        "magickaCurrent":143,
        "fatigueBase":210,
        "fatigueCurrent":210,
        "fatigueModified":210,
        "magickaBase":164,
        "healthModified":74,
        "healthBase":74,
        "healthCurrent":0,
        "magickaModified":164
      },
      "cellChangeFrom":"0, 22",
      "equipment":{
        "0":{
          "refId":"chitin helm",
          "count":1,
          "charge":-1,
          "enchantmentCharge":-1
        },
        "1":{
          "refId":"chitin cuirass",
          "count":1,
          "charge":-1,
          "enchantmentCharge":-1
        },
        "2":{
          "refId":"chitin greaves",
          "count":1,
          "charge":-1,
          "enchantmentCharge":-1
        },
        "7":{
          "refId":"chitin boots",
          "count":1,
          "charge":-1,
          "enchantmentCharge":-1
        },
        "9":{
          "refId":"common_pants_04",
          "count":1,
          "charge":-1,
          "enchantmentCharge":-1
        },
        "16":{
          "refId":"steel staff",
          "count":1,
          "charge":-1,
          "enchantmentCharge":-1
        }
      },
      "inventory":[{
          "refId":"chitin boots",
          "count":1,
          "charge":-1,
          "enchantmentCharge":-1,
          "soul":""
        },{
          "refId":"chitin greaves",
          "count":1,
          "charge":-1,
          "enchantmentCharge":-1,
          "soul":""
        },{
          "refId":"chitin cuirass",
          "count":1,
          "charge":-1,
          "enchantmentCharge":-1,