{
  "packets":{
    "actorList":[],
    "ai":[],
    "cellChangeFrom":[],
    "cellChangeTo":[],
    "container":["158970-0","158972-0"],
    "death":[],
    "delete":[],
    "doorState":[],
    "equipment":[],
    "lock":[],
    "place":["0-1111","0-1113","0-1114","0-1116","0-1118","0-1119","0-1123","0-1124"],
    "position":[],
    "scale":[],
    "spawn":[],
    "state":[],
    "statsDynamic":[],
    "trap":[],
    "spellsActive":[],
    "miscellaneous":[],
    "clientScriptLocal":[]
  },
  "entry":{
    "description":"Vivec, St. Delyn Waist North-Two",
    "creationTime":1717788689
  },
  "lastVisit":{
    "Benoit":1717789800,
    "Fidgug":1717789798
  },
  "recordLinks":[],
  "objectData":{
    "0-1123":{
      "refId":"key_ibardad",
      "location":{
        "posX":349.25750732422,
        "posY":-567.24572753906,
        "posZ":-30.414510726929,
        "rotX":0,
        "rotZ":2.1004450321198,
        "rotY":0
      }
    },
    "0-1124":{
      "refId":"key_palansour",
      "location":{
        "posX":346.34844970703,
        "posY":-571.22998046875,
        "posZ":-30.349630355835,
        "rotX":0,
        "rotZ":2.1004450321198,
        "rotY":0
      }
    },
    "0-1116":{
      "refId":"bk_specialfloraoftamriel",
      "location":{
        "posX":328.39697265625,
        "posY":-453.85638427734,
        "posZ":1.0204653739929,
        "rotX":0,
        "rotZ":1.5602371692657,
        "rotY":0
      }
    },
    "0-1119":{
      "refId":"bookskill_block3",
      "location":{
        "posX":329.71850585938,
        "posY":-453.07330322266,
        "posZ":13.037289619446,
        "rotX":0,
        "rotZ":1.5602371692657,
        "rotY":0
      }
    },
    "0-1111":{
      "refId":"bk_bookofdaedra",
      "location":{
        "posX":328.75289916992,
        "posY":-418.84564208984,
        "posZ":-4.9876480102539,
        "rotX":0,
        "rotZ":1.5602371692657,
        "rotY":0
      }
    },
    "0-1118":{
      "refId":"bookskill_acrobatics3",
      "location":{
        "posX":329.29479980469,
        "posY":-453.63079833984,
        "posZ":7.0288023948669,
        "rotX":0,
        "rotZ":1.5602371692657,
        "rotY":0
      }
    },
    "158972-0":{
      "refId":"de_r_closet_01_empty",
      "inventory":[]
    },
    "158970-0":{
      "refId":"de_r_chest_01_empty",
      "inventory":[{
          "refId":"iron spider dagger",
          "count":1,
          "charge":492,
          "enchantmentCharge":40,
          "soul":""
        },{
          "refId":"expensive_amulet_02",
          "count":1,
          "charge":-1,
          "enchantmentCharge":-1,
          "soul":""
        },{
          "refId":"p_restore_fatigue_s",
          "count":10,
          "charge":-1,
          "enchantmentCharge":-1,
          "soul":""
        },{
          "refId":"exquisite_ring_01",
          "count":1,
          "charge":-1,
          "enchantmentCharge":-1,
          "soul":""
        },{
          "refId":"extravagant_amulet_02",
          "count":1,
          "charge":-1,
          "enchantmentCharge":-1,
          "soul":""
        },{
          "refId":"extravagant_ring_02",
          "count":1,
          "charge":-1,
          "enchantmentCharge":-1,
          "soul":""
        },{
          "refId":"repair_journeyman_01",
          "count":8,
          "charge":-1,
          "enchantmentCharge":-1,
          "soul":""
        },{
          "refId":"misc_soulgem_grand",
          "count":1,
          "charge":0,
          "enchantmentCharge":-1,
          "soul":"winged twilight"
        },{
          "refId":"misc_soulgem_grand",
          "count":1,
          "charge":-1,
          "enchantmentCharge":-1,
          "soul":""
        },{
          "refId":"sparkstar",
          "count":20,
          "charge":-1,
          "enchantmentCharge":-1,
          "soul":""
        },{
          "refId":"steel throwing star",
          "count":46,
          "charge":-1,
          "enchantmentCharge":-1,
          "soul":""
        },{
          "refId":"boots of blinding speed[unique]",
          "count":1,
          "charge":-1,
          "enchantmentCharge":-1,
          "soul":""
        }]
    },
    "0-1114":{
      "refId":"bk_spiritofthedaedra",
      "location":{
        "posX":331.28341674805,
        "posY":-418.53503417969,
        "posZ":1.0207862854004,
        "rotX":0,
        "rotZ":1.5602371692657,
        "rotY":0
      }
    },
    "0-1113":{
      "refId":"bookskill_mercantile2",
      "charge":0,
      "location":{
        "posX":326.11694335938,
        "posY":-445.55682373047,
        "posZ":-4.9876642227173,
        "rotX":0,
        "rotZ":1.5602371692657,
        "rotY":0
      }
    }
  },
  "loadState":{
    "hasFullContainerData":true,
    "hasFullActorList":true
  }
}