{
  "packets":{
    "actorList":["217855-0","217856-0","217852-0","217853-0","217851-0","217854-0","217857-0"],
    "ai":[],
    "cellChangeFrom":[],
    "cellChangeTo":[],
    "container":["218015-0","217929-0","217930-0","218011-0","218012-0","218013-0","218014-0","218026-0","242098-0","335593-0","335594-0","335592-0","217853-0","217854-0","217855-0","217856-0","217857-0","217851-0","217852-0"],
    "death":[],
    "delete":[],
    "doorState":[],
    "equipment":["217852-0","217856-0","217857-0","217853-0","217855-0","217854-0","217851-0"],
    "lock":[],
    "place":[],
    "position":["217851-0","217852-0","217853-0","217854-0","217855-0","217856-0","217857-0"],
    "scale":[],
    "spawn":[],
    "state":[],
    "statsDynamic":["217851-0","217852-0","217853-0","217854-0","217855-0","217856-0","217857-0"],
    "trap":[],
    "spellsActive":[],
    "miscellaneous":["217851-0","217854-0"],
    "clientScriptLocal":[]
  },
  "entry":{
    "creationTime":1717785761,
    "description":"Vivec, Black Shalk Cornerclub"
  },
  "lastVisit":{
    "Fidgug":1717785845
  },
  "recordLinks":[],
  "objectData":{
    "217855-0":{
      "refId":"felvos droryn",
      "location":{
        "posX":315.42126464844,
        "posY":-229.32379150391,
        "posZ":-319,
        "rotX":-0.087321884930134,
        "rotZ":-2.5908324718475,
        "rotY":0
      },
      "stats":{
        "healthBase":46,
        "healthCurrent":46,
        "magickaBase":104,
        "healthModified":46,
        "magickaModified":104,
        "fatigueCurrent":157,
        "fatigueModified":157,
        "magickaCurrent":104,
        "fatigueBase":157
      },
      "equipment":{
        "7":{
          "refId":"common_shoes_01",
          "count":1,
          "charge":-1,
          "enchantmentCharge":-1
        },
        "8":{
          "refId":"common_shirt_01",
          "count":1,
          "charge":-1,
          "enchantmentCharge":-1
        },
        "16":{
          "refId":"chitin dagger",
          "count":1,
          "charge":-1,
          "enchantmentCharge":-1
        },
        "9":{
          "refId":"common_pants_04",
          "count":1,
          "charge":-1,
          "enchantmentCharge":-1
        }
      },
      "inventory":[{
          "refId":"common_shirt_01",
          "count":1,
          "charge":-1,
          "enchantmentCharge":-1,
          "soul":""
        },{
          "refId":"common_shoes_01",
          "count":1,
          "charge":-1,
          "enchantmentCharge":-1,
          "soul":""
        },{
          "refId":"common_pants_04",
          "count":1,
          "charge":-1,
          "enchantmentCharge":-1,
          "soul":""
        },{
          "refId":"chitin dagger",
          "count":1,
          "charge":-1,
          "enchantmentCharge":-1,
          "soul":""
        }]
    },
    "217856-0":{
      "refId":"huleeya",
      "location":{
        "posX":690.41986083984,
        "posY":-346.85479736328,
        "posZ":-63,
        "rotX":0,
        "rotZ":3.7269911766052,
        "rotY":0
      },
      "stats":{
        "healthBase":72,
        "healthCurrent":72,
        "magickaBase":120,
        "healthModified":72,
        "magickaModified":120,
        "fatigueCurrent":199,
        "fatigueModified":199,
        "magickaCurrent":120,
        "fatigueBase":199
      },
      "equipment":{
        "1":{
          "refId":"newtscale_cuirass",
          "count":1,
          "charge":-1,
          "enchantmentCharge":-1
        },
        "2":{
          "refId":"netch_leather_greaves",
          "count":1,
          "charge":-1,
          "enchantmentCharge":-1
        },
        "5":{
          "refId":"cloth bracer left",
          "count":1,
          "charge":-1,
          "enchantmentCharge":-1
        },
        "6":{
          "refId":"cloth bracer right",
          "count":1,
          "charge":-1,
          "enchantmentCharge":-1
        },
        "9":{
          "refId":"common_pants_03_b",
          "count":1,
          "charge":-1,
          "enchantmentCharge":-1
        },
        "16":{
          "refId":"imperial netch blade",
          "count":1,
          "charge":-1,
          "enchantmentCharge":-1
        }
      },
      "inventory":[{
          "refId":"p_restore_health_q",
          "count":2,
          "charge":-1,
          "enchantmentCharge":-1,
          "soul":""
        },{
          "refId":"p_restore_fatigue_q",
          "count":2,
          "charge":-1,
          "enchantmentCharge":-1,
          "soul":""
        },{
          "refId":"cloth bracer right",
          "count":1,
          "charge":-1,
          "enchantmentCharge":-1,
          "soul":""
        },{
          "refId":"cloth bracer left",
          "count":1,
          "charge":-1,
          "enchantmentCharge":-1,
          "soul":""
        },{
          "refId":"netch_leather_greaves",
          "count":1,
          "charge":-1,
          "enchantmentCharge":-1,
          "soul":""
        },{
          "refId":"newtscale_cuirass",
          "count":1,
          "charge":-1,
          "enchantmentCharge":-1,
          "soul":""
        },{
          "refId":"common_pants_03_b",
          "count":1,
          "charge":-1,
          "enchantmentCharge":-1,
          "soul":""
        },{
          "refId":"pick_journeyman_01",
          "count":2,
          "charge":-1,
          "enchantmentCharge":-1,
          "soul":""
        },{
          "refId":"probe_journeyman_01",
          "count":2,
          "charge":-1,
          "enchantmentCharge":-1,
          "soul":""
        },{
          "refId":"cruel sparkstar",
          "count":20,
          "charge":-1,
          "enchantmentCharge":-1,
          "soul":""
        },{
          "refId":"imperial netch blade",
          "count":1,
          "charge":-1,
          "enchantmentCharge":-1,
          "soul":""
        }]
    },
    "217857-0":{
      "refId":"hylf the harrier",
      "location":{
        "posX":499.04122924805,
        "posY":-42.363929748535,
        "posZ":-319,
        "rotX":0.011222946457565,
        "rotZ":-0.063608646392822,
        "rotY":0
      },
      "stats":{
        "healthBase":121,
        "healthCurrent":121,
        "magickaBase":72,
        "healthModified":121,
        "magickaModified":72,
        "fatigueCurrent":244,
        "fatigueModified":244,
        "magickaCurrent":72,
        "fatigueBase":244
      },
      "equipment":{
        "1":{
          "refId":"nordic_ringmail_cuirass",
          "count":1,
          "charge":-1,
          "enchantmentCharge":-1
        },
        "7":{
          "refId":"fur_boots",
          "count":1,
          "charge":-1,
          "enchantmentCharge":-1
        },
        "8":{
          "refId":"common_shirt_02",
          "count":1,
          "charge":-1,
          "enchantmentCharge":-1
        },
        "9":{
          "refId":"common_pants_05",
          "count":1,
          "charge":-1,
          "enchantmentCharge":-1
        },
        "16":{
          "refId":"steel war axe",
          "count":1,
          "charge":-1,
          "enchantmentCharge":-1
        }
      },
      "inventory":[{
          "refId":"fur_boots",
          "count":1,
          "charge":-1,
          "enchantmentCharge":-1,
          "soul":""
        },{
          "refId":"nordic_ringmail_cuirass",
          "count":1,
          "charge":-1,
          "enchantmentCharge":-1,
          "soul":""
        },{
          "refId":"common_shirt_02",
          "count":1,
          "charge":-1,
          "enchantmentCharge":-1,
          "soul":""
        },{
          "refId":"common_pants_05",
          "count":1,
          "charge":-1,
          "enchantmentCharge":-1,
          "soul":""
        },{
          "refId":"gold_001",
          "count":16,
          "charge":-1,
          "enchantmentCharge":-1,
          "soul":""
        },{
          "refId":"steel war axe",
          "count":1,
          "charge":-1,