{
  "packets":{
    "actorList":["0-1462","0-1463","0-1464","136708-0","136711-0","0-1467"],
    "ai":[],
    "cellChangeFrom":[],
    "cellChangeTo":[],
    "container":["377427-0","377428-0","377429-0","377434-0","377435-0","136708-0","136711-0","0-1462","0-1463","0-1464","0-1467"],
    "death":["0-1464","136711-0","136708-0","0-1462","0-1463","0-1467"],
    "delete":["377430-0","377431-0","377436-0","377437-0","377438-0","377425-0","476712-0","136702-0","136701-0","377424-0","377423-0","136700-0","136665-0"],
    "doorState":[],
    "equipment":["136708-0","136711-0","0-1462","0-1463","0-1464","0-1467"],
    "lock":["377428-0","377429-0","377435-0","377427-0"],
    "place":[],
    "position":["136708-0","136711-0","0-1462","0-1463","0-1464","0-1467"],
    "scale":[],
    "spawn":["0-1462","0-1463","0-1464","0-1467"],
    "state":[],
    "statsDynamic":["136708-0","136711-0","0-1462","0-1463","0-1464","0-1467"],
    "trap":[],
    "miscellaneous":[],
    "clientScriptLocal":[],
    "spellsActive":["0-1464","0-1463","0-1467"]
  },
  "entry":{
    "description":"Yasammidan, Shrine",
    "creationTime":1723744366
  },
  "lastVisit":{
    "Benoit":1723745019,
    "Fidgug":1723745018
  },
  "recordLinks":[],
  "objectData":{
    "136665-0":{
      "refId":"misc_com_metal_plate_04"
    },
    "377436-0":{
      "refId":"p_chameleon_c"
    },
    "377431-0":{
      "refId":"sc_psychicprison"
    },
    "377424-0":{
      "refId":"ingred_emerald_01"
    },
    "0-1462":{
      "refId":"dremora",
      "location":{
        "posY":4993.5385742188,
        "posZ":-382.99188232422,
        "rotX":-0.042364224791527,
        "rotZ":2.5578010082245,
        "rotY":0,
        "posX":-31.906930923462
      },
      "stats":{
        "healthBase":160,
        "healthCurrent":0,
        "magickaBase":100,
        "magickaModified":100,
        "fatigueBase":400,
        "fatigueCurrent":284.27700805664,
        "fatigueModified":400,
        "magickaCurrent":40,
        "healthModified":160
      },
      "equipment":{
        "16":{
          "refId":"dwarven claymore",
          "count":1,
          "charge":3473,
          "enchantmentCharge":-1
        }
      },
      "inventory":[{
          "refId":"dwarven claymore",
          "count":1,
          "charge":3473,
          "enchantmentCharge":-1,
          "soul":""
        }],
      "killer":{
        "playerName":"Fidgug"
      },
      "deathState":46,
      "spellsActive":[]
    },
    "377427-0":{
      "refId":"de_p_chest_02_potions",
      "inventory":[],
      "lockLevel":0
    },
    "0-1464":{
      "refId":"dremora",
      "location":{
        "posY":4862.8354492188,
        "posZ":-417.09420776367,
        "rotX":-0.43634310364723,
        "rotZ":1.6314799785614,
        "rotY":0,
        "posX":-383.73620605469
      },
      "stats":{
        "healthBase":160,
        "healthCurrent":0,
        "magickaBase":100,
        "magickaModified":100,
        "fatigueBase":400,
        "fatigueCurrent":390.29058837891,
        "fatigueModified":400,
        "magickaCurrent":40,
        "healthModified":160
      },
      "equipment":{
        "16":{
          "refId":"dwarven warhammer",
          "count":1,
          "charge":4986,
          "enchantmentCharge":-1
        }
      },
      "inventory":[{
          "refId":"dwarven warhammer",
          "count":1,
          "charge":4986,
          "enchantmentCharge":-1,
          "soul":""
        }],
      "killer":{
        "playerName":"Fidgug"
      },
      "deathState":39,
      "spellsActive":{
        "second barrier":[{
            "startTime":1723744370,
            "stackingState":false,
            "displayName":"Second Barrier",
            "effects":[{
                "id":3,
                "timeLeft":30,
                "magnitude":20,
                "arg":-1,
                "duration":30
              }],
            "caster":{
              "refId":"dremora",
              "uniqueIndex":"0-0"
            }
          }]
      }
    },
    "377428-0":{
      "refId":"com_chest_02_tomb_rare",
      "inventory":[],
      "lockLevel":0
    },
    "377429-0":{
      "refId":"com_chest_02_gold_25",
      "inventory":[],
      "lockLevel":0
    },
    "377434-0":{
      "refId":"com_sack_02_gold_05",
      "inventory":[{
          "refId":"common_shoes_03",
          "count":1,
          "charge":-1,
          "enchantmentCharge":-1,
          "soul":""
        },{
          "refId":"common_shoes_05",
          "count":1,
          "charge":-1,
          "enchantmentCharge":-1,
          "soul":""
        },{
          "refId":"expensive_belt_02",
          "count":1,
          "charge":-1,
          "enchantmentCharge":-1,
          "soul":""
        }]
    },
    "377437-0":{
      "refId":"p_fire_shield_q"
    },
    "377435-0":{
      "refId":"de_r_chest_01_potion_al",
      "inventory":[],
      "lockLevel":0
    },
    "136708-0":{
      "refId":"mindeli saren",
      "location":{
        "posY":4641.8955078125,
        "posZ":-482.08276367188,
        "rotX":0,
        "rotZ":1.599999666214,
        "rotY":0,
        "posX":-514.28491210938
      },
      "stats":{
        "healthBase":182,
        "healthCurrent":0,
        "magickaBase":106,
        "magickaModified":106,
        "fatigueBase":286,
        "fatigueCurrent":40.267135620117,
        "fatigueModified":286,
        "magickaCurrent":106,
        "healthModified":182
      },
      "equipment":{
        "1":{
          "refId":"steel_cuirass",
          "count":1,
          "charge":398,
          "enchantmentCharge":-1
        },
        "2":{
          "refId":"steel_greaves",
          "count":1,
          "charge":-1,
          "enchantmentCharge":-1
        },
        "3":{
          "refId":"steel_pauldron_left",
          "count":1,
          "charge":-1,
          "enchantmentCharge":-1
        },
        "4":{
          "refId":"steel_pauldron_right",
          "count":1,
          "charge":133,
          "enchantmentCharge":-1
        },
        "7":{
          "refId":"steel_boots",
          "count":1,
          "charge":140,
          "enchantmentCharge":-1
        },
        "15":{
          "refId":"sanguinebeltstolidarmor",
          "count":1,
          "charge":-1,
          "enchantmentCharge":-1
        },
        "16":{
          "refId":"silver sparksword",
          "count":1,
          "charge":-1,
          "enchantmentCharge":-1
        },
        "17":{
          "refId":"steel_shield",
          "count":1,
          "charge":228,
          "enchantmentCharge":-1
        }
      },
      "inventory":[{
          "refId":"steel_shield",
          "count":1,
          "charge":228,
          "enchantmentCharge":-1,
          "soul":""
        },{
          "refId":"steel_boots",
          "count":1,
          "charge":140,
          "enchantmentCharge":-1,
          "soul":""
        },{
          "refId":"steel_greaves",
          "count":1,
          "charge":-1,
          "enchantmentCharge":-1,
          "soul":""
        },{
          "refId":"steel_pauldron_right",
          "count":1,
          "charge":133,
          "enchantmentCharge":-1,
          "soul":""
        },{
          "refId":"steel_pauldron_left",
          "count":1,
          "charge":-1,
          "enchantmentCharge":-1,
          "soul":""
        },{
          "refId":"steel_cuirass",
          "count":1,
          "charge":398,
          "enchantmentCharge":-1,
          "soul":""
        },{
          "refId":"sanguinebeltstolidarmor",
          "count":1,
          "charge":-1,
          "enchantmentCharge":-1,
          "soul":""
        },{
          "refId":"silver sparksword",
          "count":1,
          "charge":705,
          "enchantmentCharge":0,
          "soul":""
        }],
      "killer":{
        "playerName":"Fidgug"
      },
      "deathState":40,
      "spellsActive":[]
    },
    "377423-0":{
      "refId":"ingred_diamond_01"
    },